{"type": "FeatureCollection", "metadata": {"source": "GBIF", "updated": "2026-09-26T21:45:44+00:00"}, "features": [{"type": "Feature", "geometry": {"type": "Point", "coordinates": [-61.789575, 16.168088]}, "properties": {"taxon": "Anolis marmoratus", "scientificName": "Anolis marmoratus Dum\u00e9ril & Bibron, 1837", "date": "2026-01-05", "basis": "HUMAN_OBSERVATION", "dataset": "iNaturalist research-grade observations", "gbifID": "5938477565"}}, {"type": "Feature", "geometry": {"type": "Point", "coordinates": [-61.782997, 16.176979]}, "properties": {"taxon": "Anolis marmoratus", "scientificName": "Anolis marmoratus Dum\u00e9ril & Bibron, 1837", "date": "2026-01-03", "basis": "HUMAN_OBSERVATION", "dataset": "iNaturalist research-grade observations", "gbifID": "5938527565"}}, {"type": "Feature", "geometry": {"type": "Point", "coordinates": [-61.607328, 16.122172]}, "properties": {"taxon": "Anolis marmoratus", "scientificName": "Anolis marmoratus Dum\u00e9ril & Bibron, 1837", "date": "2026-01-09", "basis": "HUMAN_OBSERVATION", "dataset": "iNaturalist research-grade observations", "gbifID": "6129830285"}}, {"type": "Feature", "geometry": {"type": "Point", "coordinates": [-61.652283, 16.045604]}, "properties": {"taxon": "Anolis marmoratus", "scientificName": "Anolis marmoratus marmoratus Dum\u00e9ril & Bibron, 1837", "date": "2026-01-14", "basis": "HUMAN_OBSERVATION", "dataset": "iNaturalist research-grade observations", "gbifID": "6129890880"}}, {"type": "Feature", "geometry": {"type": "Point", "coordinates": [-61.576042, 16.132161]}, "properties": {"taxon": "Anolis marmoratus", "scientificName": "Anolis marmoratus Dum\u00e9ril & Bibron, 1837", "date": "2026-01-09", "basis": "HUMAN_OBSERVATION", "dataset": "iNaturalist research-grade observations", "gbifID": "6129972445"}}, {"type": "Feature", "geometry": {"type": "Point", "coordinates": [-61.62802, 16.028473]}, "properties": {"taxon": "Anolis marmoratus", "scientificName": "Anolis marmoratus Dum\u00e9ril & Bibron, 1837", "date": "2026-01-16", "basis": "HUMAN_OBSERVATION", "dataset": "iNaturalist research-grade observations", "gbifID": "6130519266"}}, {"type": "Feature", "geometry": {"type": "Point", "coordinates": [-61.711498, 16.335346]}, "properties": {"taxon": "Anolis marmoratus", "scientificName": "Anolis marmoratus Dum\u00e9ril & Bibron, 1837", "date": "2026-01-09", "basis": "HUMAN_OBSERVATION", "dataset": "iNaturalist research-grade observations", "gbifID": "6130658240"}}, {"type": "Feature", "geometry": {"type": "Point", "coordinates": [-61.782817, 16.176021]}, "properties": {"taxon": "Anolis marmoratus", "scientificName": "Anolis marmoratus Dum\u00e9ril & Bibron, 1837", "date": "2026-01-08", "basis": "HUMAN_OBSERVATION", "dataset": "iNaturalist research-grade observations", "gbifID": "6130788665"}}, {"type": "Feature", "geometry": {"type": "Point", "coordinates": [-61.628053, 16.028364]}, "properties": {"taxon": "Anolis marmoratus", "scientificName": "Anolis marmoratus Dum\u00e9ril & Bibron, 1837", "date": "2026-01-16", "basis": "HUMAN_OBSERVATION", "dataset": "iNaturalist research-grade observations", "gbifID": "6131040455"}}, {"type": "Feature", "geometry": {"type": "Point", "coordinates": [-61.652895, 16.106383]}, "properties": {"taxon": "Anolis marmoratus", "scientificName": "Anolis marmoratus Dum\u00e9ril & Bibron, 1837", "date": "2026-01-28", "basis": "HUMAN_OBSERVATION", "dataset": "iNaturalist research-grade observations", "gbifID": "6133291358"}}, {"type": "Feature", "geometry": {"type": "Point", "coordinates": [-61.793917, 16.283558]}, "properties": {"taxon": "Anolis marmoratus", "scientificName": "Anolis marmoratus Dum\u00e9ril & Bibron, 1837", "date": "2026-01-30", "basis": "HUMAN_OBSERVATION", "dataset": "iNaturalist research-grade observations", "gbifID": "6133293982"}}, {"type": "Feature", "geometry": {"type": "Point", "coordinates": [-61.797643, 16.299184]}, "properties": {"taxon": "Anolis marmoratus", "scientificName": "Anolis marmoratus Dum\u00e9ril & Bibron, 1837", "date": "2026-01-24", "basis": "HUMAN_OBSERVATION", "dataset": "iNaturalist research-grade observations", "gbifID": "6170821116"}}, {"type": "Feature", "geometry": {"type": "Point", "coordinates": [-61.717354, 15.994467]}, "properties": {"taxon": "Anolis marmoratus", "scientificName": "Anolis marmoratus Dum\u00e9ril & Bibron, 1837", "date": "2026-02-02", "basis": "HUMAN_OBSERVATION", "dataset": "iNaturalist research-grade observations", "gbifID": "6147318306"}}, {"type": "Feature", "geometry": {"type": "Point", "coordinates": [-61.588128, 16.182737]}, "properties": {"taxon": "Anolis marmoratus", "scientificName": "Anolis marmoratus Dum\u00e9ril & Bibron, 1837", "date": "2026-02-05", "basis": "HUMAN_OBSERVATION", "dataset": "iNaturalist research-grade observations", "gbifID": "6147506540"}}, {"type": "Feature", "geometry": {"type": "Point", "coordinates": [-61.787003, 16.321542]}, "properties": {"taxon": "Anolis marmoratus", "scientificName": "Anolis marmoratus Dum\u00e9ril & Bibron, 1837", "date": "2026-02-06", "basis": "HUMAN_OBSERVATION", "dataset": "iNaturalist research-grade observations", "gbifID": "6147549489"}}, {"type": "Feature", "geometry": {"type": "Point", "coordinates": [-61.638133, 16.042136]}, "properties": {"taxon": "Anolis marmoratus", "scientificName": "Anolis marmoratus Dum\u00e9ril & Bibron, 1837", "date": "2026-02-12", "basis": "HUMAN_OBSERVATION", "dataset": "iNaturalist research-grade observations", "gbifID": "6159133647"}}, {"type": "Feature", "geometry": {"type": "Point", "coordinates": [-61.639053, 16.041908]}, "properties": {"taxon": "Anolis marmoratus", "scientificName": "Anolis marmoratus Dum\u00e9ril & Bibron, 1837", "date": "2026-02-12", "basis": "HUMAN_OBSERVATION", "dataset": "iNaturalist research-grade observations", "gbifID": "6159207989"}}, {"type": "Feature", "geometry": {"type": "Point", "coordinates": [-61.638138, 16.042117]}, "properties": {"taxon": "Anolis marmoratus", "scientificName": "Anolis marmoratus Dum\u00e9ril & Bibron, 1837", "date": "2026-02-12", "basis": "HUMAN_OBSERVATION", "dataset": "iNaturalist research-grade observations", "gbifID": "6159361302"}}, {"type": "Feature", "geometry": {"type": "Point", "coordinates": [-61.643833, 16.043367]}, "properties": {"taxon": "Anolis marmoratus", "scientificName": "Anolis marmoratus Dum\u00e9ril & Bibron, 1837", "date": "2026-02-12", "basis": "HUMAN_OBSERVATION", "dataset": "iNaturalist research-grade observations", "gbifID": "6159471697"}}, {"type": "Feature", "geometry": {"type": "Point", "coordinates": [-61.750683, 16.180937]}, "properties": {"taxon": "Anolis marmoratus", "scientificName": "Anolis marmoratus Dum\u00e9ril & Bibron, 1837", "date": "2026-02-09", "basis": "HUMAN_OBSERVATION", "dataset": "iNaturalist research-grade observations", "gbifID": "6159566960"}}, {"type": "Feature", "geometry": {"type": "Point", "coordinates": [-61.798627, 16.299022]}, "properties": {"taxon": "Anolis marmoratus", "scientificName": "Anolis marmoratus Dum\u00e9ril & Bibron, 1837", "date": "2026-02-10", "basis": "HUMAN_OBSERVATION", "dataset": "iNaturalist research-grade observations", "gbifID": "6162813983"}}, {"type": "Feature", "geometry": {"type": "Point", "coordinates": [-61.670655, 16.010853]}, "properties": {"taxon": "Anolis marmoratus", "scientificName": "Anolis marmoratus Dum\u00e9ril & Bibron, 1837", "date": "2026-02-18", "basis": "HUMAN_OBSERVATION", "dataset": "iNaturalist research-grade observations", "gbifID": "6163313559"}}, {"type": "Feature", "geometry": {"type": "Point", "coordinates": [-61.625075, 16.228087]}, "properties": {"taxon": "Anolis marmoratus", "scientificName": "Anolis marmoratus Dum\u00e9ril & Bibron, 1837", "date": "2026-02-24", "basis": "HUMAN_OBSERVATION", "dataset": "iNaturalist research-grade observations", "gbifID": "6171005126"}}, {"type": "Feature", "geometry": {"type": "Point", "coordinates": [-61.782169, 16.319663]}, "properties": {"taxon": "Anolis marmoratus", "scientificName": "Anolis marmoratus Dum\u00e9ril & Bibron, 1837", "date": "2026-02-27", "basis": "HUMAN_OBSERVATION", "dataset": "iNaturalist research-grade observations", "gbifID": "6171243023"}}, {"type": "Feature", "geometry": {"type": "Point", "coordinates": [-61.721794, 15.987971]}, "properties": {"taxon": "Anolis marmoratus", "scientificName": "Anolis marmoratus Dum\u00e9ril & Bibron, 1837", "date": "2026-02-26", "basis": "HUMAN_OBSERVATION", "dataset": "iNaturalist research-grade observations", "gbifID": "6171267089"}}, {"type": "Feature", "geometry": {"type": "Point", "coordinates": [-61.768209, 16.151758]}, "properties": {"taxon": "Anolis marmoratus", "scientificName": "Anolis marmoratus Dum\u00e9ril & Bibron, 1837", "date": "2026-02-27", "basis": "HUMAN_OBSERVATION", "dataset": "iNaturalist research-grade observations", "gbifID": "6178329939"}}, {"type": "Feature", "geometry": {"type": "Point", "coordinates": [-61.76815, 16.151636]}, "properties": {"taxon": "Anolis marmoratus", "scientificName": "Anolis marmoratus Dum\u00e9ril & Bibron, 1837", "date": "2026-02-27", "basis": "HUMAN_OBSERVATION", "dataset": "iNaturalist research-grade observations", "gbifID": "6178571676"}}, {"type": "Feature", "geometry": {"type": "Point", "coordinates": [-61.47854, 16.211108]}, "properties": {"taxon": "Anolis marmoratus", "scientificName": "Anolis marmoratus Dum\u00e9ril & Bibron, 1837", "date": "2026-02-19", "basis": "HUMAN_OBSERVATION", "dataset": "iNaturalist research-grade observations", "gbifID": "6178794472"}}, {"type": "Feature", "geometry": {"type": "Point", "coordinates": [-61.779157, 16.174611]}, "properties": {"taxon": "Anolis marmoratus", "scientificName": "Anolis marmoratus Dum\u00e9ril & Bibron, 1837", "date": "2026-02-27", "basis": "HUMAN_OBSERVATION", "dataset": "iNaturalist research-grade observations", "gbifID": "6179201747"}}, {"type": "Feature", "geometry": {"type": "Point", "coordinates": [-61.779012, 16.17463]}, "properties": {"taxon": "Anolis marmoratus", "scientificName": "Anolis marmoratus Dum\u00e9ril & Bibron, 1837", "date": "2026-02-27", "basis": "HUMAN_OBSERVATION", "dataset": "iNaturalist research-grade observations", "gbifID": "6179275859"}}, {"type": "Feature", "geometry": {"type": "Point", "coordinates": [-61.793883, 16.283538]}, "properties": {"taxon": "Anolis marmoratus", "scientificName": "Anolis marmoratus Dum\u00e9ril & Bibron, 1837", "date": "2026-02-02", "basis": "HUMAN_OBSERVATION", "dataset": "iNaturalist research-grade observations", "gbifID": "6185155624"}}, {"type": "Feature", "geometry": {"type": "Point", "coordinates": [-61.727569, 16.048194]}, "properties": {"taxon": "Anolis marmoratus", "scientificName": "Anolis marmoratus Dum\u00e9ril & Bibron, 1837", "date": "2026-02-02", "basis": "HUMAN_OBSERVATION", "dataset": "iNaturalist research-grade observations", "gbifID": "6399927591"}}, {"type": "Feature", "geometry": {"type": "Point", "coordinates": [-61.700203, 15.94857]}, "properties": {"taxon": "Anolis marmoratus", "scientificName": "Anolis marmoratus Dum\u00e9ril & Bibron, 1837", "date": "2026-03-12", "basis": "HUMAN_OBSERVATION", "dataset": "iNaturalist research-grade observations", "gbifID": "6178398667"}}, {"type": "Feature", "geometry": {"type": "Point", "coordinates": [-61.630993, 16.168717]}, "properties": {"taxon": "Anolis marmoratus", "scientificName": "Anolis marmoratus Dum\u00e9ril & Bibron, 1837", "date": "2026-03-01", "basis": "HUMAN_OBSERVATION", "dataset": "iNaturalist research-grade observations", "gbifID": "6178415444"}}, {"type": "Feature", "geometry": {"type": "Point", "coordinates": [-61.707213, 15.952438]}, "properties": {"taxon": "Anolis marmoratus", "scientificName": "Anolis marmoratus Dum\u00e9ril & Bibron, 1837", "date": "2026-03-12", "basis": "HUMAN_OBSERVATION", "dataset": "iNaturalist research-grade observations", "gbifID": "6178488453"}}, {"type": "Feature", "geometry": {"type": "Point", "coordinates": [-61.761028, 16.21008]}, "properties": {"taxon": "Anolis marmoratus", "scientificName": "Anolis marmoratus Dum\u00e9ril & Bibron, 1837", "date": "2026-03-13", "basis": "HUMAN_OBSERVATION", "dataset": "iNaturalist research-grade observations", "gbifID": "6178507313"}}, {"type": "Feature", "geometry": {"type": "Point", "coordinates": [-61.76132, 16.209803]}, "properties": {"taxon": "Anolis marmoratus", "scientificName": "Anolis marmoratus Dum\u00e9ril & Bibron, 1837", "date": "2026-03-13", "basis": "HUMAN_OBSERVATION", "dataset": "iNaturalist research-grade observations", "gbifID": "6178521677"}}, {"type": "Feature", "geometry": {"type": "Point", "coordinates": [-61.796197, 16.281642]}, "properties": {"taxon": "Anolis marmoratus", "scientificName": "Anolis marmoratus Dum\u00e9ril & Bibron, 1837", "date": "2026-03-12", "basis": "HUMAN_OBSERVATION", "dataset": "iNaturalist research-grade observations", "gbifID": "6178575055"}}, {"type": "Feature", "geometry": {"type": "Point", "coordinates": [-61.789047, 16.321083]}, "properties": {"taxon": "Anolis marmoratus", "scientificName": "Anolis marmoratus Dum\u00e9ril & Bibron, 1837", "date": "2026-03-15", "basis": "HUMAN_OBSERVATION", "dataset": "iNaturalist research-grade observations", "gbifID": "6178598497"}}, {"type": "Feature", "geometry": {"type": "Point", "coordinates": [-61.629672, 16.275126]}, "properties": {"taxon": "Anolis marmoratus", "scientificName": "Anolis marmoratus Dum\u00e9ril & Bibron, 1837", "date": "2026-03-01", "basis": "HUMAN_OBSERVATION", "dataset": "iNaturalist research-grade observations", "gbifID": "6178650039"}}, {"type": "Feature", "geometry": {"type": "Point", "coordinates": [-61.700112, 15.948662]}, "properties": {"taxon": "Anolis marmoratus", "scientificName": "Anolis marmoratus Dum\u00e9ril & Bibron, 1837", "date": "2026-03-12", "basis": "HUMAN_OBSERVATION", "dataset": "iNaturalist research-grade observations", "gbifID": "6178747420"}}, {"type": "Feature", "geometry": {"type": "Point", "coordinates": [-61.700067, 15.9486]}, "properties": {"taxon": "Anolis marmoratus", "scientificName": "Anolis marmoratus Dum\u00e9ril & Bibron, 1837", "date": "2026-03-12", "basis": "HUMAN_OBSERVATION", "dataset": "iNaturalist research-grade observations", "gbifID": "6178763316"}}, {"type": "Feature", "geometry": {"type": "Point", "coordinates": [-61.700203, 15.948563]}, "properties": {"taxon": "Anolis marmoratus", "scientificName": "Anolis marmoratus Dum\u00e9ril & Bibron, 1837", "date": "2026-03-12", "basis": "HUMAN_OBSERVATION", "dataset": "iNaturalist research-grade observations", "gbifID": "6178764903"}}, {"type": "Feature", "geometry": {"type": "Point", "coordinates": [-61.680845, 16.178966]}, "properties": {"taxon": "Anolis marmoratus", "scientificName": "Anolis marmoratus Dum\u00e9ril & Bibron, 1837", "date": "2026-03-04", "basis": "HUMAN_OBSERVATION", "dataset": "iNaturalist research-grade observations", "gbifID": "6178778072"}}, {"type": "Feature", "geometry": {"type": "Point", "coordinates": [-61.761263, 16.21005]}, "properties": {"taxon": "Anolis marmoratus", "scientificName": "Anolis marmoratus Dum\u00e9ril & Bibron, 1837", "date": "2026-03-13", "basis": "HUMAN_OBSERVATION", "dataset": "iNaturalist research-grade observations", "gbifID": "6178804908"}}, {"type": "Feature", "geometry": {"type": "Point", "coordinates": [-61.780098, 16.207794]}, "properties": {"taxon": "Anolis marmoratus", "scientificName": "Anolis marmoratus Dum\u00e9ril & Bibron, 1837", "date": "2026-03-10", "basis": "HUMAN_OBSERVATION", "dataset": "iNaturalist research-grade observations", "gbifID": "6178822743"}}, {"type": "Feature", "geometry": {"type": "Point", "coordinates": [-61.59634, 16.108454]}, "properties": {"taxon": "Anolis marmoratus", "scientificName": "Anolis marmoratus Dum\u00e9ril & Bibron, 1837", "date": "2026-03-03", "basis": "HUMAN_OBSERVATION", "dataset": "iNaturalist research-grade observations", "gbifID": "6178892575"}}, {"type": "Feature", "geometry": {"type": "Point", "coordinates": [-61.631782, 16.168622]}, "properties": {"taxon": "Anolis marmoratus", "scientificName": "Anolis marmoratus Dum\u00e9ril & Bibron, 1837", "date": "2026-03-01", "basis": "HUMAN_OBSERVATION", "dataset": "iNaturalist research-grade observations", "gbifID": "6178895385"}}, {"type": "Feature", "geometry": {"type": "Point", "coordinates": [-61.790037, 16.168537]}, "properties": {"taxon": "Anolis marmoratus", "scientificName": "Anolis marmoratus Dum\u00e9ril & Bibron, 1837", "date": "2026-03-13", "basis": "HUMAN_OBSERVATION", "dataset": "iNaturalist research-grade observations", "gbifID": "6178954549"}}, {"type": "Feature", "geometry": {"type": "Point", "coordinates": [-61.62725, 16.029386]}, "properties": {"taxon": "Anolis marmoratus", "scientificName": "Anolis marmoratus Dum\u00e9ril & Bibron, 1837", "date": "2026-03-12", "basis": "HUMAN_OBSERVATION", "dataset": "iNaturalist research-grade observations", "gbifID": "6179044204"}}, {"type": "Feature", "geometry": {"type": "Point", "coordinates": [-61.259687, 15.884044]}, "properties": {"taxon": "Anolis marmoratus", "scientificName": "Anolis marmoratus Dum\u00e9ril & Bibron, 1837", "date": "2026-03-05", "basis": "HUMAN_OBSERVATION", "dataset": "iNaturalist research-grade observations", "gbifID": "6179056722"}}, {"type": "Feature", "geometry": {"type": "Point", "coordinates": [-61.751339, 16.181106]}, "properties": {"taxon": "Anolis marmoratus", "scientificName": "Anolis marmoratus Dum\u00e9ril & Bibron, 1837", "date": "2026-03-04", "basis": "HUMAN_OBSERVATION", "dataset": "iNaturalist research-grade observations", "gbifID": "6179158778"}}, {"type": "Feature", "geometry": {"type": "Point", "coordinates": [-61.625747, 16.026956]}, "properties": {"taxon": "Anolis marmoratus", "scientificName": "Anolis marmoratus Dum\u00e9ril & Bibron, 1837", "date": "2026-03-12", "basis": "HUMAN_OBSERVATION", "dataset": "iNaturalist research-grade observations", "gbifID": "6179295100"}}, {"type": "Feature", "geometry": {"type": "Point", "coordinates": [-61.700072, 15.948642]}, "properties": {"taxon": "Anolis marmoratus", "scientificName": "Anolis marmoratus Dum\u00e9ril & Bibron, 1837", "date": "2026-03-15", "basis": "HUMAN_OBSERVATION", "dataset": "iNaturalist research-grade observations", "gbifID": "6179403439"}}, {"type": "Feature", "geometry": {"type": "Point", "coordinates": [-61.383961, 16.232727]}, "properties": {"taxon": "Anolis marmoratus", "scientificName": "Anolis marmoratus Dum\u00e9ril & Bibron, 1837", "date": "2026-03-11", "basis": "HUMAN_OBSERVATION", "dataset": "iNaturalist research-grade observations", "gbifID": "6179411162"}}, {"type": "Feature", "geometry": {"type": "Point", "coordinates": [-61.70012, 15.948595]}, "properties": {"taxon": "Anolis marmoratus", "scientificName": "Anolis marmoratus Dum\u00e9ril & Bibron, 1837", "date": "2026-03-14", "basis": "HUMAN_OBSERVATION", "dataset": "iNaturalist research-grade observations", "gbifID": "6179413463"}}, {"type": "Feature", "geometry": {"type": "Point", "coordinates": [-61.631266, 16.168719]}, "properties": {"taxon": "Anolis marmoratus", "scientificName": "Anolis marmoratus Dum\u00e9ril & Bibron, 1837", "date": "2026-03-01", "basis": "HUMAN_OBSERVATION", "dataset": "iNaturalist research-grade observations", "gbifID": "6179482358"}}, {"type": "Feature", "geometry": {"type": "Point", "coordinates": [-61.627742, 15.98018]}, "properties": {"taxon": "Anolis marmoratus", "scientificName": "Anolis marmoratus Dum\u00e9ril & Bibron, 1837", "date": "2026-03-12", "basis": "HUMAN_OBSERVATION", "dataset": "iNaturalist research-grade observations", "gbifID": "6179484075"}}, {"type": "Feature", "geometry": {"type": "Point", "coordinates": [-61.627, 16.028989]}, "properties": {"taxon": "Anolis marmoratus", "scientificName": "Anolis marmoratus Dum\u00e9ril & Bibron, 1837", "date": "2026-03-12", "basis": "HUMAN_OBSERVATION", "dataset": "iNaturalist research-grade observations", "gbifID": "6179489081"}}, {"type": "Feature", "geometry": {"type": "Point", "coordinates": [-61.695862, 16.334392]}, "properties": {"taxon": "Anolis marmoratus", "scientificName": "Anolis marmoratus Dum\u00e9ril & Bibron, 1837", "date": "2026-03-15", "basis": "HUMAN_OBSERVATION", "dataset": "iNaturalist research-grade observations", "gbifID": "6179557080"}}, {"type": "Feature", "geometry": {"type": "Point", "coordinates": [-61.744186, 16.104026]}, "properties": {"taxon": "Anolis marmoratus", "scientificName": "Anolis marmoratus Dum\u00e9ril & Bibron, 1837", "date": "2026-03-25", "basis": "HUMAN_OBSERVATION", "dataset": "iNaturalist research-grade observations", "gbifID": "6184815801"}}, {"type": "Feature", "geometry": {"type": "Point", "coordinates": [-61.213947, 16.257812]}, "properties": {"taxon": "Anolis marmoratus", "scientificName": "Anolis marmoratus Dum\u00e9ril & Bibron, 1837", "date": "2026-03-18", "basis": "HUMAN_OBSERVATION", "dataset": "iNaturalist research-grade observations", "gbifID": "6184839689"}}, {"type": "Feature", "geometry": {"type": "Point", "coordinates": [-61.286889, 16.246764]}, "properties": {"taxon": "Anolis marmoratus", "scientificName": "Anolis marmoratus Dum\u00e9ril & Bibron, 1837", "date": "2026-03-20", "basis": "HUMAN_OBSERVATION", "dataset": "iNaturalist research-grade observations", "gbifID": "6185057414"}}, {"type": "Feature", "geometry": {"type": "Point", "coordinates": [-61.288471, 16.246432]}, "properties": {"taxon": "Anolis marmoratus", "scientificName": "Anolis marmoratus Dum\u00e9ril & Bibron, 1837", "date": "2026-03-17", "basis": "HUMAN_OBSERVATION", "dataset": "iNaturalist research-grade observations", "gbifID": "6185185948"}}, {"type": "Feature", "geometry": {"type": "Point", "coordinates": [-61.797733, 16.300066]}, "properties": {"taxon": "Anolis marmoratus", "scientificName": "Anolis marmoratus Dum\u00e9ril & Bibron, 1837", "date": "2026-03-13", "basis": "HUMAN_OBSERVATION", "dataset": "iNaturalist research-grade observations", "gbifID": "6185219757"}}, {"type": "Feature", "geometry": {"type": "Point", "coordinates": [-61.788887, 16.167847]}, "properties": {"taxon": "Anolis marmoratus", "scientificName": "Anolis marmoratus Dum\u00e9ril & Bibron, 1837", "date": "2026-03-13", "basis": "HUMAN_OBSERVATION", "dataset": "iNaturalist research-grade observations", "gbifID": "6185229551"}}, {"type": "Feature", "geometry": {"type": "Point", "coordinates": [-61.289192, 16.246263]}, "properties": {"taxon": "Anolis marmoratus", "scientificName": "Anolis marmoratus Dum\u00e9ril & Bibron, 1837", "date": "2026-03-17", "basis": "HUMAN_OBSERVATION", "dataset": "iNaturalist research-grade observations", "gbifID": "6185376043"}}, {"type": "Feature", "geometry": {"type": "Point", "coordinates": [-61.422894, 16.20935]}, "properties": {"taxon": "Anolis marmoratus", "scientificName": "Anolis marmoratus Dum\u00e9ril & Bibron, 1837", "date": "2026-03-19", "basis": "HUMAN_OBSERVATION", "dataset": "iNaturalist research-grade observations", "gbifID": "6185411822"}}, {"type": "Feature", "geometry": {"type": "Point", "coordinates": [-61.700122, 15.948587]}, "properties": {"taxon": "Anolis marmoratus", "scientificName": "Anolis marmoratus Dum\u00e9ril & Bibron, 1837", "date": "2026-03-13", "basis": "HUMAN_OBSERVATION", "dataset": "iNaturalist research-grade observations", "gbifID": "6185527555"}}, {"type": "Feature", "geometry": {"type": "Point", "coordinates": [-61.28708, 16.246705]}, "properties": {"taxon": "Anolis marmoratus", "scientificName": "Anolis marmoratus Dum\u00e9ril & Bibron, 1837", "date": "2026-03-21", "basis": "HUMAN_OBSERVATION", "dataset": "iNaturalist research-grade observations", "gbifID": "6185616445"}}, {"type": "Feature", "geometry": {"type": "Point", "coordinates": [-61.667194, 15.968656]}, "properties": {"taxon": "Anolis marmoratus", "scientificName": "Anolis marmoratus Dum\u00e9ril & Bibron, 1837", "date": "2026-03-28", "basis": "HUMAN_OBSERVATION", "dataset": "iNaturalist research-grade observations", "gbifID": "6185642236"}}, {"type": "Feature", "geometry": {"type": "Point", "coordinates": [-61.593117, 16.109992]}, "properties": {"taxon": "Anolis marmoratus", "scientificName": "Anolis marmoratus Dum\u00e9ril & Bibron, 1837", "date": "2026-03-16", "basis": "HUMAN_OBSERVATION", "dataset": "iNaturalist research-grade observations", "gbifID": "6185764193"}}, {"type": "Feature", "geometry": {"type": "Point", "coordinates": [-61.286831, 16.246678]}, "properties": {"taxon": "Anolis marmoratus", "scientificName": "Anolis marmoratus Dum\u00e9ril & Bibron, 1837", "date": "2026-03-20", "basis": "HUMAN_OBSERVATION", "dataset": "iNaturalist research-grade observations", "gbifID": "6185773927"}}, {"type": "Feature", "geometry": {"type": "Point", "coordinates": [-61.773956, 16.148599]}, "properties": {"taxon": "Anolis marmoratus", "scientificName": "Anolis marmoratus Dum\u00e9ril & Bibron, 1837", "date": "2026-03-22", "basis": "HUMAN_OBSERVATION", "dataset": "iNaturalist research-grade observations", "gbifID": "6185840376"}}, {"type": "Feature", "geometry": {"type": "Point", "coordinates": [-61.491097, 16.198728]}, "properties": {"taxon": "Anolis marmoratus", "scientificName": "Anolis marmoratus Dum\u00e9ril & Bibron, 1837", "date": "2026-03-20", "basis": "HUMAN_OBSERVATION", "dataset": "iNaturalist research-grade observations", "gbifID": "6186131667"}}, {"type": "Feature", "geometry": {"type": "Point", "coordinates": [-61.770681, 16.096252]}, "properties": {"taxon": "Anolis marmoratus", "scientificName": "Anolis marmoratus Dum\u00e9ril & Bibron, 1837", "date": "2026-03-28", "basis": "HUMAN_OBSERVATION", "dataset": "iNaturalist research-grade observations", "gbifID": "6186155640"}}, {"type": "Feature", "geometry": {"type": "Point", "coordinates": [-61.582336, 15.868502]}, "properties": {"taxon": "Anolis marmoratus", "scientificName": "Anolis marmoratus Dum\u00e9ril & Bibron, 1837", "date": "2026-03-18", "basis": "HUMAN_OBSERVATION", "dataset": "iNaturalist research-grade observations", "gbifID": "6188087386"}}, {"type": "Feature", "geometry": {"type": "Point", "coordinates": [-61.776284, 16.34628]}, "properties": {"taxon": "Anolis marmoratus", "scientificName": "Anolis marmoratus Dum\u00e9ril & Bibron, 1837", "date": "2026-03-21", "basis": "HUMAN_OBSERVATION", "dataset": "iNaturalist research-grade observations", "gbifID": "6195267131"}}, {"type": "Feature", "geometry": {"type": "Point", "coordinates": [-61.725882, 16.28633]}, "properties": {"taxon": "Anolis marmoratus", "scientificName": "Anolis marmoratus Dum\u00e9ril & Bibron, 1837", "date": "2026-03-24", "basis": "HUMAN_OBSERVATION", "dataset": "iNaturalist research-grade observations", "gbifID": "6195320253"}}, {"type": "Feature", "geometry": {"type": "Point", "coordinates": [-61.595654, 16.10788]}, "properties": {"taxon": "Anolis marmoratus", "scientificName": "Anolis marmoratus Dum\u00e9ril & Bibron, 1837", "date": "2026-03-26", "basis": "HUMAN_OBSERVATION", "dataset": "iNaturalist research-grade observations", "gbifID": "6195426927"}}, {"type": "Feature", "geometry": {"type": "Point", "coordinates": [-61.776185, 16.346174]}, "properties": {"taxon": "Anolis marmoratus", "scientificName": "Anolis marmoratus Dum\u00e9ril & Bibron, 1837", "date": "2026-03-22", "basis": "HUMAN_OBSERVATION", "dataset": "iNaturalist research-grade observations", "gbifID": "6195673985"}}, {"type": "Feature", "geometry": {"type": "Point", "coordinates": [-61.776286, 16.346288]}, "properties": {"taxon": "Anolis marmoratus", "scientificName": "Anolis marmoratus Dum\u00e9ril & Bibron, 1837", "date": "2026-03-21", "basis": "HUMAN_OBSERVATION", "dataset": "iNaturalist research-grade observations", "gbifID": "6195824285"}}, {"type": "Feature", "geometry": {"type": "Point", "coordinates": [-61.641681, 16.184215]}, "properties": {"taxon": "Anolis marmoratus", "scientificName": "Anolis marmoratus Dum\u00e9ril & Bibron, 1837", "date": "2026-03-22", "basis": "HUMAN_OBSERVATION", "dataset": "iNaturalist research-grade observations", "gbifID": "6196007765"}}, {"type": "Feature", "geometry": {"type": "Point", "coordinates": [-61.431788, 16.210213]}, "properties": {"taxon": "Anolis marmoratus", "scientificName": "Anolis marmoratus Dum\u00e9ril & Bibron, 1837", "date": "2026-03-01", "basis": "HUMAN_OBSERVATION", "dataset": "iNaturalist research-grade observations", "gbifID": "6235011687"}}, {"type": "Feature", "geometry": {"type": "Point", "coordinates": [-61.670856, 15.960939]}, "properties": {"taxon": "Anolis marmoratus", "scientificName": "Anolis marmoratus Dum\u00e9ril & Bibron, 1837", "date": "2026-03-31", "basis": "HUMAN_OBSERVATION", "dataset": "iNaturalist research-grade observations", "gbifID": "6251553393"}}, {"type": "Feature", "geometry": {"type": "Point", "coordinates": [-61.694338, 16.17495]}, "properties": {"taxon": "Anolis marmoratus", "scientificName": "Anolis marmoratus Dum\u00e9ril & Bibron, 1837", "date": "2026-04-02", "basis": "HUMAN_OBSERVATION", "dataset": "iNaturalist research-grade observations", "gbifID": "6188218951"}}, {"type": "Feature", "geometry": {"type": "Point", "coordinates": [-61.779917, 16.339797]}, "properties": {"taxon": "Anolis marmoratus", "scientificName": "Anolis marmoratus Dum\u00e9ril & Bibron, 1837", "date": "2026-04-01", "basis": "HUMAN_OBSERVATION", "dataset": "iNaturalist research-grade observations", "gbifID": "6195399512"}}, {"type": "Feature", "geometry": {"type": "Point", "coordinates": [-61.717257, 15.994565]}, "properties": {"taxon": "Anolis marmoratus", "scientificName": "Anolis marmoratus Dum\u00e9ril & Bibron, 1837", "date": "2026-04-26", "basis": "HUMAN_OBSERVATION", "dataset": "iNaturalist research-grade observations", "gbifID": "6235016366"}}, {"type": "Feature", "geometry": {"type": "Point", "coordinates": [-61.59911, 16.00367]}, "properties": {"taxon": "Anolis marmoratus", "scientificName": "Anolis marmoratus Dum\u00e9ril & Bibron, 1837", "date": "2026-04-23", "basis": "HUMAN_OBSERVATION", "dataset": "iNaturalist research-grade observations", "gbifID": "6235688335"}}, {"type": "Feature", "geometry": {"type": "Point", "coordinates": [-61.70848, 16.012761]}, "properties": {"taxon": "Anolis marmoratus", "scientificName": "Anolis marmoratus Dum\u00e9ril & Bibron, 1837", "date": "2026-04-18", "basis": "HUMAN_OBSERVATION", "dataset": "iNaturalist research-grade observations", "gbifID": "6235959557"}}, {"type": "Feature", "geometry": {"type": "Point", "coordinates": [-61.498577, 16.32974]}, "properties": {"taxon": "Anolis marmoratus", "scientificName": "Anolis marmoratus Dum\u00e9ril & Bibron, 1837", "date": "2026-04-06", "basis": "HUMAN_OBSERVATION", "dataset": "iNaturalist research-grade observations", "gbifID": "6236170724"}}, {"type": "Feature", "geometry": {"type": "Point", "coordinates": [-61.525408, 16.34165]}, "properties": {"taxon": "Anolis marmoratus", "scientificName": "Anolis marmoratus Dum\u00e9ril & Bibron, 1837", "date": "2026-04-07", "basis": "HUMAN_OBSERVATION", "dataset": "iNaturalist research-grade observations", "gbifID": "6251842916"}}, {"type": "Feature", "geometry": {"type": "Point", "coordinates": [-61.750532, 16.180243]}, "properties": {"taxon": "Anolis marmoratus", "scientificName": "Anolis marmoratus alliaceus Cope, 1864", "date": "2026-04-03", "basis": "HUMAN_OBSERVATION", "dataset": "iNaturalist research-grade observations", "gbifID": "6273172602"}}, {"type": "Feature", "geometry": {"type": "Point", "coordinates": [-61.799072, 16.299669]}, "properties": {"taxon": "Anolis marmoratus", "scientificName": "Anolis marmoratus Dum\u00e9ril & Bibron, 1837", "date": "2026-04-03", "basis": "HUMAN_OBSERVATION", "dataset": "iNaturalist research-grade observations", "gbifID": "6273848399"}}, {"type": "Feature", "geometry": {"type": "Point", "coordinates": [-61.775508, 16.160914]}, "properties": {"taxon": "Anolis marmoratus", "scientificName": "Anolis marmoratus Dum\u00e9ril & Bibron, 1837", "date": "2026-05-02", "basis": "HUMAN_OBSERVATION", "dataset": "iNaturalist research-grade observations", "gbifID": "6400228676"}}, {"type": "Feature", "geometry": {"type": "Point", "coordinates": [-61.46505, 16.511692]}, "properties": {"taxon": "Anolis marmoratus", "scientificName": "Anolis marmoratus Dum\u00e9ril & Bibron, 1837", "date": "2026-05-06", "basis": "HUMAN_OBSERVATION", "dataset": "iNaturalist research-grade observations", "gbifID": "6422125389"}}, {"type": "Feature", "geometry": {"type": "Point", "coordinates": [-61.506805, 16.265858]}, "properties": {"taxon": "Anolis marmoratus", "scientificName": "Anolis marmoratus Dum\u00e9ril & Bibron, 1837", "date": "2026-06-09", "basis": "HUMAN_OBSERVATION", "dataset": "iNaturalist research-grade observations", "gbifID": "6412967875"}}, {"type": "Feature", "geometry": {"type": "Point", "coordinates": [-61.52177, 16.223022]}, "properties": {"taxon": "Anolis marmoratus", "scientificName": "Anolis marmoratus Dum\u00e9ril & Bibron, 1837", "date": "2026-06-09", "basis": "HUMAN_OBSERVATION", "dataset": "iNaturalist research-grade observations", "gbifID": "6413577694"}}, {"type": "Feature", "geometry": {"type": "Point", "coordinates": [-61.795967, 16.286794]}, "properties": {"taxon": "Anolis marmoratus", "scientificName": "Anolis marmoratus Dum\u00e9ril & Bibron, 1837", "date": "2026-06-28", "basis": "HUMAN_OBSERVATION", "dataset": "iNaturalist research-grade observations", "gbifID": "6422082586"}}, {"type": "Feature", "geometry": {"type": "Point", "coordinates": [-61.735692, 16.177947]}, "properties": {"taxon": "Anolis marmoratus", "scientificName": "Anolis marmoratus Dum\u00e9ril & Bibron, 1837", "date": "2026-07-02", "basis": "HUMAN_OBSERVATION", "dataset": "iNaturalist research-grade observations", "gbifID": "6430835692"}}, {"type": "Feature", "geometry": {"type": "Point", "coordinates": [-61.681095, 16.178317]}, "properties": {"taxon": "Anolis marmoratus", "scientificName": "Anolis marmoratus Dum\u00e9ril & Bibron, 1837", "date": "2026-07-13", "basis": "HUMAN_OBSERVATION", "dataset": "iNaturalist research-grade observations", "gbifID": "6441649862"}}, {"type": "Feature", "geometry": {"type": "Point", "coordinates": [-61.69485, 15.951821]}, "properties": {"taxon": "Anolis marmoratus", "scientificName": "Anolis marmoratus Dum\u00e9ril & Bibron, 1837", "date": "2026-07-23", "basis": "HUMAN_OBSERVATION", "dataset": "iNaturalist research-grade observations", "gbifID": "6469667390"}}, {"type": "Feature", "geometry": {"type": "Point", "coordinates": [-61.694973, 15.95273]}, "properties": {"taxon": "Anolis marmoratus", "scientificName": "Anolis marmoratus Dum\u00e9ril & Bibron, 1837", "date": "2026-07-20", "basis": "HUMAN_OBSERVATION", "dataset": "iNaturalist research-grade observations", "gbifID": "6470318960"}}, {"type": "Feature", "geometry": {"type": "Point", "coordinates": [-61.629973, 16.028816]}, "properties": {"taxon": "Anolis marmoratus", "scientificName": "Anolis marmoratus Dum\u00e9ril & Bibron, 1837", "date": "2026-07-26", "basis": "HUMAN_OBSERVATION", "dataset": "iNaturalist research-grade observations", "gbifID": "6480986431"}}, {"type": "Feature", "geometry": {"type": "Point", "coordinates": [-61.483492, 16.494292]}, "properties": {"taxon": "Anolis marmoratus", "scientificName": "Anolis marmoratus Dum\u00e9ril & Bibron, 1837", "date": "2025-01-05", "basis": "HUMAN_OBSERVATION", "dataset": "iNaturalist research-grade observations", "gbifID": "5007076960"}}, {"type": "Feature", "geometry": {"type": "Point", "coordinates": [-61.801715, 16.286263]}, "properties": {"taxon": "Anolis marmoratus", "scientificName": "Anolis marmoratus Dum\u00e9ril & Bibron, 1837", "date": "2025-01-04", "basis": "HUMAN_OBSERVATION", "dataset": "iNaturalist research-grade observations", "gbifID": "5007615825"}}, {"type": "Feature", "geometry": {"type": "Point", "coordinates": [-61.484137, 16.492039]}, "properties": {"taxon": "Anolis marmoratus", "scientificName": "Anolis marmoratus Dum\u00e9ril & Bibron, 1837", "date": "2025-01-05", "basis": "HUMAN_OBSERVATION", "dataset": "iNaturalist research-grade observations", "gbifID": "5007721555"}}, {"type": "Feature", "geometry": {"type": "Point", "coordinates": [-61.780228, 16.327795]}, "properties": {"taxon": "Anolis marmoratus", "scientificName": "Anolis marmoratus Dum\u00e9ril & Bibron, 1837", "date": "2025-01-08", "basis": "HUMAN_OBSERVATION", "dataset": "iNaturalist research-grade observations", "gbifID": "5036902569"}}, {"type": "Feature", "geometry": {"type": "Point", "coordinates": [-61.599992, 16.080886]}, "properties": {"taxon": "Anolis marmoratus", "scientificName": "Anolis marmoratus Dum\u00e9ril & Bibron, 1837", "date": "2025-01-12", "basis": "HUMAN_OBSERVATION", "dataset": "iNaturalist research-grade observations", "gbifID": "5036945742"}}, {"type": "Feature", "geometry": {"type": "Point", "coordinates": [-61.595233, 16.081886]}, "properties": {"taxon": "Anolis marmoratus", "scientificName": "Anolis marmoratus Dum\u00e9ril & Bibron, 1837", "date": "2025-01-12", "basis": "HUMAN_OBSERVATION", "dataset": "iNaturalist research-grade observations", "gbifID": "5037015267"}}, {"type": "Feature", "geometry": {"type": "Point", "coordinates": [-61.58902, 16.08316]}, "properties": {"taxon": "Anolis marmoratus", "scientificName": "Anolis marmoratus Dum\u00e9ril & Bibron, 1837", "date": "2025-01-12", "basis": "HUMAN_OBSERVATION", "dataset": "iNaturalist research-grade observations", "gbifID": "5037306211"}}, {"type": "Feature", "geometry": {"type": "Point", "coordinates": [-61.506065, 16.208558]}, "properties": {"taxon": "Anolis marmoratus", "scientificName": "Anolis marmoratus Dum\u00e9ril & Bibron, 1837", "date": "2025-01-15", "basis": "HUMAN_OBSERVATION", "dataset": "iNaturalist research-grade observations", "gbifID": "5062959089"}}, {"type": "Feature", "geometry": {"type": "Point", "coordinates": [-61.634028, 15.972997]}, "properties": {"taxon": "Anolis marmoratus", "scientificName": "Anolis marmoratus Dum\u00e9ril & Bibron, 1837", "date": "2025-01-26", "basis": "HUMAN_OBSERVATION", "dataset": "iNaturalist research-grade observations", "gbifID": "5063456690"}}, {"type": "Feature", "geometry": {"type": "Point", "coordinates": [-61.625993, 16.026167]}, "properties": {"taxon": "Anolis marmoratus", "scientificName": "Anolis marmoratus Dum\u00e9ril & Bibron, 1837", "date": "2025-01-10", "basis": "HUMAN_OBSERVATION", "dataset": "iNaturalist research-grade observations", "gbifID": "5282281500"}}, {"type": "Feature", "geometry": {"type": "Point", "coordinates": [-61.631052, 15.97673]}, "properties": {"taxon": "Anolis marmoratus", "scientificName": "Anolis marmoratus Dum\u00e9ril & Bibron, 1837", "date": "2025-01-24", "basis": "HUMAN_OBSERVATION", "dataset": "iNaturalist research-grade observations", "gbifID": "6195241486"}}, {"type": "Feature", "geometry": {"type": "Point", "coordinates": [-61.689103, 16.1707]}, "properties": {"taxon": "Anolis marmoratus", "scientificName": "Anolis marmoratus Dum\u00e9ril & Bibron, 1837", "date": "2025-01-01", "basis": "HUMAN_OBSERVATION", "dataset": "iNaturalist research-grade observations", "gbifID": "6334588946"}}, {"type": "Feature", "geometry": {"type": "Point", "coordinates": [-61.278435, 16.315759]}, "properties": {"taxon": "Anolis marmoratus", "scientificName": "Anolis marmoratus Dum\u00e9ril & Bibron, 1837", "date": "2025-02-15", "basis": "HUMAN_OBSERVATION", "dataset": "iNaturalist research-grade observations", "gbifID": "5069927978"}}, {"type": "Feature", "geometry": {"type": "Point", "coordinates": [-61.276147, 16.312545]}, "properties": {"taxon": "Anolis marmoratus", "scientificName": "Anolis marmoratus Dum\u00e9ril & Bibron, 1837", "date": "2025-02-15", "basis": "HUMAN_OBSERVATION", "dataset": "iNaturalist research-grade observations", "gbifID": "5069975001"}}, {"type": "Feature", "geometry": {"type": "Point", "coordinates": [-61.661308, 16.01412]}, "properties": {"taxon": "Anolis marmoratus", "scientificName": "Anolis marmoratus Dum\u00e9ril & Bibron, 1837", "date": "2025-02-11", "basis": "HUMAN_OBSERVATION", "dataset": "iNaturalist research-grade observations", "gbifID": "5070012976"}}, {"type": "Feature", "geometry": {"type": "Point", "coordinates": [-61.499685, 16.212297]}, "properties": {"taxon": "Anolis marmoratus", "scientificName": "Anolis marmoratus Dum\u00e9ril & Bibron, 1837", "date": "2025-02-08", "basis": "HUMAN_OBSERVATION", "dataset": "iNaturalist research-grade observations", "gbifID": "5070075417"}}, {"type": "Feature", "geometry": {"type": "Point", "coordinates": [-61.668358, 16.013836]}, "properties": {"taxon": "Anolis marmoratus", "scientificName": "Anolis marmoratus Dum\u00e9ril & Bibron, 1837", "date": "2025-02-11", "basis": "HUMAN_OBSERVATION", "dataset": "iNaturalist research-grade observations", "gbifID": "5076910868"}}, {"type": "Feature", "geometry": {"type": "Point", "coordinates": [-61.688972, 16.315942]}, "properties": {"taxon": "Anolis marmoratus", "scientificName": "Anolis marmoratus Dum\u00e9ril & Bibron, 1837", "date": "2025-02-22", "basis": "HUMAN_OBSERVATION", "dataset": "iNaturalist research-grade observations", "gbifID": "5077040763"}}, {"type": "Feature", "geometry": {"type": "Point", "coordinates": [-61.632601, 16.167739]}, "properties": {"taxon": "Anolis marmoratus", "scientificName": "Anolis marmoratus Dum\u00e9ril & Bibron, 1837", "date": "2025-02-19", "basis": "HUMAN_OBSERVATION", "dataset": "iNaturalist research-grade observations", "gbifID": "5087204184"}}, {"type": "Feature", "geometry": {"type": "Point", "coordinates": [-61.605401, 16.079613]}, "properties": {"taxon": "Anolis marmoratus", "scientificName": "Anolis marmoratus Dum\u00e9ril & Bibron, 1837", "date": "2025-02-28", "basis": "HUMAN_OBSERVATION", "dataset": "iNaturalist research-grade observations", "gbifID": "5087390550"}}, {"type": "Feature", "geometry": {"type": "Point", "coordinates": [-61.606985, 16.079039]}, "properties": {"taxon": "Anolis marmoratus", "scientificName": "Anolis marmoratus Dum\u00e9ril & Bibron, 1837", "date": "2025-02-28", "basis": "HUMAN_OBSERVATION", "dataset": "iNaturalist research-grade observations", "gbifID": "5087434436"}}, {"type": "Feature", "geometry": {"type": "Point", "coordinates": [-61.343848, 16.33124]}, "properties": {"taxon": "Anolis marmoratus", "scientificName": "Anolis marmoratus Dum\u00e9ril & Bibron, 1837", "date": "2025-02-28", "basis": "HUMAN_OBSERVATION", "dataset": "iNaturalist research-grade observations", "gbifID": "6179379257"}}, {"type": "Feature", "geometry": {"type": "Point", "coordinates": [-61.801204, 16.254241]}, "properties": {"taxon": "Anolis marmoratus", "scientificName": "Anolis marmoratus Dum\u00e9ril & Bibron, 1837", "date": "2025-02-16", "basis": "HUMAN_OBSERVATION", "dataset": "iNaturalist research-grade observations", "gbifID": "6185591274"}}, {"type": "Feature", "geometry": {"type": "Point", "coordinates": [-61.528185, 16.403817]}, "properties": {"taxon": "Anolis marmoratus", "scientificName": "Anolis marmoratus Dum\u00e9ril & Bibron, 1837", "date": "2025-03-01", "basis": "HUMAN_OBSERVATION", "dataset": "iNaturalist research-grade observations", "gbifID": "5087379438"}}, {"type": "Feature", "geometry": {"type": "Point", "coordinates": [-61.602526, 16.080327]}, "properties": {"taxon": "Anolis marmoratus", "scientificName": "Anolis marmoratus Dum\u00e9ril & Bibron, 1837", "date": "2025-03-05", "basis": "HUMAN_OBSERVATION", "dataset": "iNaturalist research-grade observations", "gbifID": "5087599620"}}, {"type": "Feature", "geometry": {"type": "Point", "coordinates": [-61.605747, 16.079454]}, "properties": {"taxon": "Anolis marmoratus", "scientificName": "Anolis marmoratus Dum\u00e9ril & Bibron, 1837", "date": "2025-03-16", "basis": "HUMAN_OBSERVATION", "dataset": "iNaturalist research-grade observations", "gbifID": "5087961204"}}, {"type": "Feature", "geometry": {"type": "Point", "coordinates": [-61.599422, 16.082308]}, "properties": {"taxon": "Anolis marmoratus", "scientificName": "Anolis marmoratus Dum\u00e9ril & Bibron, 1837", "date": "2025-03-16", "basis": "HUMAN_OBSERVATION", "dataset": "iNaturalist research-grade observations", "gbifID": "5087971148"}}, {"type": "Feature", "geometry": {"type": "Point", "coordinates": [-61.785192, 16.33733]}, "properties": {"taxon": "Anolis marmoratus", "scientificName": "Anolis marmoratus Dum\u00e9ril & Bibron, 1837", "date": "2025-03-11", "basis": "HUMAN_OBSERVATION", "dataset": "iNaturalist research-grade observations", "gbifID": "5088118243"}}, {"type": "Feature", "geometry": {"type": "Point", "coordinates": [-61.52989, 16.350546]}, "properties": {"taxon": "Anolis marmoratus", "scientificName": "Anolis marmoratus Dum\u00e9ril & Bibron, 1837", "date": "2025-03-27", "basis": "HUMAN_OBSERVATION", "dataset": "iNaturalist research-grade observations", "gbifID": "5108311008"}}, {"type": "Feature", "geometry": {"type": "Point", "coordinates": [-61.626422, 16.026127]}, "properties": {"taxon": "Anolis marmoratus", "scientificName": "Anolis marmoratus Dum\u00e9ril & Bibron, 1837", "date": "2025-03-22", "basis": "HUMAN_OBSERVATION", "dataset": "iNaturalist research-grade observations", "gbifID": "5133755673"}}, {"type": "Feature", "geometry": {"type": "Point", "coordinates": [-61.748349, 16.056511]}, "properties": {"taxon": "Anolis marmoratus", "scientificName": "Anolis marmoratus Dum\u00e9ril & Bibron, 1837", "date": "2025-03-17", "basis": "HUMAN_OBSERVATION", "dataset": "iNaturalist research-grade observations", "gbifID": "5133805091"}}, {"type": "Feature", "geometry": {"type": "Point", "coordinates": [-61.750882, 16.180951]}, "properties": {"taxon": "Anolis marmoratus", "scientificName": "Anolis marmoratus Dum\u00e9ril & Bibron, 1837", "date": "2025-03-15", "basis": "HUMAN_OBSERVATION", "dataset": "iNaturalist research-grade observations", "gbifID": "5231407542"}}, {"type": "Feature", "geometry": {"type": "Point", "coordinates": [-61.609396, 16.049122]}, "properties": {"taxon": "Anolis marmoratus", "scientificName": "Anolis marmoratus Dum\u00e9ril & Bibron, 1837", "date": "2025-03-05", "basis": "HUMAN_OBSERVATION", "dataset": "iNaturalist research-grade observations", "gbifID": "5892494895"}}, {"type": "Feature", "geometry": {"type": "Point", "coordinates": [-61.606851, 16.041566]}, "properties": {"taxon": "Anolis marmoratus", "scientificName": "Anolis marmoratus Dum\u00e9ril & Bibron, 1837", "date": "2025-03-05", "basis": "HUMAN_OBSERVATION", "dataset": "iNaturalist research-grade observations", "gbifID": "5892753897"}}, {"type": "Feature", "geometry": {"type": "Point", "coordinates": [-61.658764, 16.176627]}, "properties": {"taxon": "Anolis marmoratus", "scientificName": "Anolis marmoratus Dum\u00e9ril & Bibron, 1837", "date": "2025-03-12", "basis": "HUMAN_OBSERVATION", "dataset": "iNaturalist research-grade observations", "gbifID": "6179101356"}}, {"type": "Feature", "geometry": {"type": "Point", "coordinates": [-61.751039, 16.180887]}, "properties": {"taxon": "Anolis marmoratus", "scientificName": "Anolis marmoratus Dum\u00e9ril & Bibron, 1837", "date": "2025-03-15", "basis": "HUMAN_OBSERVATION", "dataset": "iNaturalist research-grade observations", "gbifID": "6185354260"}}, {"type": "Feature", "geometry": {"type": "Point", "coordinates": [-61.59669, 16.041803]}, "properties": {"taxon": "Anolis marmoratus", "scientificName": "Anolis marmoratus Dum\u00e9ril & Bibron, 1837", "date": "2025-03-07", "basis": "HUMAN_OBSERVATION", "dataset": "iNaturalist research-grade observations", "gbifID": "6186063279"}}, {"type": "Feature", "geometry": {"type": "Point", "coordinates": [-61.60412, 16.081305]}, "properties": {"taxon": "Anolis marmoratus", "scientificName": "Anolis marmoratus Dum\u00e9ril & Bibron, 1837", "date": "2025-04-12", "basis": "HUMAN_OBSERVATION", "dataset": "iNaturalist research-grade observations", "gbifID": "5133410611"}}, {"type": "Feature", "geometry": {"type": "Point", "coordinates": [-61.676237, 15.99493]}, "properties": {"taxon": "Anolis marmoratus", "scientificName": "Anolis marmoratus Dum\u00e9ril & Bibron, 1837", "date": "2025-04-21", "basis": "HUMAN_OBSERVATION", "dataset": "iNaturalist research-grade observations", "gbifID": "5134619567"}}, {"type": "Feature", "geometry": {"type": "Point", "coordinates": [-61.676214, 15.994667]}, "properties": {"taxon": "Anolis marmoratus", "scientificName": "Anolis marmoratus Dum\u00e9ril & Bibron, 1837", "date": "2025-04-21", "basis": "HUMAN_OBSERVATION", "dataset": "iNaturalist research-grade observations", "gbifID": "5134788215"}}, {"type": "Feature", "geometry": {"type": "Point", "coordinates": [-61.695223, 16.174038]}, "properties": {"taxon": "Anolis marmoratus", "scientificName": "Anolis marmoratus alliaceus Cope, 1864", "date": "2025-04-16", "basis": "HUMAN_OBSERVATION", "dataset": "iNaturalist research-grade observations", "gbifID": "6130005535"}}, {"type": "Feature", "geometry": {"type": "Point", "coordinates": [-61.17388, 16.245]}, "properties": {"taxon": "Anolis marmoratus", "scientificName": "Anolis marmoratus Dum\u00e9ril & Bibron, 1837", "date": "2025-05-14", "basis": "HUMAN_OBSERVATION", "dataset": "iNaturalist research-grade observations", "gbifID": "5166891792"}}, {"type": "Feature", "geometry": {"type": "Point", "coordinates": [-61.676345, 15.994802]}, "properties": {"taxon": "Anolis marmoratus", "scientificName": "Anolis marmoratus Dum\u00e9ril & Bibron, 1837", "date": "2025-05-12", "basis": "HUMAN_OBSERVATION", "dataset": "iNaturalist research-grade observations", "gbifID": "5167373410"}}, {"type": "Feature", "geometry": {"type": "Point", "coordinates": [-61.173889, 16.244977]}, "properties": {"taxon": "Anolis marmoratus", "scientificName": "Anolis marmoratus Dum\u00e9ril & Bibron, 1837", "date": "2025-05-14", "basis": "HUMAN_OBSERVATION", "dataset": "iNaturalist research-grade observations", "gbifID": "5167911285"}}, {"type": "Feature", "geometry": {"type": "Point", "coordinates": [-61.676343, 15.994797]}, "properties": {"taxon": "Anolis marmoratus", "scientificName": "Anolis marmoratus Dum\u00e9ril & Bibron, 1837", "date": "2025-05-12", "basis": "HUMAN_OBSERVATION", "dataset": "iNaturalist research-grade observations", "gbifID": "5167994431"}}, {"type": "Feature", "geometry": {"type": "Point", "coordinates": [-61.676259, 15.994646]}, "properties": {"taxon": "Anolis marmoratus", "scientificName": "Anolis marmoratus Dum\u00e9ril & Bibron, 1837", "date": "2025-05-13", "basis": "HUMAN_OBSERVATION", "dataset": "iNaturalist research-grade observations", "gbifID": "5168156009"}}, {"type": "Feature", "geometry": {"type": "Point", "coordinates": [-61.680631, 16.179014]}, "properties": {"taxon": "Anolis marmoratus", "scientificName": "Anolis marmoratus Dum\u00e9ril & Bibron, 1837", "date": "2025-05-28", "basis": "HUMAN_OBSERVATION", "dataset": "iNaturalist research-grade observations", "gbifID": "5177171582"}}, {"type": "Feature", "geometry": {"type": "Point", "coordinates": [-61.797541, 16.29925]}, "properties": {"taxon": "Anolis marmoratus", "scientificName": "Anolis marmoratus Dum\u00e9ril & Bibron, 1837", "date": "2025-05-25", "basis": "HUMAN_OBSERVATION", "dataset": "iNaturalist research-grade observations", "gbifID": "5838174026"}}, {"type": "Feature", "geometry": {"type": "Point", "coordinates": [-61.525119, 16.221392]}, "properties": {"taxon": "Anolis marmoratus", "scientificName": "Anolis marmoratus Dum\u00e9ril & Bibron, 1837", "date": "2025-05-18", "basis": "HUMAN_OBSERVATION", "dataset": "iNaturalist research-grade observations", "gbifID": "6185162662"}}, {"type": "Feature", "geometry": {"type": "Point", "coordinates": [-61.52242, 16.229156]}, "properties": {"taxon": "Anolis marmoratus", "scientificName": "Anolis marmoratus Dum\u00e9ril & Bibron, 1837", "date": "2025-05-07", "basis": "HUMAN_OBSERVATION", "dataset": "iNaturalist research-grade observations", "gbifID": "6185554283"}}, {"type": "Feature", "geometry": {"type": "Point", "coordinates": [-61.672343, 15.992609]}, "properties": {"taxon": "Anolis marmoratus", "scientificName": "Anolis marmoratus Dum\u00e9ril & Bibron, 1837", "date": "2025-06-30", "basis": "HUMAN_OBSERVATION", "dataset": "iNaturalist research-grade observations", "gbifID": "5216564143"}}, {"type": "Feature", "geometry": {"type": "Point", "coordinates": [-61.671839, 15.991117]}, "properties": {"taxon": "Anolis marmoratus", "scientificName": "Anolis marmoratus Dum\u00e9ril & Bibron, 1837", "date": "2025-06-29", "basis": "HUMAN_OBSERVATION", "dataset": "iNaturalist research-grade observations", "gbifID": "5216964908"}}, {"type": "Feature", "geometry": {"type": "Point", "coordinates": [-61.672021, 15.991258]}, "properties": {"taxon": "Anolis marmoratus", "scientificName": "Anolis marmoratus Dum\u00e9ril & Bibron, 1837", "date": "2025-06-29", "basis": "HUMAN_OBSERVATION", "dataset": "iNaturalist research-grade observations", "gbifID": "5217436883"}}, {"type": "Feature", "geometry": {"type": "Point", "coordinates": [-61.462024, 16.242949]}, "properties": {"taxon": "Anolis marmoratus", "scientificName": "Anolis marmoratus Dum\u00e9ril & Bibron, 1837", "date": "2025-06-11", "basis": "HUMAN_OBSERVATION", "dataset": "iNaturalist research-grade observations", "gbifID": "5760761632"}}, {"type": "Feature", "geometry": {"type": "Point", "coordinates": [-61.294334, 16.243703]}, "properties": {"taxon": "Anolis marmoratus", "scientificName": "Anolis marmoratus Dum\u00e9ril & Bibron, 1837", "date": "2025-06-28", "basis": "HUMAN_OBSERVATION", "dataset": "iNaturalist research-grade observations", "gbifID": "5840185526"}}, {"type": "Feature", "geometry": {"type": "Point", "coordinates": [-61.751852, 16.180744]}, "properties": {"taxon": "Anolis marmoratus", "scientificName": "Anolis marmoratus Dum\u00e9ril & Bibron, 1837", "date": "2025-06-21", "basis": "HUMAN_OBSERVATION", "dataset": "iNaturalist research-grade observations", "gbifID": "6184802558"}}, {"type": "Feature", "geometry": {"type": "Point", "coordinates": [-61.293475, 16.243926]}, "properties": {"taxon": "Anolis marmoratus", "scientificName": "Anolis marmoratus Dum\u00e9ril & Bibron, 1837", "date": "2025-06-28", "basis": "HUMAN_OBSERVATION", "dataset": "iNaturalist research-grade observations", "gbifID": "6184848041"}}, {"type": "Feature", "geometry": {"type": "Point", "coordinates": [-61.285939, 16.251817]}, "properties": {"taxon": "Anolis marmoratus", "scientificName": "Anolis marmoratus Dum\u00e9ril & Bibron, 1837", "date": "2025-06-24", "basis": "HUMAN_OBSERVATION", "dataset": "iNaturalist research-grade observations", "gbifID": "6184879732"}}, {"type": "Feature", "geometry": {"type": "Point", "coordinates": [-61.672079, 15.992631]}, "properties": {"taxon": "Anolis marmoratus", "scientificName": "Anolis marmoratus Dum\u00e9ril & Bibron, 1837", "date": "2025-06-30", "basis": "HUMAN_OBSERVATION", "dataset": "iNaturalist research-grade observations", "gbifID": "6185188222"}}, {"type": "Feature", "geometry": {"type": "Point", "coordinates": [-61.671848, 15.991006]}, "properties": {"taxon": "Anolis marmoratus", "scientificName": "Anolis marmoratus Dum\u00e9ril & Bibron, 1837", "date": "2025-06-29", "basis": "HUMAN_OBSERVATION", "dataset": "iNaturalist research-grade observations", "gbifID": "6185636077"}}, {"type": "Feature", "geometry": {"type": "Point", "coordinates": [-61.665845, 16.012678]}, "properties": {"taxon": "Anolis marmoratus", "scientificName": "Anolis marmoratus Dum\u00e9ril & Bibron, 1837", "date": "2025-07-01", "basis": "HUMAN_OBSERVATION", "dataset": "iNaturalist research-grade observations", "gbifID": "5215862335"}}, {"type": "Feature", "geometry": {"type": "Point", "coordinates": [-61.43981, 16.20862]}, "properties": {"taxon": "Anolis marmoratus", "scientificName": "Anolis marmoratus Dum\u00e9ril & Bibron, 1837", "date": "2025-07-04", "basis": "HUMAN_OBSERVATION", "dataset": "iNaturalist research-grade observations", "gbifID": "5216364705"}}, {"type": "Feature", "geometry": {"type": "Point", "coordinates": [-61.672593, 15.994664]}, "properties": {"taxon": "Anolis marmoratus", "scientificName": "Anolis marmoratus Dum\u00e9ril & Bibron, 1837", "date": "2025-07-02", "basis": "HUMAN_OBSERVATION", "dataset": "iNaturalist research-grade observations", "gbifID": "5217261337"}}, {"type": "Feature", "geometry": {"type": "Point", "coordinates": [-61.273049, 16.252265]}, "properties": {"taxon": "Anolis marmoratus", "scientificName": "Anolis marmoratus Dum\u00e9ril & Bibron, 1837", "date": "2025-07-08", "basis": "HUMAN_OBSERVATION", "dataset": "iNaturalist research-grade observations", "gbifID": "5230621278"}}, {"type": "Feature", "geometry": {"type": "Point", "coordinates": [-61.175366, 16.244019]}, "properties": {"taxon": "Anolis marmoratus", "scientificName": "Anolis marmoratus Dum\u00e9ril & Bibron, 1837", "date": "2025-07-10", "basis": "HUMAN_OBSERVATION", "dataset": "iNaturalist research-grade observations", "gbifID": "5231103229"}}, {"type": "Feature", "geometry": {"type": "Point", "coordinates": [-61.739305, 16.354394]}, "properties": {"taxon": "Anolis marmoratus", "scientificName": "Anolis marmoratus Dum\u00e9ril & Bibron, 1837", "date": "2025-07-26", "basis": "HUMAN_OBSERVATION", "dataset": "iNaturalist research-grade observations", "gbifID": "5237665299"}}, {"type": "Feature", "geometry": {"type": "Point", "coordinates": [-61.631579, 16.161888]}, "properties": {"taxon": "Anolis marmoratus", "scientificName": "Anolis marmoratus Dum\u00e9ril & Bibron, 1837", "date": "2025-07-28", "basis": "HUMAN_OBSERVATION", "dataset": "iNaturalist research-grade observations", "gbifID": "5837772490"}}, {"type": "Feature", "geometry": {"type": "Point", "coordinates": [-61.691804, 15.951386]}, "properties": {"taxon": "Anolis marmoratus", "scientificName": "Anolis marmoratus girafus Lazell, 1964", "date": "2025-07-30", "basis": "HUMAN_OBSERVATION", "dataset": "iNaturalist research-grade observations", "gbifID": "5935163122"}}, {"type": "Feature", "geometry": {"type": "Point", "coordinates": [-61.604127, 16.081725]}, "properties": {"taxon": "Anolis marmoratus", "scientificName": "Anolis marmoratus Dum\u00e9ril & Bibron, 1837", "date": "2025-07-13", "basis": "HUMAN_OBSERVATION", "dataset": "iNaturalist research-grade observations", "gbifID": "6184783478"}}, {"type": "Feature", "geometry": {"type": "Point", "coordinates": [-61.590748, 16.191723]}, "properties": {"taxon": "Anolis marmoratus", "scientificName": "Anolis marmoratus Dum\u00e9ril & Bibron, 1837", "date": "2025-07-31", "basis": "HUMAN_OBSERVATION", "dataset": "iNaturalist research-grade observations", "gbifID": "6185193496"}}, {"type": "Feature", "geometry": {"type": "Point", "coordinates": [-61.665845, 16.012678]}, "properties": {"taxon": "Anolis marmoratus", "scientificName": "Anolis marmoratus Dum\u00e9ril & Bibron, 1837", "date": "2025-07-01", "basis": "HUMAN_OBSERVATION", "dataset": "iNaturalist research-grade observations", "gbifID": "6185323060"}}, {"type": "Feature", "geometry": {"type": "Point", "coordinates": [-61.590748, 16.191723]}, "properties": {"taxon": "Anolis marmoratus", "scientificName": "Anolis marmoratus Dum\u00e9ril & Bibron, 1837", "date": "2025-07-26", "basis": "HUMAN_OBSERVATION", "dataset": "iNaturalist research-grade observations", "gbifID": "6185938647"}}, {"type": "Feature", "geometry": {"type": "Point", "coordinates": [-61.601868, 16.160402]}, "properties": {"taxon": "Anolis marmoratus", "scientificName": "Anolis marmoratus Dum\u00e9ril & Bibron, 1837", "date": "2025-07-01", "basis": "HUMAN_OBSERVATION", "dataset": "iNaturalist research-grade observations", "gbifID": "6186058112"}}, {"type": "Feature", "geometry": {"type": "Point", "coordinates": [-61.650293, 16.04544]}, "properties": {"taxon": "Anolis marmoratus", "scientificName": "Anolis marmoratus Dum\u00e9ril & Bibron, 1837", "date": "2025-08-17", "basis": "HUMAN_OBSERVATION", "dataset": "iNaturalist research-grade observations", "gbifID": "5292740054"}}, {"type": "Feature", "geometry": {"type": "Point", "coordinates": [-61.583232, 16.038596]}, "properties": {"taxon": "Anolis marmoratus", "scientificName": "Anolis marmoratus Dum\u00e9ril & Bibron, 1837", "date": "2025-08-07", "basis": "HUMAN_OBSERVATION", "dataset": "iNaturalist research-grade observations", "gbifID": "5293205971"}}, {"type": "Feature", "geometry": {"type": "Point", "coordinates": [-61.380105, 16.223705]}, "properties": {"taxon": "Anolis marmoratus", "scientificName": "Anolis marmoratus Dum\u00e9ril & Bibron, 1837", "date": "2025-08-11", "basis": "HUMAN_OBSERVATION", "dataset": "iNaturalist research-grade observations", "gbifID": "5759813845"}}, {"type": "Feature", "geometry": {"type": "Point", "coordinates": [-61.666181, 16.204297]}, "properties": {"taxon": "Anolis marmoratus", "scientificName": "Anolis marmoratus Dum\u00e9ril & Bibron, 1837", "date": "2025-08-19", "basis": "HUMAN_OBSERVATION", "dataset": "iNaturalist research-grade observations", "gbifID": "5760462951"}}, {"type": "Feature", "geometry": {"type": "Point", "coordinates": [-61.795385, 16.310155]}, "properties": {"taxon": "Anolis marmoratus", "scientificName": "Anolis marmoratus Dum\u00e9ril & Bibron, 1837", "date": "2025-08-31", "basis": "HUMAN_OBSERVATION", "dataset": "iNaturalist research-grade observations", "gbifID": "6185212149"}}, {"type": "Feature", "geometry": {"type": "Point", "coordinates": [-61.798174, 16.31419]}, "properties": {"taxon": "Anolis marmoratus", "scientificName": "Anolis marmoratus Dum\u00e9ril & Bibron, 1837", "date": "2025-08-31", "basis": "HUMAN_OBSERVATION", "dataset": "iNaturalist research-grade observations", "gbifID": "6185214080"}}, {"type": "Feature", "geometry": {"type": "Point", "coordinates": [-61.797918, 16.314763]}, "properties": {"taxon": "Anolis marmoratus", "scientificName": "Anolis marmoratus Dum\u00e9ril & Bibron, 1837", "date": "2025-08-31", "basis": "HUMAN_OBSERVATION", "dataset": "iNaturalist research-grade observations", "gbifID": "6185408851"}}, {"type": "Feature", "geometry": {"type": "Point", "coordinates": [-61.495475, 16.207395]}, "properties": {"taxon": "Anolis marmoratus", "scientificName": "Anolis marmoratus Dum\u00e9ril & Bibron, 1837", "date": "2025-08-18", "basis": "HUMAN_OBSERVATION", "dataset": "iNaturalist research-grade observations", "gbifID": "6273250137"}}, {"type": "Feature", "geometry": {"type": "Point", "coordinates": [-61.425844, 16.208351]}, "properties": {"taxon": "Anolis marmoratus", "scientificName": "Anolis marmoratus Dum\u00e9ril & Bibron, 1837", "date": "2025-09-11", "basis": "HUMAN_OBSERVATION", "dataset": "iNaturalist research-grade observations", "gbifID": "5827455284"}}, {"type": "Feature", "geometry": {"type": "Point", "coordinates": [-61.519685, 16.450309]}, "properties": {"taxon": "Anolis marmoratus", "scientificName": "Anolis marmoratus Dum\u00e9ril & Bibron, 1837", "date": "2025-09-13", "basis": "HUMAN_OBSERVATION", "dataset": "iNaturalist research-grade observations", "gbifID": "5828082906"}}, {"type": "Feature", "geometry": {"type": "Point", "coordinates": [-61.638575, 16.161485]}, "properties": {"taxon": "Anolis marmoratus", "scientificName": "Anolis marmoratus Dum\u00e9ril & Bibron, 1837", "date": "2025-09-14", "basis": "HUMAN_OBSERVATION", "dataset": "iNaturalist research-grade observations", "gbifID": "5830578056"}}, {"type": "Feature", "geometry": {"type": "Point", "coordinates": [-61.680855, 16.032655]}, "properties": {"taxon": "Anolis marmoratus", "scientificName": "Anolis marmoratus Dum\u00e9ril & Bibron, 1837", "date": "2025-09-08", "basis": "HUMAN_OBSERVATION", "dataset": "iNaturalist research-grade observations", "gbifID": "5830677975"}}, {"type": "Feature", "geometry": {"type": "Point", "coordinates": [-61.676911, 16.008319]}, "properties": {"taxon": "Anolis marmoratus", "scientificName": "Anolis marmoratus Dum\u00e9ril & Bibron, 1837", "date": "2025-09-07", "basis": "HUMAN_OBSERVATION", "dataset": "iNaturalist research-grade observations", "gbifID": "5830708179"}}, {"type": "Feature", "geometry": {"type": "Point", "coordinates": [-61.670357, 16.034755]}, "properties": {"taxon": "Anolis marmoratus", "scientificName": "Anolis marmoratus Dum\u00e9ril & Bibron, 1837", "date": "2025-09-08", "basis": "HUMAN_OBSERVATION", "dataset": "iNaturalist research-grade observations", "gbifID": "5830739499"}}, {"type": "Feature", "geometry": {"type": "Point", "coordinates": [-61.599865, 16.081096]}, "properties": {"taxon": "Anolis marmoratus", "scientificName": "Anolis marmoratus Dum\u00e9ril & Bibron, 1837", "date": "2025-09-11", "basis": "HUMAN_OBSERVATION", "dataset": "iNaturalist research-grade observations", "gbifID": "5830817069"}}, {"type": "Feature", "geometry": {"type": "Point", "coordinates": [-61.656659, 16.036172]}, "properties": {"taxon": "Anolis marmoratus", "scientificName": "Anolis marmoratus Dum\u00e9ril & Bibron, 1837", "date": "2025-09-25", "basis": "HUMAN_OBSERVATION", "dataset": "iNaturalist research-grade observations", "gbifID": "5837994919"}}, {"type": "Feature", "geometry": {"type": "Point", "coordinates": [-61.692063, 16.171839]}, "properties": {"taxon": "Anolis marmoratus", "scientificName": "Anolis marmoratus Dum\u00e9ril & Bibron, 1837", "date": "2025-09-20", "basis": "HUMAN_OBSERVATION", "dataset": "iNaturalist research-grade observations", "gbifID": "6130040698"}}, {"type": "Feature", "geometry": {"type": "Point", "coordinates": [-61.782394, 16.187186]}, "properties": {"taxon": "Anolis marmoratus", "scientificName": "Anolis marmoratus Dum\u00e9ril & Bibron, 1837", "date": "2025-09-13", "basis": "HUMAN_OBSERVATION", "dataset": "iNaturalist research-grade observations", "gbifID": "6185323125"}}, {"type": "Feature", "geometry": {"type": "Point", "coordinates": [-61.599735, 16.081093]}, "properties": {"taxon": "Anolis marmoratus", "scientificName": "Anolis marmoratus Dum\u00e9ril & Bibron, 1837", "date": "2025-09-07", "basis": "HUMAN_OBSERVATION", "dataset": "iNaturalist research-grade observations", "gbifID": "6185866969"}}, {"type": "Feature", "geometry": {"type": "Point", "coordinates": [-61.599794, 16.081123]}, "properties": {"taxon": "Anolis marmoratus", "scientificName": "Anolis marmoratus Dum\u00e9ril & Bibron, 1837", "date": "2025-10-03", "basis": "HUMAN_OBSERVATION", "dataset": "iNaturalist research-grade observations", "gbifID": "5844348297"}}, {"type": "Feature", "geometry": {"type": "Point", "coordinates": [-61.652138, 15.993726]}, "properties": {"taxon": "Anolis marmoratus", "scientificName": "Anolis marmoratus Dum\u00e9ril & Bibron, 1837", "date": "2025-10-11", "basis": "HUMAN_OBSERVATION", "dataset": "iNaturalist research-grade observations", "gbifID": "5868012516"}}, {"type": "Feature", "geometry": {"type": "Point", "coordinates": [-61.694807, 16.325068]}, "properties": {"taxon": "Anolis marmoratus", "scientificName": "Anolis marmoratus Dum\u00e9ril & Bibron, 1837", "date": "2025-10-27", "basis": "HUMAN_OBSERVATION", "dataset": "iNaturalist research-grade observations", "gbifID": "5890132130"}}, {"type": "Feature", "geometry": {"type": "Point", "coordinates": [-61.462042, 16.198392]}, "properties": {"taxon": "Anolis marmoratus", "scientificName": "Anolis marmoratus Dum\u00e9ril & Bibron, 1837", "date": "2025-10-01", "basis": "HUMAN_OBSERVATION", "dataset": "iNaturalist research-grade observations", "gbifID": "6130219096"}}, {"type": "Feature", "geometry": {"type": "Point", "coordinates": [-61.778133, 16.14339]}, "properties": {"taxon": "Anolis marmoratus", "scientificName": "Anolis marmoratus Dum\u00e9ril & Bibron, 1837", "date": "2025-10-11", "basis": "HUMAN_OBSERVATION", "dataset": "iNaturalist research-grade observations", "gbifID": "6184745925"}}, {"type": "Feature", "geometry": {"type": "Point", "coordinates": [-61.768398, 16.071559]}, "properties": {"taxon": "Anolis marmoratus", "scientificName": "Anolis marmoratus Dum\u00e9ril & Bibron, 1837", "date": "2025-10-05", "basis": "HUMAN_OBSERVATION", "dataset": "iNaturalist research-grade observations", "gbifID": "6185077366"}}, {"type": "Feature", "geometry": {"type": "Point", "coordinates": [-61.429838, 16.210668]}, "properties": {"taxon": "Anolis marmoratus", "scientificName": "Anolis marmoratus Dum\u00e9ril & Bibron, 1837", "date": "2025-11-01", "basis": "HUMAN_OBSERVATION", "dataset": "iNaturalist research-grade observations", "gbifID": "5889505275"}}, {"type": "Feature", "geometry": {"type": "Point", "coordinates": [-61.592587, 16.111407]}, "properties": {"taxon": "Anolis marmoratus", "scientificName": "Anolis marmoratus Dum\u00e9ril & Bibron, 1837", "date": "2025-11-24", "basis": "HUMAN_OBSERVATION", "dataset": "iNaturalist research-grade observations", "gbifID": "5904069366"}}, {"type": "Feature", "geometry": {"type": "Point", "coordinates": [-61.718982, 16.000241]}, "properties": {"taxon": "Anolis marmoratus", "scientificName": "Anolis marmoratus Dum\u00e9ril & Bibron, 1837", "date": "2025-11-25", "basis": "HUMAN_OBSERVATION", "dataset": "iNaturalist research-grade observations", "gbifID": "5908887807"}}, {"type": "Feature", "geometry": {"type": "Point", "coordinates": [-61.582503, 16.147335]}, "properties": {"taxon": "Anolis marmoratus", "scientificName": "Anolis marmoratus Dum\u00e9ril & Bibron, 1837", "date": "2025-11-26", "basis": "HUMAN_OBSERVATION", "dataset": "iNaturalist research-grade observations", "gbifID": "5909131341"}}, {"type": "Feature", "geometry": {"type": "Point", "coordinates": [-61.564694, 16.096724]}, "properties": {"taxon": "Anolis marmoratus", "scientificName": "Anolis marmoratus Dum\u00e9ril & Bibron, 1837", "date": "2025-11-27", "basis": "HUMAN_OBSERVATION", "dataset": "iNaturalist research-grade observations", "gbifID": "5932340235"}}, {"type": "Feature", "geometry": {"type": "Point", "coordinates": [-61.638696, 16.161581]}, "properties": {"taxon": "Anolis marmoratus", "scientificName": "Anolis marmoratus Dum\u00e9ril & Bibron, 1837", "date": "2025-11-15", "basis": "HUMAN_OBSERVATION", "dataset": "iNaturalist research-grade observations", "gbifID": "6130396049"}}, {"type": "Feature", "geometry": {"type": "Point", "coordinates": [-61.723855, 16.000294]}, "properties": {"taxon": "Anolis marmoratus", "scientificName": "Anolis marmoratus Dum\u00e9ril & Bibron, 1837", "date": "2025-11-05", "basis": "HUMAN_OBSERVATION", "dataset": "iNaturalist research-grade observations", "gbifID": "6131577694"}}, {"type": "Feature", "geometry": {"type": "Point", "coordinates": [-61.517637, 16.342862]}, "properties": {"taxon": "Anolis marmoratus", "scientificName": "Anolis marmoratus Dum\u00e9ril & Bibron, 1837", "date": "2025-11-02", "basis": "HUMAN_OBSERVATION", "dataset": "iNaturalist research-grade observations", "gbifID": "6185060774"}}, {"type": "Feature", "geometry": {"type": "Point", "coordinates": [-61.592762, 16.111299]}, "properties": {"taxon": "Anolis marmoratus", "scientificName": "Anolis marmoratus Dum\u00e9ril & Bibron, 1837", "date": "2025-11-24", "basis": "HUMAN_OBSERVATION", "dataset": "iNaturalist research-grade observations", "gbifID": "6185622156"}}, {"type": "Feature", "geometry": {"type": "Point", "coordinates": [-61.560034, 16.048864]}, "properties": {"taxon": "Anolis marmoratus", "scientificName": "Anolis marmoratus Dum\u00e9ril & Bibron, 1837", "date": "2025-12-02", "basis": "HUMAN_OBSERVATION", "dataset": "iNaturalist research-grade observations", "gbifID": "5909170016"}}, {"type": "Feature", "geometry": {"type": "Point", "coordinates": [-61.707572, 15.952053]}, "properties": {"taxon": "Anolis marmoratus", "scientificName": "Anolis marmoratus Dum\u00e9ril & Bibron, 1837", "date": "2025-12-05", "basis": "HUMAN_OBSERVATION", "dataset": "iNaturalist research-grade observations", "gbifID": "5920259228"}}, {"type": "Feature", "geometry": {"type": "Point", "coordinates": [-61.769708, 16.090402]}, "properties": {"taxon": "Anolis marmoratus", "scientificName": "Anolis marmoratus Dum\u00e9ril & Bibron, 1837", "date": "2025-12-25", "basis": "HUMAN_OBSERVATION", "dataset": "iNaturalist research-grade observations", "gbifID": "5935725165"}}, {"type": "Feature", "geometry": {"type": "Point", "coordinates": [-61.746566, 16.228738]}, "properties": {"taxon": "Anolis marmoratus", "scientificName": "Anolis marmoratus Dum\u00e9ril & Bibron, 1837", "date": "2025-12-27", "basis": "HUMAN_OBSERVATION", "dataset": "iNaturalist research-grade observations", "gbifID": "5936064886"}}, {"type": "Feature", "geometry": {"type": "Point", "coordinates": [-61.774682, 16.187197]}, "properties": {"taxon": "Anolis marmoratus", "scientificName": "Anolis marmoratus Dum\u00e9ril & Bibron, 1837", "date": "2025-12-19", "basis": "HUMAN_OBSERVATION", "dataset": "iNaturalist research-grade observations", "gbifID": "5936187884"}}, {"type": "Feature", "geometry": {"type": "Point", "coordinates": [-61.69361, 16.174905]}, "properties": {"taxon": "Anolis marmoratus", "scientificName": "Anolis marmoratus Dum\u00e9ril & Bibron, 1837", "date": "2025-12-24", "basis": "HUMAN_OBSERVATION", "dataset": "iNaturalist research-grade observations", "gbifID": "5938148018"}}, {"type": "Feature", "geometry": {"type": "Point", "coordinates": [-61.640452, 16.067332]}, "properties": {"taxon": "Anolis marmoratus", "scientificName": "Anolis marmoratus Dum\u00e9ril & Bibron, 1837", "date": "2025-12-31", "basis": "HUMAN_OBSERVATION", "dataset": "iNaturalist research-grade observations", "gbifID": "5938441130"}}, {"type": "Feature", "geometry": {"type": "Point", "coordinates": [-61.234951, 16.25416]}, "properties": {"taxon": "Anolis marmoratus", "scientificName": "Anolis marmoratus Dum\u00e9ril & Bibron, 1837", "date": "2025-12-13", "basis": "HUMAN_OBSERVATION", "dataset": "iNaturalist research-grade observations", "gbifID": "6130387018"}}, {"type": "Feature", "geometry": {"type": "Point", "coordinates": [-61.603008, 15.999847]}, "properties": {"taxon": "Anolis marmoratus", "scientificName": "Anolis marmoratus Dum\u00e9ril & Bibron, 1837", "date": "2025-12-04", "basis": "HUMAN_OBSERVATION", "dataset": "iNaturalist research-grade observations", "gbifID": "6184863245"}}, {"type": "Feature", "geometry": {"type": "Point", "coordinates": [-61.601987, 16.080633]}, "properties": {"taxon": "Anolis marmoratus", "scientificName": "Anolis marmoratus Dum\u00e9ril & Bibron, 1837", "date": "2025-12-06", "basis": "HUMAN_OBSERVATION", "dataset": "iNaturalist research-grade observations", "gbifID": "6185606069"}}, {"type": "Feature", "geometry": {"type": "Point", "coordinates": [-61.708433, 16.012722]}, "properties": {"taxon": "Anolis marmoratus", "scientificName": "Anolis marmoratus Dum\u00e9ril & Bibron, 1837", "date": "2024-01-05", "basis": "HUMAN_OBSERVATION", "dataset": "iNaturalist research-grade observations", "gbifID": "4510143804"}}, {"type": "Feature", "geometry": {"type": "Point", "coordinates": [-61.525039, 16.274628]}, "properties": {"taxon": "Anolis marmoratus", "scientificName": "Anolis marmoratus Dum\u00e9ril & Bibron, 1837", "date": "2024-01-16", "basis": "HUMAN_OBSERVATION", "dataset": "iNaturalist research-grade observations", "gbifID": "4512385871"}}, {"type": "Feature", "geometry": {"type": "Point", "coordinates": [-61.700128, 16.282451]}, "properties": {"taxon": "Anolis marmoratus", "scientificName": "Anolis marmoratus Dum\u00e9ril & Bibron, 1837", "date": "2024-01-16", "basis": "HUMAN_OBSERVATION", "dataset": "iNaturalist research-grade observations", "gbifID": "4516270870"}}, {"type": "Feature", "geometry": {"type": "Point", "coordinates": [-61.515561, 16.270484]}, "properties": {"taxon": "Anolis marmoratus", "scientificName": "Anolis marmoratus Dum\u00e9ril & Bibron, 1837", "date": "2024-01-16", "basis": "HUMAN_OBSERVATION", "dataset": "iNaturalist research-grade observations", "gbifID": "4516414303"}}, {"type": "Feature", "geometry": {"type": "Point", "coordinates": [-61.522278, 16.340351]}, "properties": {"taxon": "Anolis marmoratus", "scientificName": "Anolis marmoratus Dum\u00e9ril & Bibron, 1837", "date": "2024-01-16", "basis": "HUMAN_OBSERVATION", "dataset": "iNaturalist research-grade observations", "gbifID": "4516421515"}}, {"type": "Feature", "geometry": {"type": "Point", "coordinates": [-61.469832, 16.238217]}, "properties": {"taxon": "Anolis marmoratus", "scientificName": "Anolis marmoratus Dum\u00e9ril & Bibron, 1837", "date": "2024-01-03", "basis": "HUMAN_OBSERVATION", "dataset": "iNaturalist research-grade observations", "gbifID": "4516431487"}}, {"type": "Feature", "geometry": {"type": "Point", "coordinates": [-61.4742, 16.210063]}, "properties": {"taxon": "Anolis marmoratus", "scientificName": "Anolis marmoratus Dum\u00e9ril & Bibron, 1837", "date": "2024-01-07", "basis": "HUMAN_OBSERVATION", "dataset": "iNaturalist research-grade observations", "gbifID": "4516475539"}}, {"type": "Feature", "geometry": {"type": "Point", "coordinates": [-61.648199, 16.04115]}, "properties": {"taxon": "Anolis marmoratus", "scientificName": "Anolis marmoratus Dum\u00e9ril & Bibron, 1837", "date": "2024-01-21", "basis": "HUMAN_OBSERVATION", "dataset": "iNaturalist research-grade observations", "gbifID": "4516528092"}}, {"type": "Feature", "geometry": {"type": "Point", "coordinates": [-61.469523, 16.239463]}, "properties": {"taxon": "Anolis marmoratus", "scientificName": "Anolis marmoratus Dum\u00e9ril & Bibron, 1837", "date": "2024-01-04", "basis": "HUMAN_OBSERVATION", "dataset": "iNaturalist research-grade observations", "gbifID": "4516837264"}}, {"type": "Feature", "geometry": {"type": "Point", "coordinates": [-61.589135, 16.267991]}, "properties": {"taxon": "Anolis marmoratus", "scientificName": "Anolis marmoratus Dum\u00e9ril & Bibron, 1837", "date": "2024-01-15", "basis": "HUMAN_OBSERVATION", "dataset": "iNaturalist research-grade observations", "gbifID": "4519169997"}}, {"type": "Feature", "geometry": {"type": "Point", "coordinates": [-61.797587, 16.299485]}, "properties": {"taxon": "Anolis marmoratus", "scientificName": "Anolis marmoratus Dum\u00e9ril & Bibron, 1837", "date": "2024-01-16", "basis": "HUMAN_OBSERVATION", "dataset": "iNaturalist research-grade observations", "gbifID": "4519183107"}}, {"type": "Feature", "geometry": {"type": "Point", "coordinates": [-61.207723, 16.251154]}, "properties": {"taxon": "Anolis marmoratus", "scientificName": "Anolis marmoratus Dum\u00e9ril & Bibron, 1837", "date": "2024-01-14", "basis": "HUMAN_OBSERVATION", "dataset": "iNaturalist research-grade observations", "gbifID": "4519183947"}}, {"type": "Feature", "geometry": {"type": "Point", "coordinates": [-61.474206, 16.2101]}, "properties": {"taxon": "Anolis marmoratus", "scientificName": "Anolis marmoratus Dum\u00e9ril & Bibron, 1837", "date": "2024-01-20", "basis": "HUMAN_OBSERVATION", "dataset": "iNaturalist research-grade observations", "gbifID": "4519186305"}}, {"type": "Feature", "geometry": {"type": "Point", "coordinates": [-61.797587, 16.299485]}, "properties": {"taxon": "Anolis marmoratus", "scientificName": "Anolis marmoratus Dum\u00e9ril & Bibron, 1837", "date": "2024-01-16", "basis": "HUMAN_OBSERVATION", "dataset": "iNaturalist research-grade observations", "gbifID": "4519188277"}}, {"type": "Feature", "geometry": {"type": "Point", "coordinates": [-61.490981, 16.19911]}, "properties": {"taxon": "Anolis marmoratus", "scientificName": "Anolis marmoratus Dum\u00e9ril & Bibron, 1837", "date": "2024-01-20", "basis": "HUMAN_OBSERVATION", "dataset": "iNaturalist research-grade observations", "gbifID": "4519260542"}}, {"type": "Feature", "geometry": {"type": "Point", "coordinates": [-61.681, 16.178996]}, "properties": {"taxon": "Anolis marmoratus", "scientificName": "Anolis marmoratus Dum\u00e9ril & Bibron, 1837", "date": "2024-01-17", "basis": "HUMAN_OBSERVATION", "dataset": "iNaturalist research-grade observations", "gbifID": "4901010781"}}, {"type": "Feature", "geometry": {"type": "Point", "coordinates": [-61.752686, 16.181059]}, "properties": {"taxon": "Anolis marmoratus", "scientificName": "Anolis marmoratus Dum\u00e9ril & Bibron, 1837", "date": "2024-01-17", "basis": "HUMAN_OBSERVATION", "dataset": "iNaturalist research-grade observations", "gbifID": "4901977612"}}, {"type": "Feature", "geometry": {"type": "Point", "coordinates": [-61.396097, 16.223238]}, "properties": {"taxon": "Anolis marmoratus", "scientificName": "Anolis marmoratus Dum\u00e9ril & Bibron, 1837", "date": "2024-01-13", "basis": "HUMAN_OBSERVATION", "dataset": "iNaturalist research-grade observations", "gbifID": "5206217727"}}, {"type": "Feature", "geometry": {"type": "Point", "coordinates": [-61.689786, 16.179017]}, "properties": {"taxon": "Anolis marmoratus", "scientificName": "Anolis marmoratus Dum\u00e9ril & Bibron, 1837", "date": "2024-01-18", "basis": "HUMAN_OBSERVATION", "dataset": "iNaturalist research-grade observations", "gbifID": "6185424805"}}, {"type": "Feature", "geometry": {"type": "Point", "coordinates": [-61.728806, 16.177582]}, "properties": {"taxon": "Anolis marmoratus", "scientificName": "Anolis marmoratus Dum\u00e9ril & Bibron, 1837", "date": "2024-02-03", "basis": "HUMAN_OBSERVATION", "dataset": "iNaturalist research-grade observations", "gbifID": "4519199821"}}, {"type": "Feature", "geometry": {"type": "Point", "coordinates": [-61.678405, 16.177988]}, "properties": {"taxon": "Anolis marmoratus", "scientificName": "Anolis marmoratus Dum\u00e9ril & Bibron, 1837", "date": "2024-02-03", "basis": "HUMAN_OBSERVATION", "dataset": "iNaturalist research-grade observations", "gbifID": "4519204108"}}, {"type": "Feature", "geometry": {"type": "Point", "coordinates": [-61.779654, 16.186382]}, "properties": {"taxon": "Anolis marmoratus", "scientificName": "Anolis marmoratus Dum\u00e9ril & Bibron, 1837", "date": "2024-02-04", "basis": "HUMAN_OBSERVATION", "dataset": "iNaturalist research-grade observations", "gbifID": "4519308751"}}, {"type": "Feature", "geometry": {"type": "Point", "coordinates": [-61.686959, 16.266925]}, "properties": {"taxon": "Anolis marmoratus", "scientificName": "Anolis marmoratus Dum\u00e9ril & Bibron, 1837", "date": "2024-02-11", "basis": "HUMAN_OBSERVATION", "dataset": "iNaturalist research-grade observations", "gbifID": "4522724639"}}, {"type": "Feature", "geometry": {"type": "Point", "coordinates": [-61.685987, 16.265321]}, "properties": {"taxon": "Anolis marmoratus", "scientificName": "Anolis marmoratus Dum\u00e9ril & Bibron, 1837", "date": "2024-02-10", "basis": "HUMAN_OBSERVATION", "dataset": "iNaturalist research-grade observations", "gbifID": "4522737207"}}, {"type": "Feature", "geometry": {"type": "Point", "coordinates": [-61.618665, 16.00113]}, "properties": {"taxon": "Anolis marmoratus", "scientificName": "Anolis marmoratus Dum\u00e9ril & Bibron, 1837", "date": "2024-02-09", "basis": "HUMAN_OBSERVATION", "dataset": "iNaturalist research-grade observations", "gbifID": "4522742977"}}, {"type": "Feature", "geometry": {"type": "Point", "coordinates": [-61.618665, 16.00113]}, "properties": {"taxon": "Anolis marmoratus", "scientificName": "Anolis marmoratus Dum\u00e9ril & Bibron, 1837", "date": "2024-02-09", "basis": "HUMAN_OBSERVATION", "dataset": "iNaturalist research-grade observations", "gbifID": "4522754156"}}, {"type": "Feature", "geometry": {"type": "Point", "coordinates": [-61.686959, 16.266925]}, "properties": {"taxon": "Anolis marmoratus", "scientificName": "Anolis marmoratus Dum\u00e9ril & Bibron, 1837", "date": "2024-02-11", "basis": "HUMAN_OBSERVATION", "dataset": "iNaturalist research-grade observations", "gbifID": "4522779569"}}, {"type": "Feature", "geometry": {"type": "Point", "coordinates": [-61.664112, 16.212644]}, "properties": {"taxon": "Anolis marmoratus", "scientificName": "Anolis marmoratus Dum\u00e9ril & Bibron, 1837", "date": "2024-02-19", "basis": "HUMAN_OBSERVATION", "dataset": "iNaturalist research-grade observations", "gbifID": "4525330246"}}, {"type": "Feature", "geometry": {"type": "Point", "coordinates": [-61.789975, 16.232316]}, "properties": {"taxon": "Anolis marmoratus", "scientificName": "Anolis marmoratus Dum\u00e9ril & Bibron, 1837", "date": "2024-02-15", "basis": "HUMAN_OBSERVATION", "dataset": "iNaturalist research-grade observations", "gbifID": "4535573135"}}, {"type": "Feature", "geometry": {"type": "Point", "coordinates": [-61.671083, 15.96084]}, "properties": {"taxon": "Anolis marmoratus", "scientificName": "Anolis marmoratus Dum\u00e9ril & Bibron, 1837", "date": "2024-02-11", "basis": "HUMAN_OBSERVATION", "dataset": "iNaturalist research-grade observations", "gbifID": "4535642874"}}, {"type": "Feature", "geometry": {"type": "Point", "coordinates": [-61.629849, 16.028695]}, "properties": {"taxon": "Anolis marmoratus", "scientificName": "Anolis marmoratus Dum\u00e9ril & Bibron, 1837", "date": "2024-02-12", "basis": "HUMAN_OBSERVATION", "dataset": "iNaturalist research-grade observations", "gbifID": "4535696294"}}, {"type": "Feature", "geometry": {"type": "Point", "coordinates": [-61.53719, 16.21599]}, "properties": {"taxon": "Anolis marmoratus", "scientificName": "Anolis marmoratus Dum\u00e9ril & Bibron, 1837", "date": "2024-02-26", "basis": "HUMAN_OBSERVATION", "dataset": "iNaturalist research-grade observations", "gbifID": "4535984351"}}, {"type": "Feature", "geometry": {"type": "Point", "coordinates": [-61.779105, 16.174955]}, "properties": {"taxon": "Anolis marmoratus", "scientificName": "Anolis marmoratus Dum\u00e9ril & Bibron, 1837", "date": "2024-03-20", "basis": "HUMAN_OBSERVATION", "dataset": "iNaturalist research-grade observations", "gbifID": "4599833030"}}, {"type": "Feature", "geometry": {"type": "Point", "coordinates": [-61.696158, 16.279847]}, "properties": {"taxon": "Anolis marmoratus", "scientificName": "Anolis marmoratus Dum\u00e9ril & Bibron, 1837", "date": "2024-03-16", "basis": "HUMAN_OBSERVATION", "dataset": "iNaturalist research-grade observations", "gbifID": "4599864584"}}, {"type": "Feature", "geometry": {"type": "Point", "coordinates": [-61.68415, 16.285517]}, "properties": {"taxon": "Anolis marmoratus", "scientificName": "Anolis marmoratus Dum\u00e9ril & Bibron, 1837", "date": "2024-03-16", "basis": "HUMAN_OBSERVATION", "dataset": "iNaturalist research-grade observations", "gbifID": "4599988635"}}, {"type": "Feature", "geometry": {"type": "Point", "coordinates": [-61.804425, 16.274962]}, "properties": {"taxon": "Anolis marmoratus", "scientificName": "Anolis marmoratus Dum\u00e9ril & Bibron, 1837", "date": "2024-03-17", "basis": "HUMAN_OBSERVATION", "dataset": "iNaturalist research-grade observations", "gbifID": "4600000625"}}, {"type": "Feature", "geometry": {"type": "Point", "coordinates": [-61.682995, 16.287278]}, "properties": {"taxon": "Anolis marmoratus", "scientificName": "Anolis marmoratus Dum\u00e9ril & Bibron, 1837", "date": "2024-03-16", "basis": "HUMAN_OBSERVATION", "dataset": "iNaturalist research-grade observations", "gbifID": "4600010650"}}, {"type": "Feature", "geometry": {"type": "Point", "coordinates": [-61.69603, 16.279828]}, "properties": {"taxon": "Anolis marmoratus", "scientificName": "Anolis marmoratus Dum\u00e9ril & Bibron, 1837", "date": "2024-03-16", "basis": "HUMAN_OBSERVATION", "dataset": "iNaturalist research-grade observations", "gbifID": "4600080677"}}, {"type": "Feature", "geometry": {"type": "Point", "coordinates": [-61.185986, 16.25269]}, "properties": {"taxon": "Anolis marmoratus", "scientificName": "Anolis marmoratus Dum\u00e9ril & Bibron, 1837", "date": "2024-03-24", "basis": "HUMAN_OBSERVATION", "dataset": "iNaturalist research-grade observations", "gbifID": "4606898095"}}, {"type": "Feature", "geometry": {"type": "Point", "coordinates": [-61.590579, 16.181421]}, "properties": {"taxon": "Anolis marmoratus", "scientificName": "Anolis marmoratus Dum\u00e9ril & Bibron, 1837", "date": "2024-03-22", "basis": "HUMAN_OBSERVATION", "dataset": "iNaturalist research-grade observations", "gbifID": "4606948458"}}, {"type": "Feature", "geometry": {"type": "Point", "coordinates": [-61.391643, 16.223087]}, "properties": {"taxon": "Anolis marmoratus", "scientificName": "Anolis marmoratus Dum\u00e9ril & Bibron, 1837", "date": "2024-03-27", "basis": "HUMAN_OBSERVATION", "dataset": "iNaturalist research-grade observations", "gbifID": "4606950558"}}, {"type": "Feature", "geometry": {"type": "Point", "coordinates": [-61.629993, 16.028688]}, "properties": {"taxon": "Anolis marmoratus", "scientificName": "Anolis marmoratus Dum\u00e9ril & Bibron, 1837", "date": "2024-03-29", "basis": "HUMAN_OBSERVATION", "dataset": "iNaturalist research-grade observations", "gbifID": "4606955087"}}, {"type": "Feature", "geometry": {"type": "Point", "coordinates": [-61.186062, 16.252696]}, "properties": {"taxon": "Anolis marmoratus", "scientificName": "Anolis marmoratus Dum\u00e9ril & Bibron, 1837", "date": "2024-03-24", "basis": "HUMAN_OBSERVATION", "dataset": "iNaturalist research-grade observations", "gbifID": "4606966170"}}, {"type": "Feature", "geometry": {"type": "Point", "coordinates": [-61.749625, 16.351287]}, "properties": {"taxon": "Anolis marmoratus", "scientificName": "Anolis marmoratus Dum\u00e9ril & Bibron, 1837", "date": "2024-03-30", "basis": "HUMAN_OBSERVATION", "dataset": "iNaturalist research-grade observations", "gbifID": "4607102440"}}, {"type": "Feature", "geometry": {"type": "Point", "coordinates": [-61.464526, 16.198413]}, "properties": {"taxon": "Anolis marmoratus", "scientificName": "Anolis marmoratus Dum\u00e9ril & Bibron, 1837", "date": "2024-03-30", "basis": "HUMAN_OBSERVATION", "dataset": "iNaturalist research-grade observations", "gbifID": "4607123004"}}, {"type": "Feature", "geometry": {"type": "Point", "coordinates": [-61.629926, 16.02877]}, "properties": {"taxon": "Anolis marmoratus", "scientificName": "Anolis marmoratus Dum\u00e9ril & Bibron, 1837", "date": "2024-03-29", "basis": "HUMAN_OBSERVATION", "dataset": "iNaturalist research-grade observations", "gbifID": "4607498158"}}, {"type": "Feature", "geometry": {"type": "Point", "coordinates": [-61.644702, 15.992027]}, "properties": {"taxon": "Anolis marmoratus", "scientificName": "Anolis marmoratus Dum\u00e9ril & Bibron, 1837", "date": "2024-03-19", "basis": "HUMAN_OBSERVATION", "dataset": "iNaturalist research-grade observations", "gbifID": "4908321636"}}, {"type": "Feature", "geometry": {"type": "Point", "coordinates": [-61.644702, 15.992027]}, "properties": {"taxon": "Anolis marmoratus", "scientificName": "Anolis marmoratus Dum\u00e9ril & Bibron, 1837", "date": "2024-03-18", "basis": "HUMAN_OBSERVATION", "dataset": "iNaturalist research-grade observations", "gbifID": "4908596623"}}, {"type": "Feature", "geometry": {"type": "Point", "coordinates": [-61.62266, 16.08235]}, "properties": {"taxon": "Anolis marmoratus", "scientificName": "Anolis marmoratus Dum\u00e9ril & Bibron, 1837", "date": "2024-03-16", "basis": "HUMAN_OBSERVATION", "dataset": "iNaturalist research-grade observations", "gbifID": "4978255899"}}, {"type": "Feature", "geometry": {"type": "Point", "coordinates": [-61.629927, 16.028767]}, "properties": {"taxon": "Anolis marmoratus", "scientificName": "Anolis marmoratus Dum\u00e9ril & Bibron, 1837", "date": "2024-03-29", "basis": "HUMAN_OBSERVATION", "dataset": "iNaturalist research-grade observations", "gbifID": "4978344122"}}, {"type": "Feature", "geometry": {"type": "Point", "coordinates": [-61.508673, 16.207691]}, "properties": {"taxon": "Anolis marmoratus", "scientificName": "Anolis marmoratus Dum\u00e9ril & Bibron, 1837", "date": "2024-04-16", "basis": "HUMAN_OBSERVATION", "dataset": "iNaturalist research-grade observations", "gbifID": "4852611807"}}, {"type": "Feature", "geometry": {"type": "Point", "coordinates": [-61.60182, 16.080472]}, "properties": {"taxon": "Anolis marmoratus", "scientificName": "Anolis marmoratus Dum\u00e9ril & Bibron, 1837", "date": "2024-04-01", "basis": "HUMAN_OBSERVATION", "dataset": "iNaturalist research-grade observations", "gbifID": "4978571913"}}, {"type": "Feature", "geometry": {"type": "Point", "coordinates": [-61.574268, 16.023132]}, "properties": {"taxon": "Anolis marmoratus", "scientificName": "Anolis marmoratus Dum\u00e9ril & Bibron, 1837", "date": "2024-05-04", "basis": "HUMAN_OBSERVATION", "dataset": "iNaturalist research-grade observations", "gbifID": "4854789578"}}, {"type": "Feature", "geometry": {"type": "Point", "coordinates": [-61.796513, 16.299894]}, "properties": {"taxon": "Anolis marmoratus", "scientificName": "Anolis marmoratus Dum\u00e9ril & Bibron, 1837", "date": "2024-05-09", "basis": "HUMAN_OBSERVATION", "dataset": "iNaturalist research-grade observations", "gbifID": "4863581990"}}, {"type": "Feature", "geometry": {"type": "Point", "coordinates": [-61.796513, 16.299881]}, "properties": {"taxon": "Anolis marmoratus", "scientificName": "Anolis marmoratus Dum\u00e9ril & Bibron, 1837", "date": "2024-05-09", "basis": "HUMAN_OBSERVATION", "dataset": "iNaturalist research-grade observations", "gbifID": "4863790640"}}, {"type": "Feature", "geometry": {"type": "Point", "coordinates": [-61.796513, 16.299894]}, "properties": {"taxon": "Anolis marmoratus", "scientificName": "Anolis marmoratus Dum\u00e9ril & Bibron, 1837", "date": "2024-05-09", "basis": "HUMAN_OBSERVATION", "dataset": "iNaturalist research-grade observations", "gbifID": "4863956026"}}, {"type": "Feature", "geometry": {"type": "Point", "coordinates": [-61.7816, 16.175332]}, "properties": {"taxon": "Anolis marmoratus", "scientificName": "Anolis marmoratus Dum\u00e9ril & Bibron, 1837", "date": "2024-05-23", "basis": "HUMAN_OBSERVATION", "dataset": "iNaturalist research-grade observations", "gbifID": "4904122252"}}, {"type": "Feature", "geometry": {"type": "Point", "coordinates": [-61.595616, 16.067342]}, "properties": {"taxon": "Anolis marmoratus", "scientificName": "Anolis marmoratus Dum\u00e9ril & Bibron, 1837", "date": "2024-05-09", "basis": "HUMAN_OBSERVATION", "dataset": "iNaturalist research-grade observations", "gbifID": "4980707678"}}, {"type": "Feature", "geometry": {"type": "Point", "coordinates": [-61.696257, 16.040791]}, "properties": {"taxon": "Anolis marmoratus", "scientificName": "Anolis marmoratus Dum\u00e9ril & Bibron, 1837", "date": "2024-05-17", "basis": "HUMAN_OBSERVATION", "dataset": "iNaturalist research-grade observations", "gbifID": "5828878513"}}, {"type": "Feature", "geometry": {"type": "Point", "coordinates": [-61.728492, 15.998311]}, "properties": {"taxon": "Anolis marmoratus", "scientificName": "Anolis marmoratus Dum\u00e9ril & Bibron, 1837", "date": "2024-06-17", "basis": "HUMAN_OBSERVATION", "dataset": "iNaturalist research-grade observations", "gbifID": "4908462019"}}, {"type": "Feature", "geometry": {"type": "Point", "coordinates": [-61.726858, 16.001828]}, "properties": {"taxon": "Anolis marmoratus", "scientificName": "Anolis marmoratus Dum\u00e9ril & Bibron, 1837", "date": "2024-07-10", "basis": "HUMAN_OBSERVATION", "dataset": "iNaturalist research-grade observations", "gbifID": "4908434675"}}, {"type": "Feature", "geometry": {"type": "Point", "coordinates": [-61.694906, 16.001281]}, "properties": {"taxon": "Anolis marmoratus", "scientificName": "Anolis marmoratus Dum\u00e9ril & Bibron, 1837", "date": "2024-07-08", "basis": "HUMAN_OBSERVATION", "dataset": "iNaturalist research-grade observations", "gbifID": "4908883723"}}, {"type": "Feature", "geometry": {"type": "Point", "coordinates": [-61.638232, 16.000315]}, "properties": {"taxon": "Anolis marmoratus", "scientificName": "Anolis marmoratus Dum\u00e9ril & Bibron, 1837", "date": "2024-08-20", "basis": "HUMAN_OBSERVATION", "dataset": "iNaturalist research-grade observations", "gbifID": "4936411846"}}, {"type": "Feature", "geometry": {"type": "Point", "coordinates": [-61.639259, 16.145961]}, "properties": {"taxon": "Anolis marmoratus", "scientificName": "Anolis marmoratus Dum\u00e9ril & Bibron, 1837", "date": "2024-08-29", "basis": "HUMAN_OBSERVATION", "dataset": "iNaturalist research-grade observations", "gbifID": "4945848144"}}, {"type": "Feature", "geometry": {"type": "Point", "coordinates": [-61.715488, 16.028345]}, "properties": {"taxon": "Anolis marmoratus", "scientificName": "Anolis marmoratus Dum\u00e9ril & Bibron, 1837", "date": "2024-08-14", "basis": "HUMAN_OBSERVATION", "dataset": "iNaturalist research-grade observations", "gbifID": "4953140839"}}, {"type": "Feature", "geometry": {"type": "Point", "coordinates": [-61.528943, 16.243498]}, "properties": {"taxon": "Anolis marmoratus", "scientificName": "Anolis marmoratus Dum\u00e9ril & Bibron, 1837", "date": "2024-09-01", "basis": "HUMAN_OBSERVATION", "dataset": "iNaturalist research-grade observations", "gbifID": "4936182658"}}, {"type": "Feature", "geometry": {"type": "Point", "coordinates": [-61.528979, 16.24353]}, "properties": {"taxon": "Anolis marmoratus", "scientificName": "Anolis marmoratus Dum\u00e9ril & Bibron, 1837", "date": "2024-09-02", "basis": "HUMAN_OBSERVATION", "dataset": "iNaturalist research-grade observations", "gbifID": "4936240365"}}, {"type": "Feature", "geometry": {"type": "Point", "coordinates": [-61.528983, 16.243514]}, "properties": {"taxon": "Anolis marmoratus", "scientificName": "Anolis marmoratus Dum\u00e9ril & Bibron, 1837", "date": "2024-09-02", "basis": "HUMAN_OBSERVATION", "dataset": "iNaturalist research-grade observations", "gbifID": "4937046903"}}, {"type": "Feature", "geometry": {"type": "Point", "coordinates": [-61.628419, 15.981147]}, "properties": {"taxon": "Anolis marmoratus", "scientificName": "Anolis marmoratus Dum\u00e9ril & Bibron, 1837", "date": "2024-09-05", "basis": "HUMAN_OBSERVATION", "dataset": "iNaturalist research-grade observations", "gbifID": "4946169892"}}, {"type": "Feature", "geometry": {"type": "Point", "coordinates": [-61.529162, 16.243557]}, "properties": {"taxon": "Anolis marmoratus", "scientificName": "Anolis marmoratus Dum\u00e9ril & Bibron, 1837", "date": "2024-09-01", "basis": "HUMAN_OBSERVATION", "dataset": "iNaturalist research-grade observations", "gbifID": "5087050958"}}, {"type": "Feature", "geometry": {"type": "Point", "coordinates": [-61.7681, 16.314496]}, "properties": {"taxon": "Anolis marmoratus", "scientificName": "Anolis marmoratus Dum\u00e9ril & Bibron, 1837", "date": "2024-10-23", "basis": "HUMAN_OBSERVATION", "dataset": "iNaturalist research-grade observations", "gbifID": "4976370095"}}, {"type": "Feature", "geometry": {"type": "Point", "coordinates": [-61.7055, 16.016168]}, "properties": {"taxon": "Anolis marmoratus", "scientificName": "Anolis marmoratus Dum\u00e9ril & Bibron, 1837", "date": "2024-10-19", "basis": "HUMAN_OBSERVATION", "dataset": "iNaturalist research-grade observations", "gbifID": "5007956337"}}, {"type": "Feature", "geometry": {"type": "Point", "coordinates": [-61.602045, 16.007424]}, "properties": {"taxon": "Anolis marmoratus", "scientificName": "Anolis marmoratus Dum\u00e9ril & Bibron, 1837", "date": "2024-10-09", "basis": "HUMAN_OBSERVATION", "dataset": "iNaturalist research-grade observations", "gbifID": "6188268726"}}, {"type": "Feature", "geometry": {"type": "Point", "coordinates": [-61.602855, 16.009267]}, "properties": {"taxon": "Anolis marmoratus", "scientificName": "Anolis marmoratus Dum\u00e9ril & Bibron, 1837", "date": "2024-10-20", "basis": "HUMAN_OBSERVATION", "dataset": "iNaturalist research-grade observations", "gbifID": "6195837901"}}, {"type": "Feature", "geometry": {"type": "Point", "coordinates": [-61.492204, 16.206158]}, "properties": {"taxon": "Anolis marmoratus", "scientificName": "Anolis marmoratus Dum\u00e9ril & Bibron, 1837", "date": "2024-11-06", "basis": "HUMAN_OBSERVATION", "dataset": "iNaturalist research-grade observations", "gbifID": "4980257863"}}, {"type": "Feature", "geometry": {"type": "Point", "coordinates": [-61.602829, 16.077629]}, "properties": {"taxon": "Anolis marmoratus", "scientificName": "Anolis marmoratus Dum\u00e9ril & Bibron, 1837", "date": "2024-11-10", "basis": "HUMAN_OBSERVATION", "dataset": "iNaturalist research-grade observations", "gbifID": "4980399135"}}, {"type": "Feature", "geometry": {"type": "Point", "coordinates": [-61.629967, 16.084044]}, "properties": {"taxon": "Anolis marmoratus", "scientificName": "Anolis marmoratus Dum\u00e9ril & Bibron, 1837", "date": "2024-11-10", "basis": "HUMAN_OBSERVATION", "dataset": "iNaturalist research-grade observations", "gbifID": "4980537407"}}, {"type": "Feature", "geometry": {"type": "Point", "coordinates": [-61.784771, 16.223378]}, "properties": {"taxon": "Anolis marmoratus", "scientificName": "Anolis marmoratus Dum\u00e9ril & Bibron, 1837", "date": "2024-11-11", "basis": "HUMAN_OBSERVATION", "dataset": "iNaturalist research-grade observations", "gbifID": "4982037848"}}, {"type": "Feature", "geometry": {"type": "Point", "coordinates": [-61.721434, 16.350503]}, "properties": {"taxon": "Anolis marmoratus", "scientificName": "Anolis marmoratus Dum\u00e9ril & Bibron, 1837", "date": "2024-11-13", "basis": "HUMAN_OBSERVATION", "dataset": "iNaturalist research-grade observations", "gbifID": "4982308037"}}, {"type": "Feature", "geometry": {"type": "Point", "coordinates": [-61.79646, 16.305099]}, "properties": {"taxon": "Anolis marmoratus", "scientificName": "Anolis marmoratus Dum\u00e9ril & Bibron, 1837", "date": "2024-11-11", "basis": "HUMAN_OBSERVATION", "dataset": "iNaturalist research-grade observations", "gbifID": "4982317503"}}, {"type": "Feature", "geometry": {"type": "Point", "coordinates": [-61.794174, 16.316995]}, "properties": {"taxon": "Anolis marmoratus", "scientificName": "Anolis marmoratus Dum\u00e9ril & Bibron, 1837", "date": "2024-11-11", "basis": "HUMAN_OBSERVATION", "dataset": "iNaturalist research-grade observations", "gbifID": "4982322007"}}, {"type": "Feature", "geometry": {"type": "Point", "coordinates": [-61.638903, 16.041747]}, "properties": {"taxon": "Anolis marmoratus", "scientificName": "Anolis marmoratus Dum\u00e9ril & Bibron, 1837", "date": "2024-11-21", "basis": "HUMAN_OBSERVATION", "dataset": "iNaturalist research-grade observations", "gbifID": "4987571524"}}, {"type": "Feature", "geometry": {"type": "Point", "coordinates": [-61.629933, 16.028801]}, "properties": {"taxon": "Anolis marmoratus", "scientificName": "Anolis marmoratus Dum\u00e9ril & Bibron, 1837", "date": "2024-11-21", "basis": "HUMAN_OBSERVATION", "dataset": "iNaturalist research-grade observations", "gbifID": "4987590304"}}, {"type": "Feature", "geometry": {"type": "Point", "coordinates": [-61.632138, 16.167628]}, "properties": {"taxon": "Anolis marmoratus", "scientificName": "Anolis marmoratus Dum\u00e9ril & Bibron, 1837", "date": "2024-11-21", "basis": "HUMAN_OBSERVATION", "dataset": "iNaturalist research-grade observations", "gbifID": "4987722543"}}, {"type": "Feature", "geometry": {"type": "Point", "coordinates": [-61.726775, 16.001872]}, "properties": {"taxon": "Anolis marmoratus", "scientificName": "Anolis marmoratus Dum\u00e9ril & Bibron, 1837", "date": "2024-11-29", "basis": "HUMAN_OBSERVATION", "dataset": "iNaturalist research-grade observations", "gbifID": "4994340431"}}, {"type": "Feature", "geometry": {"type": "Point", "coordinates": [-61.492204, 16.206158]}, "properties": {"taxon": "Anolis marmoratus", "scientificName": "Anolis marmoratus Dum\u00e9ril & Bibron, 1837", "date": "2024-11-06", "basis": "HUMAN_OBSERVATION", "dataset": "iNaturalist research-grade observations", "gbifID": "6185804437"}}, {"type": "Feature", "geometry": {"type": "Point", "coordinates": [-61.602016, 16.007336]}, "properties": {"taxon": "Anolis marmoratus", "scientificName": "Anolis marmoratus Dum\u00e9ril & Bibron, 1837", "date": "2024-11-07", "basis": "HUMAN_OBSERVATION", "dataset": "iNaturalist research-grade observations", "gbifID": "6195491800"}}, {"type": "Feature", "geometry": {"type": "Point", "coordinates": [-61.66713, 15.968603]}, "properties": {"taxon": "Anolis marmoratus", "scientificName": "Anolis marmoratus Dum\u00e9ril & Bibron, 1837", "date": "2024-11-11", "basis": "HUMAN_OBSERVATION", "dataset": "iNaturalist research-grade observations", "gbifID": "6398735429"}}, {"type": "Feature", "geometry": {"type": "Point", "coordinates": [-61.790242, 16.320605]}, "properties": {"taxon": "Anolis marmoratus", "scientificName": "Anolis marmoratus Dum\u00e9ril & Bibron, 1837", "date": "2024-11-10", "basis": "HUMAN_OBSERVATION", "dataset": "iNaturalist research-grade observations", "gbifID": "6400918528"}}, {"type": "Feature", "geometry": {"type": "Point", "coordinates": [-61.599395, 16.083323]}, "properties": {"taxon": "Anolis marmoratus", "scientificName": "Anolis marmoratus Dum\u00e9ril & Bibron, 1837", "date": "2024-12-15", "basis": "HUMAN_OBSERVATION", "dataset": "iNaturalist research-grade observations", "gbifID": "5006817358"}}, {"type": "Feature", "geometry": {"type": "Point", "coordinates": [-61.599939, 16.080429]}, "properties": {"taxon": "Anolis marmoratus", "scientificName": "Anolis marmoratus Dum\u00e9ril & Bibron, 1837", "date": "2024-12-15", "basis": "HUMAN_OBSERVATION", "dataset": "iNaturalist research-grade observations", "gbifID": "5006994194"}}, {"type": "Feature", "geometry": {"type": "Point", "coordinates": [-61.603409, 16.080108]}, "properties": {"taxon": "Anolis marmoratus", "scientificName": "Anolis marmoratus Dum\u00e9ril & Bibron, 1837", "date": "2024-12-23", "basis": "HUMAN_OBSERVATION", "dataset": "iNaturalist research-grade observations", "gbifID": "5007370168"}}, {"type": "Feature", "geometry": {"type": "Point", "coordinates": [-61.629706, 16.028828]}, "properties": {"taxon": "Anolis marmoratus", "scientificName": "Anolis marmoratus Dum\u00e9ril & Bibron, 1837", "date": "2024-12-12", "basis": "HUMAN_OBSERVATION", "dataset": "iNaturalist research-grade observations", "gbifID": "5007913290"}}, {"type": "Feature", "geometry": {"type": "Point", "coordinates": [-61.511038, 16.252606]}, "properties": {"taxon": "Anolis marmoratus", "scientificName": "Anolis marmoratus Dum\u00e9ril & Bibron, 1837", "date": "2024-12-29", "basis": "HUMAN_OBSERVATION", "dataset": "iNaturalist research-grade observations", "gbifID": "5008384127"}}, {"type": "Feature", "geometry": {"type": "Point", "coordinates": [-61.600241, 16.083357]}, "properties": {"taxon": "Anolis marmoratus", "scientificName": "Anolis marmoratus Dum\u00e9ril & Bibron, 1837", "date": "2024-12-15", "basis": "HUMAN_OBSERVATION", "dataset": "iNaturalist research-grade observations", "gbifID": "6184868197"}}, {"type": "Feature", "geometry": {"type": "Point", "coordinates": [-61.783589, 16.3171]}, "properties": {"taxon": "Anolis marmoratus", "scientificName": "Anolis marmoratus Dum\u00e9ril & Bibron, 1837", "date": "2023-01-15", "basis": "HUMAN_OBSERVATION", "dataset": "iNaturalist research-grade observations", "gbifID": "4018351359"}}, {"type": "Feature", "geometry": {"type": "Point", "coordinates": [-61.37135, 16.32028]}, "properties": {"taxon": "Anolis marmoratus", "scientificName": "Anolis marmoratus Dum\u00e9ril & Bibron, 1837", "date": "2023-01-13", "basis": "HUMAN_OBSERVATION", "dataset": null, "gbifID": "4150085310"}}, {"type": "Feature", "geometry": {"type": "Point", "coordinates": [-61.780033, 16.207817]}, "properties": {"taxon": "Anolis marmoratus", "scientificName": "Anolis marmoratus Dum\u00e9ril & Bibron, 1837", "date": "2023-01-26", "basis": "HUMAN_OBSERVATION", "dataset": "iNaturalist research-grade observations", "gbifID": "4527985053"}}, {"type": "Feature", "geometry": {"type": "Point", "coordinates": [-61.746225, 16.11902]}, "properties": {"taxon": "Anolis marmoratus", "scientificName": "Anolis marmoratus Dum\u00e9ril & Bibron, 1837", "date": "2023-01-20", "basis": "HUMAN_OBSERVATION", "dataset": "iNaturalist research-grade observations", "gbifID": "4528284123"}}, {"type": "Feature", "geometry": {"type": "Point", "coordinates": [-61.505282, 16.220096]}, "properties": {"taxon": "Anolis marmoratus", "scientificName": "Anolis marmoratus Dum\u00e9ril & Bibron, 1837", "date": "2023-01-26", "basis": "HUMAN_OBSERVATION", "dataset": "iNaturalist research-grade observations", "gbifID": "5216367383"}}, {"type": "Feature", "geometry": {"type": "Point", "coordinates": [-61.507653, 16.209794]}, "properties": {"taxon": "Anolis marmoratus", "scientificName": "Anolis marmoratus Dum\u00e9ril & Bibron, 1837", "date": "2023-01-03", "basis": "HUMAN_OBSERVATION", "dataset": "iNaturalist research-grade observations", "gbifID": "5216828397"}}, {"type": "Feature", "geometry": {"type": "Point", "coordinates": [-61.505155, 16.219681]}, "properties": {"taxon": "Anolis marmoratus", "scientificName": "Anolis marmoratus Dum\u00e9ril & Bibron, 1837", "date": "2023-01-26", "basis": "HUMAN_OBSERVATION", "dataset": "iNaturalist research-grade observations", "gbifID": "6185413458"}}, {"type": "Feature", "geometry": {"type": "Point", "coordinates": [-61.789975, 16.232309]}, "properties": {"taxon": "Anolis marmoratus", "scientificName": "Anolis marmoratus Dum\u00e9ril & Bibron, 1837", "date": "2023-02-07", "basis": "HUMAN_OBSERVATION", "dataset": "iNaturalist research-grade observations", "gbifID": "4034813805"}}, {"type": "Feature", "geometry": {"type": "Point", "coordinates": [-61.645031, 15.978156]}, "properties": {"taxon": "Anolis marmoratus", "scientificName": "Anolis marmoratus Dum\u00e9ril & Bibron, 1837", "date": "2023-03-13", "basis": "HUMAN_OBSERVATION", "dataset": "iNaturalist research-grade observations", "gbifID": "4067224774"}}, {"type": "Feature", "geometry": {"type": "Point", "coordinates": [-61.765796, 16.114879]}, "properties": {"taxon": "Anolis marmoratus", "scientificName": "Anolis marmoratus Dum\u00e9ril & Bibron, 1837", "date": "2023-03-23", "basis": "HUMAN_OBSERVATION", "dataset": "iNaturalist research-grade observations", "gbifID": "4075698212"}}, {"type": "Feature", "geometry": {"type": "Point", "coordinates": [-61.660345, 16.02035]}, "properties": {"taxon": "Anolis marmoratus", "scientificName": "Anolis marmoratus Dum\u00e9ril & Bibron, 1837", "date": "2023-03-13", "basis": "HUMAN_OBSERVATION", "dataset": "iNaturalist research-grade observations", "gbifID": "4075887276"}}, {"type": "Feature", "geometry": {"type": "Point", "coordinates": [-61.396332, 16.219437]}, "properties": {"taxon": "Anolis marmoratus", "scientificName": "Anolis marmoratus Dum\u00e9ril & Bibron, 1837", "date": "2023-03-23", "basis": "HUMAN_OBSERVATION", "dataset": "iNaturalist research-grade observations", "gbifID": "4137979755"}}, {"type": "Feature", "geometry": {"type": "Point", "coordinates": [-61.396545, 16.21953]}, "properties": {"taxon": "Anolis marmoratus", "scientificName": "Anolis marmoratus Dum\u00e9ril & Bibron, 1837", "date": "2023-03-22", "basis": "HUMAN_OBSERVATION", "dataset": "iNaturalist research-grade observations", "gbifID": "4138264473"}}, {"type": "Feature", "geometry": {"type": "Point", "coordinates": [-61.70736, 15.95186]}, "properties": {"taxon": "Anolis marmoratus", "scientificName": "Anolis marmoratus Dum\u00e9ril & Bibron, 1837", "date": "2023-03-31", "basis": "HUMAN_OBSERVATION", "dataset": null, "gbifID": "4149173631"}}, {"type": "Feature", "geometry": {"type": "Point", "coordinates": [-61.654208, 16.209461]}, "properties": {"taxon": "Anolis marmoratus", "scientificName": "Anolis marmoratus Dum\u00e9ril & Bibron, 1837", "date": "2023-03-05", "basis": "HUMAN_OBSERVATION", "dataset": "iNaturalist research-grade observations", "gbifID": "4875008691"}}, {"type": "Feature", "geometry": {"type": "Point", "coordinates": [-61.799621, 16.299609]}, "properties": {"taxon": "Anolis marmoratus", "scientificName": "Anolis marmoratus Dum\u00e9ril & Bibron, 1837", "date": "2023-03-22", "basis": "HUMAN_OBSERVATION", "dataset": "iNaturalist research-grade observations", "gbifID": "4936139335"}}, {"type": "Feature", "geometry": {"type": "Point", "coordinates": [-61.801027, 16.286306]}, "properties": {"taxon": "Anolis marmoratus", "scientificName": "Anolis marmoratus Dum\u00e9ril & Bibron, 1837", "date": "2023-03-26", "basis": "HUMAN_OBSERVATION", "dataset": "iNaturalist research-grade observations", "gbifID": "5216057406"}}, {"type": "Feature", "geometry": {"type": "Point", "coordinates": [-61.801648, 16.28662]}, "properties": {"taxon": "Anolis marmoratus", "scientificName": "Anolis marmoratus Dum\u00e9ril & Bibron, 1837", "date": "2023-03-26", "basis": "HUMAN_OBSERVATION", "dataset": "iNaturalist research-grade observations", "gbifID": "5216673401"}}, {"type": "Feature", "geometry": {"type": "Point", "coordinates": [-61.801617, 16.286567]}, "properties": {"taxon": "Anolis marmoratus", "scientificName": "Anolis marmoratus Dum\u00e9ril & Bibron, 1837", "date": "2023-03-26", "basis": "HUMAN_OBSERVATION", "dataset": "iNaturalist research-grade observations", "gbifID": "6185223584"}}, {"type": "Feature", "geometry": {"type": "Point", "coordinates": [-61.705623, 16.01373]}, "properties": {"taxon": "Anolis marmoratus", "scientificName": "Anolis marmoratus Dum\u00e9ril & Bibron, 1837", "date": "2023-04-28", "basis": "HUMAN_OBSERVATION", "dataset": "iNaturalist research-grade observations", "gbifID": "4102583288"}}, {"type": "Feature", "geometry": {"type": "Point", "coordinates": [-61.49135, 16.199097]}, "properties": {"taxon": "Anolis marmoratus", "scientificName": "Anolis marmoratus Dum\u00e9ril & Bibron, 1837", "date": "2023-04-22", "basis": "HUMAN_OBSERVATION", "dataset": "iNaturalist research-grade observations", "gbifID": "4121317974"}}, {"type": "Feature", "geometry": {"type": "Point", "coordinates": [-61.70055, 15.97703]}, "properties": {"taxon": "Anolis marmoratus", "scientificName": "Ctenonotus marmoratus (Dum\u00e9ril & Bibron, 1837)", "date": "2023-04-12", "basis": "HUMAN_OBSERVATION", "dataset": null, "gbifID": "4151137448"}}, {"type": "Feature", "geometry": {"type": "Point", "coordinates": [-61.70352, 16.02114]}, "properties": {"taxon": "Anolis marmoratus", "scientificName": "Ctenonotus marmoratus (Dum\u00e9ril & Bibron, 1837)", "date": "2023-04-13", "basis": "HUMAN_OBSERVATION", "dataset": null, "gbifID": "4151137546"}}, {"type": "Feature", "geometry": {"type": "Point", "coordinates": [-61.50817, 16.20906]}, "properties": {"taxon": "Anolis marmoratus", "scientificName": "Ctenonotus marmoratus speciosus (Garman, 1887)", "date": "2023-04-16", "basis": "HUMAN_OBSERVATION", "dataset": null, "gbifID": "4151137807"}}, {"type": "Feature", "geometry": {"type": "Point", "coordinates": [-61.70292, 16.02138]}, "properties": {"taxon": "Anolis marmoratus", "scientificName": "Ctenonotus marmoratus (Dum\u00e9ril & Bibron, 1837)", "date": "2023-04-15", "basis": "HUMAN_OBSERVATION", "dataset": null, "gbifID": "4151138221"}}, {"type": "Feature", "geometry": {"type": "Point", "coordinates": [-61.72344, 15.99825]}, "properties": {"taxon": "Anolis marmoratus", "scientificName": "Ctenonotus marmoratus alliaceus (Cope, 1864)", "date": "2023-04-12", "basis": "HUMAN_OBSERVATION", "dataset": null, "gbifID": "4151138255"}}, {"type": "Feature", "geometry": {"type": "Point", "coordinates": [-61.635182, 16.154417]}, "properties": {"taxon": "Anolis marmoratus", "scientificName": "Anolis marmoratus Dum\u00e9ril & Bibron, 1837", "date": "2023-04-22", "basis": "HUMAN_OBSERVATION", "dataset": "iNaturalist research-grade observations", "gbifID": "5215762388"}}, {"type": "Feature", "geometry": {"type": "Point", "coordinates": [-61.7079, 16.016938]}, "properties": {"taxon": "Anolis marmoratus", "scientificName": "Anolis marmoratus Dum\u00e9ril & Bibron, 1837", "date": "2023-04-20", "basis": "HUMAN_OBSERVATION", "dataset": "iNaturalist research-grade observations", "gbifID": "5215922398"}}, {"type": "Feature", "geometry": {"type": "Point", "coordinates": [-61.421835, 16.209921]}, "properties": {"taxon": "Anolis marmoratus", "scientificName": "Anolis marmoratus Dum\u00e9ril & Bibron, 1837", "date": "2023-04-01", "basis": "HUMAN_OBSERVATION", "dataset": "iNaturalist research-grade observations", "gbifID": "5216463381"}}, {"type": "Feature", "geometry": {"type": "Point", "coordinates": [-61.388751, 16.227692]}, "properties": {"taxon": "Anolis marmoratus", "scientificName": "Anolis marmoratus Dum\u00e9ril & Bibron, 1837", "date": "2023-06-05", "basis": "HUMAN_OBSERVATION", "dataset": "iNaturalist research-grade observations", "gbifID": "4130299682"}}, {"type": "Feature", "geometry": {"type": "Point", "coordinates": [-61.529594, 16.268926]}, "properties": {"taxon": "Anolis marmoratus", "scientificName": "Anolis marmoratus Dum\u00e9ril & Bibron, 1837", "date": "2023-06-06", "basis": "HUMAN_OBSERVATION", "dataset": "iNaturalist research-grade observations", "gbifID": "4994590253"}}, {"type": "Feature", "geometry": {"type": "Point", "coordinates": [-61.455346, 16.207389]}, "properties": {"taxon": "Anolis marmoratus", "scientificName": "Anolis marmoratus Dum\u00e9ril & Bibron, 1837", "date": "2023-07-13", "basis": "HUMAN_OBSERVATION", "dataset": "iNaturalist research-grade observations", "gbifID": "4162098233"}}, {"type": "Feature", "geometry": {"type": "Point", "coordinates": [-61.696023, 16.281288]}, "properties": {"taxon": "Anolis marmoratus", "scientificName": "Anolis marmoratus Dum\u00e9ril & Bibron, 1837", "date": "2023-07-17", "basis": "HUMAN_OBSERVATION", "dataset": "iNaturalist research-grade observations", "gbifID": "4171207829"}}, {"type": "Feature", "geometry": {"type": "Point", "coordinates": [-61.770487, 16.15212]}, "properties": {"taxon": "Anolis marmoratus", "scientificName": "Anolis marmoratus Dum\u00e9ril & Bibron, 1837", "date": "2023-07-29", "basis": "HUMAN_OBSERVATION", "dataset": "iNaturalist research-grade observations", "gbifID": "4171602247"}}, {"type": "Feature", "geometry": {"type": "Point", "coordinates": [-61.626085, 16.045402]}, "properties": {"taxon": "Anolis marmoratus", "scientificName": "Anolis marmoratus marmoratus Dum\u00e9ril & Bibron, 1837", "date": "2023-08-28", "basis": "HUMAN_OBSERVATION", "dataset": "iNaturalist research-grade observations", "gbifID": "4407525461"}}, {"type": "Feature", "geometry": {"type": "Point", "coordinates": [-61.626088, 16.045436]}, "properties": {"taxon": "Anolis marmoratus", "scientificName": "Anolis marmoratus marmoratus Dum\u00e9ril & Bibron, 1837", "date": "2023-08-28", "basis": "HUMAN_OBSERVATION", "dataset": "iNaturalist research-grade observations", "gbifID": "4407539531"}}, {"type": "Feature", "geometry": {"type": "Point", "coordinates": [-61.62576, 16.04539]}, "properties": {"taxon": "Anolis marmoratus", "scientificName": "Anolis marmoratus marmoratus Dum\u00e9ril & Bibron, 1837", "date": "2023-08-28", "basis": "HUMAN_OBSERVATION", "dataset": "iNaturalist research-grade observations", "gbifID": "4416713517"}}, {"type": "Feature", "geometry": {"type": "Point", "coordinates": [-61.551, 16.265]}, "properties": {"taxon": "Anolis marmoratus", "scientificName": "Anolis marmoratus Dum\u00e9ril & Bibron, 1837", "date": "2023-08-08", "basis": "HUMAN_OBSERVATION", "dataset": "iNaturalist research-grade observations", "gbifID": "4597108629"}}, {"type": "Feature", "geometry": {"type": "Point", "coordinates": [-61.761597, 16.138674]}, "properties": {"taxon": "Anolis marmoratus", "scientificName": "Anolis marmoratus Dum\u00e9ril & Bibron, 1837", "date": "2023-08-10", "basis": "HUMAN_OBSERVATION", "dataset": "iNaturalist research-grade observations", "gbifID": "6185793711"}}, {"type": "Feature", "geometry": {"type": "Point", "coordinates": [-61.698185, 16.045399]}, "properties": {"taxon": "Anolis marmoratus", "scientificName": "Anolis marmoratus Dum\u00e9ril & Bibron, 1837", "date": "2023-09-21", "basis": "HUMAN_OBSERVATION", "dataset": "iNaturalist research-grade observations", "gbifID": "4416937151"}}, {"type": "Feature", "geometry": {"type": "Point", "coordinates": [-61.517269, 16.026342]}, "properties": {"taxon": "Anolis marmoratus", "scientificName": "Anolis marmoratus Dum\u00e9ril & Bibron, 1837", "date": "2023-09-21", "basis": "HUMAN_OBSERVATION", "dataset": "iNaturalist research-grade observations", "gbifID": "4421143571"}}, {"type": "Feature", "geometry": {"type": "Point", "coordinates": [-61.801431, 16.275423]}, "properties": {"taxon": "Anolis marmoratus", "scientificName": "Anolis marmoratus Dum\u00e9ril & Bibron, 1837", "date": "2023-09-02", "basis": "HUMAN_OBSERVATION", "dataset": "iNaturalist research-grade observations", "gbifID": "4431223159"}}, {"type": "Feature", "geometry": {"type": "Point", "coordinates": [-61.769459, 16.096375]}, "properties": {"taxon": "Anolis marmoratus", "scientificName": "Anolis marmoratus Dum\u00e9ril & Bibron, 1837", "date": "2023-11-07", "basis": "HUMAN_OBSERVATION", "dataset": "iNaturalist research-grade observations", "gbifID": "4438691155"}}, {"type": "Feature", "geometry": {"type": "Point", "coordinates": [-61.177218, 16.247545]}, "properties": {"taxon": "Anolis marmoratus", "scientificName": "Anolis marmoratus Dum\u00e9ril & Bibron, 1837", "date": "2023-11-16", "basis": "HUMAN_OBSERVATION", "dataset": "iNaturalist research-grade observations", "gbifID": "4506457442"}}, {"type": "Feature", "geometry": {"type": "Point", "coordinates": [-61.384983, 16.228889]}, "properties": {"taxon": "Anolis marmoratus", "scientificName": "Anolis marmoratus Dum\u00e9ril & Bibron, 1837", "date": "2023-11-28", "basis": "HUMAN_OBSERVATION", "dataset": "iNaturalist research-grade observations", "gbifID": "4597041402"}}, {"type": "Feature", "geometry": {"type": "Point", "coordinates": [-61.385994, 16.229083]}, "properties": {"taxon": "Anolis marmoratus", "scientificName": "Anolis marmoratus Dum\u00e9ril & Bibron, 1837", "date": "2023-11-27", "basis": "HUMAN_OBSERVATION", "dataset": "iNaturalist research-grade observations", "gbifID": "4597460555"}}, {"type": "Feature", "geometry": {"type": "Point", "coordinates": [-61.773167, 16.347425]}, "properties": {"taxon": "Anolis marmoratus", "scientificName": "Anolis marmoratus Dum\u00e9ril & Bibron, 1837", "date": "2023-12-02", "basis": "HUMAN_OBSERVATION", "dataset": "iNaturalist research-grade observations", "gbifID": "4458699688"}}, {"type": "Feature", "geometry": {"type": "Point", "coordinates": [-61.797922, 16.298565]}, "properties": {"taxon": "Anolis marmoratus", "scientificName": "Anolis marmoratus Dum\u00e9ril & Bibron, 1837", "date": "2023-12-23", "basis": "HUMAN_OBSERVATION", "dataset": "iNaturalist research-grade observations", "gbifID": "4510237421"}}, {"type": "Feature", "geometry": {"type": "Point", "coordinates": [-61.797102, 16.296487]}, "properties": {"taxon": "Anolis marmoratus", "scientificName": "Anolis marmoratus Dum\u00e9ril & Bibron, 1837", "date": "2023-12-23", "basis": "HUMAN_OBSERVATION", "dataset": "iNaturalist research-grade observations", "gbifID": "4510432316"}}, {"type": "Feature", "geometry": {"type": "Point", "coordinates": [-61.777805, 16.147802]}, "properties": {"taxon": "Anolis marmoratus", "scientificName": "Anolis marmoratus Dum\u00e9ril & Bibron, 1837", "date": "2023-12-20", "basis": "HUMAN_OBSERVATION", "dataset": "iNaturalist research-grade observations", "gbifID": "4512413509"}}, {"type": "Feature", "geometry": {"type": "Point", "coordinates": [-61.46915, 16.239558]}, "properties": {"taxon": "Anolis marmoratus", "scientificName": "Anolis marmoratus Dum\u00e9ril & Bibron, 1837", "date": "2023-12-31", "basis": "HUMAN_OBSERVATION", "dataset": "iNaturalist research-grade observations", "gbifID": "4516777990"}}, {"type": "Feature", "geometry": {"type": "Point", "coordinates": [-61.788922, 16.16875]}, "properties": {"taxon": "Anolis marmoratus", "scientificName": "Anolis marmoratus Dum\u00e9ril & Bibron, 1837", "date": "2023-12-10", "basis": "HUMAN_OBSERVATION", "dataset": "iNaturalist research-grade observations", "gbifID": "4597012644"}}, {"type": "Feature", "geometry": {"type": "Point", "coordinates": [-61.789403, 16.167931]}, "properties": {"taxon": "Anolis marmoratus", "scientificName": "Anolis marmoratus Dum\u00e9ril & Bibron, 1837", "date": "2023-12-10", "basis": "HUMAN_OBSERVATION", "dataset": "iNaturalist research-grade observations", "gbifID": "4597015540"}}, {"type": "Feature", "geometry": {"type": "Point", "coordinates": [-61.78927, 16.167978]}, "properties": {"taxon": "Anolis marmoratus", "scientificName": "Anolis marmoratus Dum\u00e9ril & Bibron, 1837", "date": "2023-12-03", "basis": "HUMAN_OBSERVATION", "dataset": "iNaturalist research-grade observations", "gbifID": "4597312595"}}, {"type": "Feature", "geometry": {"type": "Point", "coordinates": [-61.789986, 16.168528]}, "properties": {"taxon": "Anolis marmoratus", "scientificName": "Anolis marmoratus Dum\u00e9ril & Bibron, 1837", "date": "2023-12-10", "basis": "HUMAN_OBSERVATION", "dataset": "iNaturalist research-grade observations", "gbifID": "4597470529"}}, {"type": "Feature", "geometry": {"type": "Point", "coordinates": [-61.789422, 16.167944]}, "properties": {"taxon": "Anolis marmoratus", "scientificName": "Anolis marmoratus Dum\u00e9ril & Bibron, 1837", "date": "2023-12-10", "basis": "HUMAN_OBSERVATION", "dataset": "iNaturalist research-grade observations", "gbifID": "4597511637"}}, {"type": "Feature", "geometry": {"type": "Point", "coordinates": [-61.798243, 16.298712]}, "properties": {"taxon": "Anolis marmoratus", "scientificName": "Anolis marmoratus Dum\u00e9ril & Bibron, 1837", "date": "2023-12-23", "basis": "HUMAN_OBSERVATION", "dataset": "iNaturalist research-grade observations", "gbifID": "6184951900"}}, {"type": "Feature", "geometry": {"type": "Point", "coordinates": [-61.788892, 16.168781]}, "properties": {"taxon": "Anolis marmoratus", "scientificName": "Anolis marmoratus Dum\u00e9ril & Bibron, 1837", "date": "2023-12-10", "basis": "HUMAN_OBSERVATION", "dataset": "iNaturalist research-grade observations", "gbifID": "6422445548"}}, {"type": "Feature", "geometry": {"type": "Point", "coordinates": [-61.69095, 15.95107]}, "properties": {"taxon": "Anolis marmoratus", "scientificName": "Anolis marmoratus Dum\u00e9ril & Bibron, 1837", "date": "2023-03-31", "basis": "HUMAN_OBSERVATION", "dataset": null, "gbifID": "4149165222"}}, {"type": "Feature", "geometry": {"type": "Point", "coordinates": [-61.74831, 16.32974]}, "properties": {"taxon": "Anolis marmoratus", "scientificName": "Ctenonotus marmoratus setosus (Lazell, 1964)", "date": "2022-01-22", "basis": "HUMAN_OBSERVATION", "dataset": null, "gbifID": "3939724311"}}, {"type": "Feature", "geometry": {"type": "Point", "coordinates": [-61.6555, 16.31763]}, "properties": {"taxon": "Anolis marmoratus", "scientificName": "Ctenonotus marmoratus speciosus (Garman, 1887)", "date": "2022-01-17", "basis": "HUMAN_OBSERVATION", "dataset": null, "gbifID": "3939724331"}}, {"type": "Feature", "geometry": {"type": "Point", "coordinates": [-61.66939, 15.97295]}, "properties": {"taxon": "Anolis marmoratus", "scientificName": "Ctenonotus marmoratus (Dum\u00e9ril & Bibron, 1837)", "date": "2022-01-13", "basis": "HUMAN_OBSERVATION", "dataset": null, "gbifID": "3939724440"}}, {"type": "Feature", "geometry": {"type": "Point", "coordinates": [-61.78936, 16.32131]}, "properties": {"taxon": "Anolis marmoratus", "scientificName": "Ctenonotus marmoratus setosus (Lazell, 1964)", "date": "2022-01-16", "basis": "HUMAN_OBSERVATION", "dataset": null, "gbifID": "3939724587"}}, {"type": "Feature", "geometry": {"type": "Point", "coordinates": [-61.78977, 16.31388]}, "properties": {"taxon": "Anolis marmoratus", "scientificName": "Ctenonotus marmoratus setosus (Lazell, 1964)", "date": "2022-01-19", "basis": "HUMAN_OBSERVATION", "dataset": null, "gbifID": "3939724661"}}, {"type": "Feature", "geometry": {"type": "Point", "coordinates": [-61.79804, 16.31318]}, "properties": {"taxon": "Anolis marmoratus", "scientificName": "Ctenonotus marmoratus setosus (Lazell, 1964)", "date": "2022-01-19", "basis": "HUMAN_OBSERVATION", "dataset": null, "gbifID": "3939724972"}}, {"type": "Feature", "geometry": {"type": "Point", "coordinates": [-61.7969, 16.31767]}, "properties": {"taxon": "Anolis marmoratus", "scientificName": "Ctenonotus marmoratus setosus (Lazell, 1964)", "date": "2022-01-19", "basis": "HUMAN_OBSERVATION", "dataset": null, "gbifID": "3939724987"}}, {"type": "Feature", "geometry": {"type": "Point", "coordinates": [-61.79366, 16.31786]}, "properties": {"taxon": "Anolis marmoratus", "scientificName": "Ctenonotus marmoratus setosus (Lazell, 1964)", "date": "2022-01-19", "basis": "HUMAN_OBSERVATION", "dataset": null, "gbifID": "3939725082"}}, {"type": "Feature", "geometry": {"type": "Point", "coordinates": [-61.66669, 15.96608]}, "properties": {"taxon": "Anolis marmoratus", "scientificName": "Ctenonotus marmoratus (Dum\u00e9ril & Bibron, 1837)", "date": "2022-01-09", "basis": "HUMAN_OBSERVATION", "dataset": null, "gbifID": "3939732528"}}, {"type": "Feature", "geometry": {"type": "Point", "coordinates": [-61.67136, 15.97588]}, "properties": {"taxon": "Anolis marmoratus", "scientificName": "Ctenonotus marmoratus (Dum\u00e9ril & Bibron, 1837)", "date": "2022-01-13", "basis": "HUMAN_OBSERVATION", "dataset": null, "gbifID": "3939732593"}}, {"type": "Feature", "geometry": {"type": "Point", "coordinates": [-61.75371, 16.35268]}, "properties": {"taxon": "Anolis marmoratus", "scientificName": "Ctenonotus marmoratus setosus (Lazell, 1964)", "date": "2022-01-16", "basis": "HUMAN_OBSERVATION", "dataset": null, "gbifID": "3939732647"}}, {"type": "Feature", "geometry": {"type": "Point", "coordinates": [-61.7646, 16.28758]}, "properties": {"taxon": "Anolis marmoratus", "scientificName": "Ctenonotus marmoratus alliaceus (Cope, 1864)", "date": "2022-01-18", "basis": "HUMAN_OBSERVATION", "dataset": null, "gbifID": "3939732658"}}, {"type": "Feature", "geometry": {"type": "Point", "coordinates": [-61.66673, 15.96597]}, "properties": {"taxon": "Anolis marmoratus", "scientificName": "Ctenonotus marmoratus (Dum\u00e9ril & Bibron, 1837)", "date": "2022-01-14", "basis": "HUMAN_OBSERVATION", "dataset": null, "gbifID": "3939732765"}}, {"type": "Feature", "geometry": {"type": "Point", "coordinates": [-61.66652, 15.96591]}, "properties": {"taxon": "Anolis marmoratus", "scientificName": "Ctenonotus marmoratus (Dum\u00e9ril & Bibron, 1837)", "date": "2022-01-08", "basis": "HUMAN_OBSERVATION", "dataset": null, "gbifID": "3939732834"}}, {"type": "Feature", "geometry": {"type": "Point", "coordinates": [-61.74587, 16.22843]}, "properties": {"taxon": "Anolis marmoratus", "scientificName": "Ctenonotus marmoratus (Dum\u00e9ril & Bibron, 1837)", "date": "2022-01-21", "basis": "HUMAN_OBSERVATION", "dataset": null, "gbifID": "3939732841"}}, {"type": "Feature", "geometry": {"type": "Point", "coordinates": [-61.56371, 16.2546]}, "properties": {"taxon": "Anolis marmoratus", "scientificName": "Ctenonotus marmoratus speciosus (Garman, 1887)", "date": "2022-01-22", "basis": "HUMAN_OBSERVATION", "dataset": null, "gbifID": "3939732942"}}, {"type": "Feature", "geometry": {"type": "Point", "coordinates": [-61.7364, 16.0386]}, "properties": {"taxon": "Anolis marmoratus", "scientificName": "Ctenonotus marmoratus girafus (Lazell, 1964)", "date": "2022-01-13", "basis": "HUMAN_OBSERVATION", "dataset": null, "gbifID": "3939732988"}}, {"type": "Feature", "geometry": {"type": "Point", "coordinates": [-61.79061, 16.31993]}, "properties": {"taxon": "Anolis marmoratus", "scientificName": "Ctenonotus marmoratus setosus (Lazell, 1964)", "date": "2022-01-16", "basis": "HUMAN_OBSERVATION", "dataset": null, "gbifID": "3939733109"}}, {"type": "Feature", "geometry": {"type": "Point", "coordinates": [-61.76844, 16.0785]}, "properties": {"taxon": "Anolis marmoratus", "scientificName": "Ctenonotus marmoratus girafus (Lazell, 1964)", "date": "2022-01-10", "basis": "HUMAN_OBSERVATION", "dataset": null, "gbifID": "3939733203"}}, {"type": "Feature", "geometry": {"type": "Point", "coordinates": [-61.62987, 16.02879]}, "properties": {"taxon": "Anolis marmoratus", "scientificName": "Ctenonotus marmoratus marmoratus", "date": "2022-01-11", "basis": "HUMAN_OBSERVATION", "dataset": null, "gbifID": "3939733267"}}, {"type": "Feature", "geometry": {"type": "Point", "coordinates": [-61.59108, 16.14637]}, "properties": {"taxon": "Anolis marmoratus", "scientificName": "Ctenonotus marmoratus marmoratus", "date": "2022-01-11", "basis": "HUMAN_OBSERVATION", "dataset": null, "gbifID": "3939733287"}}, {"type": "Feature", "geometry": {"type": "Point", "coordinates": [-61.78996, 16.32078]}, "properties": {"taxon": "Anolis marmoratus", "scientificName": "Ctenonotus marmoratus setosus (Lazell, 1964)", "date": "2022-01-16", "basis": "HUMAN_OBSERVATION", "dataset": null, "gbifID": "3939743320"}}, {"type": "Feature", "geometry": {"type": "Point", "coordinates": [-61.73564, 16.17763]}, "properties": {"taxon": "Anolis marmoratus", "scientificName": "Ctenonotus marmoratus alliaceus (Cope, 1864)", "date": "2022-01-15", "basis": "HUMAN_OBSERVATION", "dataset": null, "gbifID": "3939743391"}}, {"type": "Feature", "geometry": {"type": "Point", "coordinates": [-61.67066, 15.97516]}, "properties": {"taxon": "Anolis marmoratus", "scientificName": "Ctenonotus marmoratus (Dum\u00e9ril & Bibron, 1837)", "date": "2022-01-13", "basis": "HUMAN_OBSERVATION", "dataset": null, "gbifID": "3939743424"}}, {"type": "Feature", "geometry": {"type": "Point", "coordinates": [-61.74563, 16.23094]}, "properties": {"taxon": "Anolis marmoratus", "scientificName": "Ctenonotus marmoratus (Dum\u00e9ril & Bibron, 1837)", "date": "2022-01-21", "basis": "HUMAN_OBSERVATION", "dataset": null, "gbifID": "3939743609"}}, {"type": "Feature", "geometry": {"type": "Point", "coordinates": [-61.64872, 16.31669]}, "properties": {"taxon": "Anolis marmoratus", "scientificName": "Ctenonotus marmoratus speciosus (Garman, 1887)", "date": "2022-01-17", "basis": "HUMAN_OBSERVATION", "dataset": null, "gbifID": "3939743804"}}, {"type": "Feature", "geometry": {"type": "Point", "coordinates": [-61.79751, 16.31657]}, "properties": {"taxon": "Anolis marmoratus", "scientificName": "Ctenonotus marmoratus setosus (Lazell, 1964)", "date": "2022-01-19", "basis": "HUMAN_OBSERVATION", "dataset": null, "gbifID": "3939743881"}}, {"type": "Feature", "geometry": {"type": "Point", "coordinates": [-61.62156, 16.23528]}, "properties": {"taxon": "Anolis marmoratus", "scientificName": "Ctenonotus marmoratus speciosus (Garman, 1887)", "date": "2022-01-22", "basis": "HUMAN_OBSERVATION", "dataset": null, "gbifID": "3939744037"}}, {"type": "Feature", "geometry": {"type": "Point", "coordinates": [-61.7442, 16.2316]}, "properties": {"taxon": "Anolis marmoratus", "scientificName": "Ctenonotus marmoratus (Dum\u00e9ril & Bibron, 1837)", "date": "2022-01-21", "basis": "HUMAN_OBSERVATION", "dataset": null, "gbifID": "3939744094"}}, {"type": "Feature", "geometry": {"type": "Point", "coordinates": [-61.667139, 15.965925]}, "properties": {"taxon": "Anolis marmoratus", "scientificName": "Anolis marmoratus Dum\u00e9ril & Bibron, 1837", "date": "2022-01-09", "basis": "HUMAN_OBSERVATION", "dataset": "iNaturalist research-grade observations", "gbifID": "4510177690"}}, {"type": "Feature", "geometry": {"type": "Point", "coordinates": [-61.768824, 16.078852]}, "properties": {"taxon": "Anolis marmoratus", "scientificName": "Anolis marmoratus Dum\u00e9ril & Bibron, 1837", "date": "2022-01-10", "basis": "HUMAN_OBSERVATION", "dataset": "iNaturalist research-grade observations", "gbifID": "4510178635"}}, {"type": "Feature", "geometry": {"type": "Point", "coordinates": [-61.526867, 16.291719]}, "properties": {"taxon": "Anolis marmoratus", "scientificName": "Anolis marmoratus Dum\u00e9ril & Bibron, 1837", "date": "2022-01-24", "basis": "HUMAN_OBSERVATION", "dataset": "iNaturalist research-grade observations", "gbifID": "4510376678"}}, {"type": "Feature", "geometry": {"type": "Point", "coordinates": [-61.748976, 16.329051]}, "properties": {"taxon": "Anolis marmoratus", "scientificName": "Anolis marmoratus Dum\u00e9ril & Bibron, 1837", "date": "2022-01-22", "basis": "HUMAN_OBSERVATION", "dataset": "iNaturalist research-grade observations", "gbifID": "4510388670"}}, {"type": "Feature", "geometry": {"type": "Point", "coordinates": [-61.707034, 16.016303]}, "properties": {"taxon": "Anolis marmoratus", "scientificName": "Anolis marmoratus Dum\u00e9ril & Bibron, 1837", "date": "2022-01-10", "basis": "HUMAN_OBSERVATION", "dataset": "iNaturalist research-grade observations", "gbifID": "4510393725"}}, {"type": "Feature", "geometry": {"type": "Point", "coordinates": [-61.681423, 16.230561]}, "properties": {"taxon": "Anolis marmoratus", "scientificName": "Anolis marmoratus Dum\u00e9ril & Bibron, 1837", "date": "2022-01-08", "basis": "HUMAN_OBSERVATION", "dataset": "iNaturalist research-grade observations", "gbifID": "4510397714"}}, {"type": "Feature", "geometry": {"type": "Point", "coordinates": [-61.667139, 15.966379]}, "properties": {"taxon": "Anolis marmoratus", "scientificName": "Anolis marmoratus Dum\u00e9ril & Bibron, 1837", "date": "2022-01-08", "basis": "HUMAN_OBSERVATION", "dataset": "iNaturalist research-grade observations", "gbifID": "4510405616"}}, {"type": "Feature", "geometry": {"type": "Point", "coordinates": [-61.769118, 16.068614]}, "properties": {"taxon": "Anolis marmoratus", "scientificName": "Anolis marmoratus Dum\u00e9ril & Bibron, 1837", "date": "2022-01-10", "basis": "HUMAN_OBSERVATION", "dataset": "iNaturalist research-grade observations", "gbifID": "4510420712"}}, {"type": "Feature", "geometry": {"type": "Point", "coordinates": [-61.708918, 16.176822]}, "properties": {"taxon": "Anolis marmoratus", "scientificName": "Anolis marmoratus Dum\u00e9ril & Bibron, 1837", "date": "2022-01-15", "basis": "HUMAN_OBSERVATION", "dataset": "iNaturalist research-grade observations", "gbifID": "4510425709"}}, {"type": "Feature", "geometry": {"type": "Point", "coordinates": [-61.29393, 15.9061]}, "properties": {"taxon": "Anolis marmoratus", "scientificName": "Ctenonotus marmoratus (Dum\u00e9ril & Bibron, 1837)", "date": "2022-01-29", "basis": "HUMAN_OBSERVATION", "dataset": null, "gbifID": "4589413331"}}, {"type": "Feature", "geometry": {"type": "Point", "coordinates": [-61.38745, 16.25742]}, "properties": {"taxon": "Anolis marmoratus", "scientificName": "Ctenonotus marmoratus (Dum\u00e9ril & Bibron, 1837)", "date": "2022-01-25", "basis": "HUMAN_OBSERVATION", "dataset": null, "gbifID": "4589413393"}}, {"type": "Feature", "geometry": {"type": "Point", "coordinates": [-61.38745, 16.25742]}, "properties": {"taxon": "Anolis marmoratus", "scientificName": "Ctenonotus marmoratus (Dum\u00e9ril & Bibron, 1837)", "date": "2022-01-25", "basis": "HUMAN_OBSERVATION", "dataset": null, "gbifID": "4589413459"}}, {"type": "Feature", "geometry": {"type": "Point", "coordinates": [-61.29393, 15.9061]}, "properties": {"taxon": "Anolis marmoratus", "scientificName": "Ctenonotus marmoratus (Dum\u00e9ril & Bibron, 1837)", "date": "2022-01-28", "basis": "HUMAN_OBSERVATION", "dataset": null, "gbifID": "4589413534"}}, {"type": "Feature", "geometry": {"type": "Point", "coordinates": [-61.38745, 16.25742]}, "properties": {"taxon": "Anolis marmoratus", "scientificName": "Ctenonotus marmoratus (Dum\u00e9ril & Bibron, 1837)", "date": "2022-01-27", "basis": "HUMAN_OBSERVATION", "dataset": null, "gbifID": "4589413551"}}, {"type": "Feature", "geometry": {"type": "Point", "coordinates": [-61.65751, 16.17166]}, "properties": {"taxon": "Anolis marmoratus", "scientificName": "Ctenonotus marmoratus (Dum\u00e9ril & Bibron, 1837)", "date": "2022-01-26", "basis": "HUMAN_OBSERVATION", "dataset": null, "gbifID": "4589413560"}}, {"type": "Feature", "geometry": {"type": "Point", "coordinates": [-61.38745, 16.25742]}, "properties": {"taxon": "Anolis marmoratus", "scientificName": "Ctenonotus marmoratus (Dum\u00e9ril & Bibron, 1837)", "date": "2022-01-25", "basis": "HUMAN_OBSERVATION", "dataset": null, "gbifID": "4589413573"}}, {"type": "Feature", "geometry": {"type": "Point", "coordinates": [-61.29393, 15.9061]}, "properties": {"taxon": "Anolis marmoratus", "scientificName": "Ctenonotus marmoratus (Dum\u00e9ril & Bibron, 1837)", "date": "2022-01-29", "basis": "HUMAN_OBSERVATION", "dataset": null, "gbifID": "4589413631"}}, {"type": "Feature", "geometry": {"type": "Point", "coordinates": [-61.38745, 16.25742]}, "properties": {"taxon": "Anolis marmoratus", "scientificName": "Ctenonotus marmoratus (Dum\u00e9ril & Bibron, 1837)", "date": "2022-01-25", "basis": "HUMAN_OBSERVATION", "dataset": null, "gbifID": "4589413715"}}, {"type": "Feature", "geometry": {"type": "Point", "coordinates": [-61.29393, 15.9061]}, "properties": {"taxon": "Anolis marmoratus", "scientificName": "Ctenonotus marmoratus (Dum\u00e9ril & Bibron, 1837)", "date": "2022-01-29", "basis": "HUMAN_OBSERVATION", "dataset": null, "gbifID": "4589413727"}}, {"type": "Feature", "geometry": {"type": "Point", "coordinates": [-61.176607, 16.244422]}, "properties": {"taxon": "Anolis marmoratus", "scientificName": "Anolis marmoratus Dum\u00e9ril & Bibron, 1837", "date": "2022-01-01", "basis": "HUMAN_OBSERVATION", "dataset": "iNaturalist research-grade observations", "gbifID": "6518660737"}}, {"type": "Feature", "geometry": {"type": "Point", "coordinates": [-61.797673, 16.299629]}, "properties": {"taxon": "Anolis marmoratus", "scientificName": "Anolis marmoratus Dum\u00e9ril & Bibron, 1837", "date": "2022-01-05", "basis": "HUMAN_OBSERVATION", "dataset": "iNaturalist research-grade observations", "gbifID": "6519279409"}}, {"type": "Feature", "geometry": {"type": "Point", "coordinates": [-61.176607, 16.244422]}, "properties": {"taxon": "Anolis marmoratus", "scientificName": "Anolis marmoratus Dum\u00e9ril & Bibron, 1837", "date": "2022-01-01", "basis": "HUMAN_OBSERVATION", "dataset": "iNaturalist research-grade observations", "gbifID": "6520013190"}}, {"type": "Feature", "geometry": {"type": "Point", "coordinates": [-61.529199, 16.226472]}, "properties": {"taxon": "Anolis marmoratus", "scientificName": "Anolis marmoratus Dum\u00e9ril & Bibron, 1837", "date": "2022-02-09", "basis": "HUMAN_OBSERVATION", "dataset": "iNaturalist research-grade observations", "gbifID": "4102592384"}}, {"type": "Feature", "geometry": {"type": "Point", "coordinates": [-61.759061, 16.225028]}, "properties": {"taxon": "Anolis marmoratus", "scientificName": "Anolis marmoratus Dum\u00e9ril & Bibron, 1837", "date": "2022-02-20", "basis": "HUMAN_OBSERVATION", "dataset": "iNaturalist research-grade observations", "gbifID": "6178693663"}}, {"type": "Feature", "geometry": {"type": "Point", "coordinates": [-61.777143, 16.170105]}, "properties": {"taxon": "Anolis marmoratus", "scientificName": "Anolis marmoratus Dum\u00e9ril & Bibron, 1837", "date": "2022-03-25", "basis": "HUMAN_OBSERVATION", "dataset": "iNaturalist research-grade observations", "gbifID": "3747205535"}}, {"type": "Feature", "geometry": {"type": "Point", "coordinates": [-61.561185, 16.100555]}, "properties": {"taxon": "Anolis marmoratus", "scientificName": "Anolis marmoratus Dum\u00e9ril & Bibron, 1837", "date": "2022-03-27", "basis": "HUMAN_OBSERVATION", "dataset": "iNaturalist research-grade observations", "gbifID": "3759197146"}}, {"type": "Feature", "geometry": {"type": "Point", "coordinates": [-61.640872, 16.216282]}, "properties": {"taxon": "Anolis marmoratus", "scientificName": "Anolis marmoratus Dum\u00e9ril & Bibron, 1837", "date": "2022-03-28", "basis": "HUMAN_OBSERVATION", "dataset": "iNaturalist research-grade observations", "gbifID": "3759279317"}}, {"type": "Feature", "geometry": {"type": "Point", "coordinates": [-61.522171, 16.21398]}, "properties": {"taxon": "Anolis marmoratus", "scientificName": "Anolis marmoratus Dum\u00e9ril & Bibron, 1837", "date": "2022-03-30", "basis": "HUMAN_OBSERVATION", "dataset": "iNaturalist research-grade observations", "gbifID": "3759550410"}}, {"type": "Feature", "geometry": {"type": "Point", "coordinates": [-61.75106, 16.180561]}, "properties": {"taxon": "Anolis marmoratus", "scientificName": "Anolis marmoratus Dum\u00e9ril & Bibron, 1837", "date": "2022-03-27", "basis": "HUMAN_OBSERVATION", "dataset": "iNaturalist research-grade observations", "gbifID": "3759651258"}}, {"type": "Feature", "geometry": {"type": "Point", "coordinates": [-61.751146, 16.179211]}, "properties": {"taxon": "Anolis marmoratus", "scientificName": "Anolis marmoratus Dum\u00e9ril & Bibron, 1837", "date": "2022-03-27", "basis": "HUMAN_OBSERVATION", "dataset": "iNaturalist research-grade observations", "gbifID": "3759653192"}}, {"type": "Feature", "geometry": {"type": "Point", "coordinates": [-61.465078, 16.197198]}, "properties": {"taxon": "Anolis marmoratus", "scientificName": "Anolis marmoratus Dum\u00e9ril & Bibron, 1837", "date": "2022-04-07", "basis": "HUMAN_OBSERVATION", "dataset": "iNaturalist research-grade observations", "gbifID": "3759246254"}}, {"type": "Feature", "geometry": {"type": "Point", "coordinates": [-61.635305, 15.859385]}, "properties": {"taxon": "Anolis marmoratus", "scientificName": "Anolis marmoratus caryae Lazell, 1964", "date": "2022-04-19", "basis": "HUMAN_OBSERVATION", "dataset": "iNaturalist research-grade observations", "gbifID": "3759348734"}}, {"type": "Feature", "geometry": {"type": "Point", "coordinates": [-61.637722, 15.855416]}, "properties": {"taxon": "Anolis marmoratus", "scientificName": "Anolis marmoratus caryae Lazell, 1964", "date": "2022-04-19", "basis": "HUMAN_OBSERVATION", "dataset": "iNaturalist research-grade observations", "gbifID": "3759397717"}}, {"type": "Feature", "geometry": {"type": "Point", "coordinates": [-61.482909, 16.203114]}, "properties": {"taxon": "Anolis marmoratus", "scientificName": "Anolis marmoratus Dum\u00e9ril & Bibron, 1837", "date": "2022-04-08", "basis": "HUMAN_OBSERVATION", "dataset": "iNaturalist research-grade observations", "gbifID": "3759416314"}}, {"type": "Feature", "geometry": {"type": "Point", "coordinates": [-61.629886, 16.028794]}, "properties": {"taxon": "Anolis marmoratus", "scientificName": "Anolis marmoratus Dum\u00e9ril & Bibron, 1837", "date": "2022-04-16", "basis": "HUMAN_OBSERVATION", "dataset": "iNaturalist research-grade observations", "gbifID": "3759425280"}}, {"type": "Feature", "geometry": {"type": "Point", "coordinates": [-61.635319, 15.858931]}, "properties": {"taxon": "Anolis marmoratus", "scientificName": "Anolis marmoratus caryae Lazell, 1964", "date": "2022-04-19", "basis": "HUMAN_OBSERVATION", "dataset": "iNaturalist research-grade observations", "gbifID": "3759454795"}}, {"type": "Feature", "geometry": {"type": "Point", "coordinates": [-61.637795, 15.855454]}, "properties": {"taxon": "Anolis marmoratus", "scientificName": "Anolis marmoratus caryae Lazell, 1964", "date": "2022-04-19", "basis": "HUMAN_OBSERVATION", "dataset": "iNaturalist research-grade observations", "gbifID": "3759459728"}}, {"type": "Feature", "geometry": {"type": "Point", "coordinates": [-61.482718, 16.203148]}, "properties": {"taxon": "Anolis marmoratus", "scientificName": "Anolis marmoratus Dum\u00e9ril & Bibron, 1837", "date": "2022-04-08", "basis": "HUMAN_OBSERVATION", "dataset": "iNaturalist research-grade observations", "gbifID": "3759494370"}}, {"type": "Feature", "geometry": {"type": "Point", "coordinates": [-61.635299, 15.859519]}, "properties": {"taxon": "Anolis marmoratus", "scientificName": "Anolis marmoratus caryae Lazell, 1964", "date": "2022-04-19", "basis": "HUMAN_OBSERVATION", "dataset": "iNaturalist research-grade observations", "gbifID": "3759753782"}}, {"type": "Feature", "geometry": {"type": "Point", "coordinates": [-61.482664, 16.203036]}, "properties": {"taxon": "Anolis marmoratus", "scientificName": "Anolis marmoratus Dum\u00e9ril & Bibron, 1837", "date": "2022-04-07", "basis": "HUMAN_OBSERVATION", "dataset": "iNaturalist research-grade observations", "gbifID": "3759945170"}}, {"type": "Feature", "geometry": {"type": "Point", "coordinates": [-61.507119, 16.211794]}, "properties": {"taxon": "Anolis marmoratus", "scientificName": "Anolis marmoratus Dum\u00e9ril & Bibron, 1837", "date": "2022-04-09", "basis": "HUMAN_OBSERVATION", "dataset": "iNaturalist research-grade observations", "gbifID": "3759984533"}}, {"type": "Feature", "geometry": {"type": "Point", "coordinates": [-61.638047, 16.037798]}, "properties": {"taxon": "Anolis marmoratus", "scientificName": "Anolis marmoratus Dum\u00e9ril & Bibron, 1837", "date": "2022-04-17", "basis": "HUMAN_OBSERVATION", "dataset": "iNaturalist research-grade observations", "gbifID": "3759991465"}}, {"type": "Feature", "geometry": {"type": "Point", "coordinates": [-61.679398, 16.1808]}, "properties": {"taxon": "Anolis marmoratus", "scientificName": "Anolis marmoratus Dum\u00e9ril & Bibron, 1837", "date": "2022-04-01", "basis": "HUMAN_OBSERVATION", "dataset": "iNaturalist research-grade observations", "gbifID": "3760054339"}}, {"type": "Feature", "geometry": {"type": "Point", "coordinates": [-61.637666, 15.855438]}, "properties": {"taxon": "Anolis marmoratus", "scientificName": "Anolis marmoratus caryae Lazell, 1964", "date": "2022-04-19", "basis": "HUMAN_OBSERVATION", "dataset": "iNaturalist research-grade observations", "gbifID": "3760369713"}}, {"type": "Feature", "geometry": {"type": "Point", "coordinates": [-61.641163, 15.854162]}, "properties": {"taxon": "Anolis marmoratus", "scientificName": "Anolis marmoratus caryae Lazell, 1964", "date": "2022-04-19", "basis": "HUMAN_OBSERVATION", "dataset": "iNaturalist research-grade observations", "gbifID": "3760406714"}}, {"type": "Feature", "geometry": {"type": "Point", "coordinates": [-61.797881, 16.299055]}, "properties": {"taxon": "Anolis marmoratus", "scientificName": "Anolis marmoratus Dum\u00e9ril & Bibron, 1837", "date": "2022-04-22", "basis": "HUMAN_OBSERVATION", "dataset": "iNaturalist research-grade observations", "gbifID": "3764088559"}}, {"type": "Feature", "geometry": {"type": "Point", "coordinates": [-61.798007, 16.299968]}, "properties": {"taxon": "Anolis marmoratus", "scientificName": "Anolis marmoratus Dum\u00e9ril & Bibron, 1837", "date": "2022-04-22", "basis": "HUMAN_OBSERVATION", "dataset": "iNaturalist research-grade observations", "gbifID": "3764318965"}}, {"type": "Feature", "geometry": {"type": "Point", "coordinates": [-61.44422, 16.207242]}, "properties": {"taxon": "Anolis marmoratus", "scientificName": "Anolis marmoratus Dum\u00e9ril & Bibron, 1837", "date": "2022-04-29", "basis": "HUMAN_OBSERVATION", "dataset": "iNaturalist research-grade observations", "gbifID": "3773126949"}}, {"type": "Feature", "geometry": {"type": "Point", "coordinates": [-61.759113, 16.209115]}, "properties": {"taxon": "Anolis marmoratus", "scientificName": "Anolis marmoratus Dum\u00e9ril & Bibron, 1837", "date": "2022-04-04", "basis": "HUMAN_OBSERVATION", "dataset": "iNaturalist research-grade observations", "gbifID": "3773504171"}}, {"type": "Feature", "geometry": {"type": "Point", "coordinates": [-61.79974, 16.31066]}, "properties": {"taxon": "Anolis marmoratus", "scientificName": "Ctenonotus marmoratus (Dum\u00e9ril & Bibron, 1837)", "date": "2022-04-25", "basis": "HUMAN_OBSERVATION", "dataset": null, "gbifID": "3939964691"}}, {"type": "Feature", "geometry": {"type": "Point", "coordinates": [-61.78103, 16.24846]}, "properties": {"taxon": "Anolis marmoratus", "scientificName": "Anolis marmoratus Dum\u00e9ril & Bibron, 1837", "date": "2022-04-24", "basis": "HUMAN_OBSERVATION", "dataset": null, "gbifID": "3939964875"}}, {"type": "Feature", "geometry": {"type": "Point", "coordinates": [-61.79837, 16.30378]}, "properties": {"taxon": "Anolis marmoratus", "scientificName": "Anolis marmoratus Dum\u00e9ril & Bibron, 1837", "date": "2022-04-23", "basis": "HUMAN_OBSERVATION", "dataset": null, "gbifID": "3939965029"}}, {"type": "Feature", "geometry": {"type": "Point", "coordinates": [-61.797862, 16.298957]}, "properties": {"taxon": "Anolis marmoratus", "scientificName": "Anolis marmoratus Dum\u00e9ril & Bibron, 1837", "date": "2022-04-22", "basis": "HUMAN_OBSERVATION", "dataset": "iNaturalist research-grade observations", "gbifID": "6159264456"}}, {"type": "Feature", "geometry": {"type": "Point", "coordinates": [-61.198492, 16.255267]}, "properties": {"taxon": "Anolis marmoratus", "scientificName": "Anolis marmoratus Dum\u00e9ril & Bibron, 1837", "date": "2022-04-11", "basis": "HUMAN_OBSERVATION", "dataset": "iNaturalist research-grade observations", "gbifID": "6185263945"}}, {"type": "Feature", "geometry": {"type": "Point", "coordinates": [-61.653612, 16.180513]}, "properties": {"taxon": "Anolis marmoratus", "scientificName": "Anolis marmoratus Dum\u00e9ril & Bibron, 1837", "date": "2022-05-05", "basis": "HUMAN_OBSERVATION", "dataset": "iNaturalist research-grade observations", "gbifID": "3772844829"}}, {"type": "Feature", "geometry": {"type": "Point", "coordinates": [-61.752046, 16.181051]}, "properties": {"taxon": "Anolis marmoratus", "scientificName": "Anolis marmoratus Dum\u00e9ril & Bibron, 1837", "date": "2022-05-03", "basis": "HUMAN_OBSERVATION", "dataset": "iNaturalist research-grade observations", "gbifID": "3784799590"}}, {"type": "Feature", "geometry": {"type": "Point", "coordinates": [-61.750879, 16.18162]}, "properties": {"taxon": "Anolis marmoratus", "scientificName": "Anolis marmoratus Dum\u00e9ril & Bibron, 1837", "date": "2022-05-03", "basis": "HUMAN_OBSERVATION", "dataset": "iNaturalist research-grade observations", "gbifID": "3784800614"}}, {"type": "Feature", "geometry": {"type": "Point", "coordinates": [-61.751568, 16.180692]}, "properties": {"taxon": "Anolis marmoratus", "scientificName": "Anolis marmoratus Dum\u00e9ril & Bibron, 1837", "date": "2022-05-03", "basis": "HUMAN_OBSERVATION", "dataset": "iNaturalist research-grade observations", "gbifID": "3784969540"}}, {"type": "Feature", "geometry": {"type": "Point", "coordinates": [-61.551, 16.265966]}, "properties": {"taxon": "Anolis marmoratus", "scientificName": "Anolis marmoratus Dum\u00e9ril & Bibron, 1837", "date": "2022-05-19", "basis": "HUMAN_OBSERVATION", "dataset": "iNaturalist research-grade observations", "gbifID": "3785131869"}}, {"type": "Feature", "geometry": {"type": "Point", "coordinates": [-61.482577, 16.205461]}, "properties": {"taxon": "Anolis marmoratus", "scientificName": "Anolis marmoratus Dum\u00e9ril & Bibron, 1837", "date": "2022-05-09", "basis": "HUMAN_OBSERVATION", "dataset": "iNaturalist research-grade observations", "gbifID": "3785149719"}}, {"type": "Feature", "geometry": {"type": "Point", "coordinates": [-61.640633, 16.041775]}, "properties": {"taxon": "Anolis marmoratus", "scientificName": "Anolis marmoratus Dum\u00e9ril & Bibron, 1837", "date": "2022-05-06", "basis": "HUMAN_OBSERVATION", "dataset": "iNaturalist research-grade observations", "gbifID": "4952612504"}}, {"type": "Feature", "geometry": {"type": "Point", "coordinates": [-61.768252, 16.07223]}, "properties": {"taxon": "Anolis marmoratus", "scientificName": "Anolis marmoratus Dum\u00e9ril & Bibron, 1837", "date": "2022-05-14", "basis": "HUMAN_OBSERVATION", "dataset": "iNaturalist research-grade observations", "gbifID": "5087308150"}}, {"type": "Feature", "geometry": {"type": "Point", "coordinates": [-61.349813, 16.253088]}, "properties": {"taxon": "Anolis marmoratus", "scientificName": "Anolis marmoratus Dum\u00e9ril & Bibron, 1837", "date": "2022-06-13", "basis": "HUMAN_OBSERVATION", "dataset": "iNaturalist research-grade observations", "gbifID": "3858570639"}}, {"type": "Feature", "geometry": {"type": "Point", "coordinates": [-61.563167, 16.255987]}, "properties": {"taxon": "Anolis marmoratus", "scientificName": "Anolis marmoratus Dum\u00e9ril & Bibron, 1837", "date": "2022-07-23", "basis": "HUMAN_OBSERVATION", "dataset": "iNaturalist research-grade observations", "gbifID": "3873170351"}}, {"type": "Feature", "geometry": {"type": "Point", "coordinates": [-61.769561, 16.096015]}, "properties": {"taxon": "Anolis marmoratus", "scientificName": "Anolis marmoratus Dum\u00e9ril & Bibron, 1837", "date": "2022-07-12", "basis": "HUMAN_OBSERVATION", "dataset": "iNaturalist research-grade observations", "gbifID": "3873306099"}}, {"type": "Feature", "geometry": {"type": "Point", "coordinates": [-61.691575, 16.189257]}, "properties": {"taxon": "Anolis marmoratus", "scientificName": "Anolis marmoratus Dum\u00e9ril & Bibron, 1837", "date": "2022-07-12", "basis": "HUMAN_OBSERVATION", "dataset": "iNaturalist research-grade observations", "gbifID": "6130890727"}}, {"type": "Feature", "geometry": {"type": "Point", "coordinates": [-61.304167, 16.306743]}, "properties": {"taxon": "Anolis marmoratus", "scientificName": "Anolis marmoratus Dum\u00e9ril & Bibron, 1837", "date": "2022-09-21", "basis": "HUMAN_OBSERVATION", "dataset": "iNaturalist research-grade observations", "gbifID": "3915311737"}}, {"type": "Feature", "geometry": {"type": "Point", "coordinates": [-61.641904, 16.043107]}, "properties": {"taxon": "Anolis marmoratus", "scientificName": "Anolis marmoratus Dum\u00e9ril & Bibron, 1837", "date": "2022-10-05", "basis": "HUMAN_OBSERVATION", "dataset": "iNaturalist research-grade observations", "gbifID": "3925017894"}}, {"type": "Feature", "geometry": {"type": "Point", "coordinates": [-61.802068, 16.278216]}, "properties": {"taxon": "Anolis marmoratus", "scientificName": "Anolis marmoratus Dum\u00e9ril & Bibron, 1837", "date": "2022-10-27", "basis": "HUMAN_OBSERVATION", "dataset": "iNaturalist research-grade observations", "gbifID": "3960980939"}}, {"type": "Feature", "geometry": {"type": "Point", "coordinates": [-61.802067, 16.278245]}, "properties": {"taxon": "Anolis marmoratus", "scientificName": "Anolis marmoratus Dum\u00e9ril & Bibron, 1837", "date": "2022-10-27", "basis": "HUMAN_OBSERVATION", "dataset": "iNaturalist research-grade observations", "gbifID": "3961347894"}}, {"type": "Feature", "geometry": {"type": "Point", "coordinates": [-61.537627, 16.23705]}, "properties": {"taxon": "Anolis marmoratus", "scientificName": "Anolis marmoratus Dum\u00e9ril & Bibron, 1837", "date": "2022-10-23", "basis": "HUMAN_OBSERVATION", "dataset": "iNaturalist research-grade observations", "gbifID": "3994240828"}}, {"type": "Feature", "geometry": {"type": "Point", "coordinates": [-61.5297, 16.26815]}, "properties": {"taxon": "Anolis marmoratus", "scientificName": "Ctenonotus marmoratus marmoratus x speciosus", "date": "2022-10-24", "basis": "HUMAN_OBSERVATION", "dataset": null, "gbifID": "4566977441"}}, {"type": "Feature", "geometry": {"type": "Point", "coordinates": [-61.5297, 16.26815]}, "properties": {"taxon": "Anolis marmoratus", "scientificName": "Ctenonotus marmoratus marmoratus x speciosus", "date": "2022-10-25", "basis": "HUMAN_OBSERVATION", "dataset": null, "gbifID": "4566977518"}}, {"type": "Feature", "geometry": {"type": "Point", "coordinates": [-61.47181, 16.32459]}, "properties": {"taxon": "Anolis marmoratus", "scientificName": "Ctenonotus marmoratus (Dum\u00e9ril & Bibron, 1837)", "date": "2022-11-08", "basis": "HUMAN_OBSERVATION", "dataset": null, "gbifID": "4583417318"}}, {"type": "Feature", "geometry": {"type": "Point", "coordinates": [-61.47181, 16.32459]}, "properties": {"taxon": "Anolis marmoratus", "scientificName": "Ctenonotus marmoratus (Dum\u00e9ril & Bibron, 1837)", "date": "2022-11-08", "basis": "HUMAN_OBSERVATION", "dataset": null, "gbifID": "4583417352"}}, {"type": "Feature", "geometry": {"type": "Point", "coordinates": [-61.47181, 16.32459]}, "properties": {"taxon": "Anolis marmoratus", "scientificName": "Ctenonotus marmoratus (Dum\u00e9ril & Bibron, 1837)", "date": "2022-11-08", "basis": "HUMAN_OBSERVATION", "dataset": null, "gbifID": "4583417356"}}, {"type": "Feature", "geometry": {"type": "Point", "coordinates": [-61.47181, 16.32459]}, "properties": {"taxon": "Anolis marmoratus", "scientificName": "Ctenonotus marmoratus (Dum\u00e9ril & Bibron, 1837)", "date": "2022-11-08", "basis": "HUMAN_OBSERVATION", "dataset": null, "gbifID": "4583417362"}}, {"type": "Feature", "geometry": {"type": "Point", "coordinates": [-61.47181, 16.32459]}, "properties": {"taxon": "Anolis marmoratus", "scientificName": "Ctenonotus marmoratus (Dum\u00e9ril & Bibron, 1837)", "date": "2022-11-08", "basis": "HUMAN_OBSERVATION", "dataset": null, "gbifID": "4583417368"}}, {"type": "Feature", "geometry": {"type": "Point", "coordinates": [-61.551, 16.265]}, "properties": {"taxon": "Anolis marmoratus", "scientificName": "Anolis marmoratus Dum\u00e9ril & Bibron, 1837", "date": "2022-11-11", "basis": "HUMAN_OBSERVATION", "dataset": "iNaturalist research-grade observations", "gbifID": "6185064920"}}, {"type": "Feature", "geometry": {"type": "Point", "coordinates": [-61.551, 16.265]}, "properties": {"taxon": "Anolis marmoratus", "scientificName": "Anolis marmoratus Dum\u00e9ril & Bibron, 1837", "date": "2022-11-11", "basis": "HUMAN_OBSERVATION", "dataset": "iNaturalist research-grade observations", "gbifID": "6185345248"}}, {"type": "Feature", "geometry": {"type": "Point", "coordinates": [-61.551, 16.265]}, "properties": {"taxon": "Anolis marmoratus", "scientificName": "Anolis marmoratus Dum\u00e9ril & Bibron, 1837", "date": "2022-11-11", "basis": "HUMAN_OBSERVATION", "dataset": "iNaturalist research-grade observations", "gbifID": "6185985511"}}, {"type": "Feature", "geometry": {"type": "Point", "coordinates": [-61.551, 16.265]}, "properties": {"taxon": "Anolis marmoratus", "scientificName": "Anolis marmoratus Dum\u00e9ril & Bibron, 1837", "date": "2022-11-11", "basis": "HUMAN_OBSERVATION", "dataset": "iNaturalist research-grade observations", "gbifID": "6186069666"}}, {"type": "Feature", "geometry": {"type": "Point", "coordinates": [-61.799158, 16.2997]}, "properties": {"taxon": "Anolis marmoratus", "scientificName": "Anolis marmoratus Dum\u00e9ril & Bibron, 1837", "date": "2022-11-21", "basis": "HUMAN_OBSERVATION", "dataset": "iNaturalist research-grade observations", "gbifID": "6352733125"}}, {"type": "Feature", "geometry": {"type": "Point", "coordinates": [-61.798894, 16.299594]}, "properties": {"taxon": "Anolis marmoratus", "scientificName": "Anolis marmoratus Dum\u00e9ril & Bibron, 1837", "date": "2022-11-21", "basis": "HUMAN_OBSERVATION", "dataset": "iNaturalist research-grade observations", "gbifID": "6352902015"}}, {"type": "Feature", "geometry": {"type": "Point", "coordinates": [-61.752532, 16.353636]}, "properties": {"taxon": "Anolis marmoratus", "scientificName": "Anolis marmoratus Dum\u00e9ril & Bibron, 1837", "date": "2022-12-17", "basis": "HUMAN_OBSERVATION", "dataset": "iNaturalist research-grade observations", "gbifID": "4006568097"}}, {"type": "Feature", "geometry": {"type": "Point", "coordinates": [-61.798203, 16.298872]}, "properties": {"taxon": "Anolis marmoratus", "scientificName": "Anolis marmoratus Dum\u00e9ril & Bibron, 1837", "date": "2022-12-19", "basis": "HUMAN_OBSERVATION", "dataset": "iNaturalist research-grade observations", "gbifID": "4009914667"}}, {"type": "Feature", "geometry": {"type": "Point", "coordinates": [-61.649292, 16.208838]}, "properties": {"taxon": "Anolis marmoratus", "scientificName": "Anolis marmoratus Dum\u00e9ril & Bibron, 1837", "date": "2022-12-22", "basis": "HUMAN_OBSERVATION", "dataset": "iNaturalist research-grade observations", "gbifID": "4046402689"}}, {"type": "Feature", "geometry": {"type": "Point", "coordinates": [-61.643508, 16.043208]}, "properties": {"taxon": "Anolis marmoratus", "scientificName": "Anolis marmoratus Dum\u00e9ril & Bibron, 1837", "date": "2022-12-28", "basis": "HUMAN_OBSERVATION", "dataset": "iNaturalist research-grade observations", "gbifID": "4046692064"}}, {"type": "Feature", "geometry": {"type": "Point", "coordinates": [-61.69009, 16.03344]}, "properties": {"taxon": "Anolis marmoratus", "scientificName": "Anolis marmoratus marmoratus x speciosus", "date": "2022-12-20", "basis": "HUMAN_OBSERVATION", "dataset": null, "gbifID": "4150675351"}}, {"type": "Feature", "geometry": {"type": "Point", "coordinates": [-61.788917, 16.331903]}, "properties": {"taxon": "Anolis marmoratus", "scientificName": "Anolis marmoratus Dum\u00e9ril & Bibron, 1837", "date": "2021-01-21", "basis": "HUMAN_OBSERVATION", "dataset": "iNaturalist research-grade observations", "gbifID": "3031784780"}}, {"type": "Feature", "geometry": {"type": "Point", "coordinates": [-61.788917, 16.331903]}, "properties": {"taxon": "Anolis marmoratus", "scientificName": "Anolis marmoratus Dum\u00e9ril & Bibron, 1837", "date": "2021-01-21", "basis": "HUMAN_OBSERVATION", "dataset": "iNaturalist research-grade observations", "gbifID": "3031795410"}}, {"type": "Feature", "geometry": {"type": "Point", "coordinates": [-61.788928, 16.332063]}, "properties": {"taxon": "Anolis marmoratus", "scientificName": "Anolis marmoratus Dum\u00e9ril & Bibron, 1837", "date": "2021-02-11", "basis": "HUMAN_OBSERVATION", "dataset": "iNaturalist research-grade observations", "gbifID": "3044745851"}}, {"type": "Feature", "geometry": {"type": "Point", "coordinates": [-61.68011, 16.18283]}, "properties": {"taxon": "Anolis marmoratus", "scientificName": "Ctenonotus marmoratus (Dum\u00e9ril & Bibron, 1837)", "date": "2021-03-17", "basis": "HUMAN_OBSERVATION", "dataset": null, "gbifID": "3848564834"}}, {"type": "Feature", "geometry": {"type": "Point", "coordinates": [-61.68011, 16.18283]}, "properties": {"taxon": "Anolis marmoratus", "scientificName": "Ctenonotus marmoratus (Dum\u00e9ril & Bibron, 1837)", "date": "2021-03-17", "basis": "HUMAN_OBSERVATION", "dataset": null, "gbifID": "3848568113"}}, {"type": "Feature", "geometry": {"type": "Point", "coordinates": [-61.54974, 16.23067]}, "properties": {"taxon": "Anolis marmoratus", "scientificName": "Ctenonotus marmoratus (Dum\u00e9ril & Bibron, 1837)", "date": "2021-04-14", "basis": "HUMAN_OBSERVATION", "dataset": null, "gbifID": "4547538502"}}, {"type": "Feature", "geometry": {"type": "Point", "coordinates": [-61.66241, 16.03068]}, "properties": {"taxon": "Anolis marmoratus", "scientificName": "Ctenonotus marmoratus (Dum\u00e9ril & Bibron, 1837)", "date": "2021-05-15", "basis": "HUMAN_OBSERVATION", "dataset": null, "gbifID": "3849242698"}}, {"type": "Feature", "geometry": {"type": "Point", "coordinates": [-61.518075, 16.215914]}, "properties": {"taxon": "Anolis marmoratus", "scientificName": "Anolis marmoratus Dum\u00e9ril & Bibron, 1837", "date": "2021-06-08", "basis": "HUMAN_OBSERVATION", "dataset": "iNaturalist research-grade observations", "gbifID": "3307408558"}}, {"type": "Feature", "geometry": {"type": "Point", "coordinates": [-61.342407, 16.245991]}, "properties": {"taxon": "Anolis marmoratus", "scientificName": "Anolis marmoratus Dum\u00e9ril & Bibron, 1837", "date": "2021-06-21", "basis": "HUMAN_OBSERVATION", "dataset": "iNaturalist research-grade observations", "gbifID": "3314164049"}}, {"type": "Feature", "geometry": {"type": "Point", "coordinates": [-61.342445, 16.245979]}, "properties": {"taxon": "Anolis marmoratus", "scientificName": "Anolis marmoratus Dum\u00e9ril & Bibron, 1837", "date": "2021-06-21", "basis": "HUMAN_OBSERVATION", "dataset": "iNaturalist research-grade observations", "gbifID": "3314235102"}}, {"type": "Feature", "geometry": {"type": "Point", "coordinates": [-61.4328, 16.48315]}, "properties": {"taxon": "Anolis marmoratus", "scientificName": "Ctenonotus marmoratus (Dum\u00e9ril & Bibron, 1837)", "date": "2021-06-27", "basis": "HUMAN_OBSERVATION", "dataset": null, "gbifID": "3849243703"}}, {"type": "Feature", "geometry": {"type": "Point", "coordinates": [-61.7542, 16.14378]}, "properties": {"taxon": "Anolis marmoratus", "scientificName": "Anolis marmoratus marmoratus x speciosus", "date": "2021-06-08", "basis": "HUMAN_OBSERVATION", "dataset": null, "gbifID": "3853638316"}}, {"type": "Feature", "geometry": {"type": "Point", "coordinates": [-61.342426, 16.245949]}, "properties": {"taxon": "Anolis marmoratus", "scientificName": "Anolis marmoratus Dum\u00e9ril & Bibron, 1837", "date": "2021-06-21", "basis": "HUMAN_OBSERVATION", "dataset": "iNaturalist research-grade observations", "gbifID": "4171238397"}}, {"type": "Feature", "geometry": {"type": "Point", "coordinates": [-61.54974, 16.23067]}, "properties": {"taxon": "Anolis marmoratus", "scientificName": "Ctenonotus marmoratus (Dum\u00e9ril & Bibron, 1837)", "date": "2021-06-12", "basis": "HUMAN_OBSERVATION", "dataset": null, "gbifID": "4547539170"}}, {"type": "Feature", "geometry": {"type": "Point", "coordinates": [-61.456051, 16.233002]}, "properties": {"taxon": "Anolis marmoratus", "scientificName": "Anolis marmoratus Dum\u00e9ril & Bibron, 1837", "date": "2021-07-11", "basis": "HUMAN_OBSERVATION", "dataset": "iNaturalist research-grade observations", "gbifID": "3327671922"}}, {"type": "Feature", "geometry": {"type": "Point", "coordinates": [-61.48391, 16.245255]}, "properties": {"taxon": "Anolis marmoratus", "scientificName": "Anolis marmoratus Dum\u00e9ril & Bibron, 1837", "date": "2021-07-20", "basis": "HUMAN_OBSERVATION", "dataset": "iNaturalist research-grade observations", "gbifID": "4171389455"}}, {"type": "Feature", "geometry": {"type": "Point", "coordinates": [-61.789371, 16.168136]}, "properties": {"taxon": "Anolis marmoratus", "scientificName": "Anolis marmoratus Dum\u00e9ril & Bibron, 1837", "date": "2021-07-04", "basis": "HUMAN_OBSERVATION", "dataset": "iNaturalist research-grade observations", "gbifID": "4976453519"}}, {"type": "Feature", "geometry": {"type": "Point", "coordinates": [-61.65258, 16.218632]}, "properties": {"taxon": "Anolis marmoratus", "scientificName": "Anolis marmoratus Dum\u00e9ril & Bibron, 1837", "date": "2021-09-08", "basis": "HUMAN_OBSERVATION", "dataset": "iNaturalist research-grade observations", "gbifID": "3355214417"}}, {"type": "Feature", "geometry": {"type": "Point", "coordinates": [-61.652581, 16.21863]}, "properties": {"taxon": "Anolis marmoratus", "scientificName": "Anolis marmoratus Dum\u00e9ril & Bibron, 1837", "date": "2021-09-05", "basis": "HUMAN_OBSERVATION", "dataset": "iNaturalist research-grade observations", "gbifID": "3355254051"}}, {"type": "Feature", "geometry": {"type": "Point", "coordinates": [-61.28113, 16.27296]}, "properties": {"taxon": "Anolis marmoratus", "scientificName": "Ctenonotus marmoratus (Dum\u00e9ril & Bibron, 1837)", "date": "2021-10-24", "basis": "HUMAN_OBSERVATION", "dataset": null, "gbifID": "3831713899"}}, {"type": "Feature", "geometry": {"type": "Point", "coordinates": [-61.60126, 16.019]}, "properties": {"taxon": "Anolis marmoratus", "scientificName": "Ctenonotus marmoratus (Dum\u00e9ril & Bibron, 1837)", "date": "2021-10-08", "basis": "HUMAN_OBSERVATION", "dataset": null, "gbifID": "3849242965"}}, {"type": "Feature", "geometry": {"type": "Point", "coordinates": [-61.768803, 16.068731]}, "properties": {"taxon": "Anolis marmoratus", "scientificName": "Anolis marmoratus Dum\u00e9ril & Bibron, 1837", "date": "2021-11-21", "basis": "HUMAN_OBSERVATION", "dataset": "iNaturalist research-grade observations", "gbifID": "3455644529"}}, {"type": "Feature", "geometry": {"type": "Point", "coordinates": [-61.596745, 16.120865]}, "properties": {"taxon": "Anolis marmoratus", "scientificName": "Anolis marmoratus Dum\u00e9ril & Bibron, 1837", "date": "2021-11-23", "basis": "HUMAN_OBSERVATION", "dataset": "iNaturalist research-grade observations", "gbifID": "3455752256"}}, {"type": "Feature", "geometry": {"type": "Point", "coordinates": [-61.657151, 16.187924]}, "properties": {"taxon": "Anolis marmoratus", "scientificName": "Anolis marmoratus Dum\u00e9ril & Bibron, 1837", "date": "2021-11-23", "basis": "HUMAN_OBSERVATION", "dataset": "iNaturalist research-grade observations", "gbifID": "3456160799"}}, {"type": "Feature", "geometry": {"type": "Point", "coordinates": [-61.657453, 16.187967]}, "properties": {"taxon": "Anolis marmoratus", "scientificName": "Anolis marmoratus Dum\u00e9ril & Bibron, 1837", "date": "2021-11-21", "basis": "HUMAN_OBSERVATION", "dataset": "iNaturalist research-grade observations", "gbifID": "3456528707"}}, {"type": "Feature", "geometry": {"type": "Point", "coordinates": [-61.506275, 16.268422]}, "properties": {"taxon": "Anolis marmoratus", "scientificName": "Anolis marmoratus Dum\u00e9ril & Bibron, 1837", "date": "2021-11-26", "basis": "HUMAN_OBSERVATION", "dataset": "iNaturalist research-grade observations", "gbifID": "3746975491"}}, {"type": "Feature", "geometry": {"type": "Point", "coordinates": [-61.656071, 16.186354]}, "properties": {"taxon": "Anolis marmoratus", "scientificName": "Anolis marmoratus Dum\u00e9ril & Bibron, 1837", "date": "2021-11-23", "basis": "HUMAN_OBSERVATION", "dataset": "iNaturalist research-grade observations", "gbifID": "3747211474"}}, {"type": "Feature", "geometry": {"type": "Point", "coordinates": [-61.657415, 16.18799]}, "properties": {"taxon": "Anolis marmoratus", "scientificName": "Anolis marmoratus Dum\u00e9ril & Bibron, 1837", "date": "2021-11-24", "basis": "HUMAN_OBSERVATION", "dataset": "iNaturalist research-grade observations", "gbifID": "3747275466"}}, {"type": "Feature", "geometry": {"type": "Point", "coordinates": [-61.76783, 16.06346]}, "properties": {"taxon": "Anolis marmoratus", "scientificName": "Ctenonotus marmoratus (Dum\u00e9ril & Bibron, 1837)", "date": "2021-11-20", "basis": "HUMAN_OBSERVATION", "dataset": null, "gbifID": "3831444171"}}, {"type": "Feature", "geometry": {"type": "Point", "coordinates": [-61.76783, 16.06346]}, "properties": {"taxon": "Anolis marmoratus", "scientificName": "Ctenonotus marmoratus (Dum\u00e9ril & Bibron, 1837)", "date": "2021-11-27", "basis": "HUMAN_OBSERVATION", "dataset": null, "gbifID": "3831475185"}}, {"type": "Feature", "geometry": {"type": "Point", "coordinates": [-61.74171, 16.35967]}, "properties": {"taxon": "Anolis marmoratus", "scientificName": "Ctenonotus marmoratus (Dum\u00e9ril & Bibron, 1837)", "date": "2021-11-27", "basis": "HUMAN_OBSERVATION", "dataset": null, "gbifID": "3831759763"}}, {"type": "Feature", "geometry": {"type": "Point", "coordinates": [-61.680342, 16.179533]}, "properties": {"taxon": "Anolis marmoratus", "scientificName": "Anolis marmoratus Dum\u00e9ril & Bibron, 1837", "date": "2021-11-21", "basis": "HUMAN_OBSERVATION", "dataset": "iNaturalist research-grade observations", "gbifID": "6184966363"}}, {"type": "Feature", "geometry": {"type": "Point", "coordinates": [-61.6554, 16.187592]}, "properties": {"taxon": "Anolis marmoratus", "scientificName": "Anolis marmoratus Dum\u00e9ril & Bibron, 1837", "date": "2021-11-21", "basis": "HUMAN_OBSERVATION", "dataset": "iNaturalist research-grade observations", "gbifID": "6185409968"}}, {"type": "Feature", "geometry": {"type": "Point", "coordinates": [-61.62896, 16.02755]}, "properties": {"taxon": "Anolis marmoratus", "scientificName": "Ctenonotus marmoratus (Dum\u00e9ril & Bibron, 1837)", "date": "2021-12-08", "basis": "HUMAN_OBSERVATION", "dataset": null, "gbifID": "3831340369"}}, {"type": "Feature", "geometry": {"type": "Point", "coordinates": [-61.6946, 15.95965]}, "properties": {"taxon": "Anolis marmoratus", "scientificName": "Ctenonotus marmoratus (Dum\u00e9ril & Bibron, 1837)", "date": "2021-12-30", "basis": "HUMAN_OBSERVATION", "dataset": null, "gbifID": "3831375186"}}, {"type": "Feature", "geometry": {"type": "Point", "coordinates": [-61.70892, 15.95922]}, "properties": {"taxon": "Anolis marmoratus", "scientificName": "Ctenonotus marmoratus (Dum\u00e9ril & Bibron, 1837)", "date": "2021-12-06", "basis": "HUMAN_OBSERVATION", "dataset": null, "gbifID": "3831401633"}}, {"type": "Feature", "geometry": {"type": "Point", "coordinates": [-61.58622, 15.86196]}, "properties": {"taxon": "Anolis marmoratus", "scientificName": "Ctenonotus marmoratus (Dum\u00e9ril & Bibron, 1837)", "date": "2021-12-09", "basis": "HUMAN_OBSERVATION", "dataset": null, "gbifID": "3831686753"}}, {"type": "Feature", "geometry": {"type": "Point", "coordinates": [-61.6946, 15.95965]}, "properties": {"taxon": "Anolis marmoratus", "scientificName": "Ctenonotus marmoratus (Dum\u00e9ril & Bibron, 1837)", "date": "2021-12-14", "basis": "HUMAN_OBSERVATION", "dataset": null, "gbifID": "3831713675"}}, {"type": "Feature", "geometry": {"type": "Point", "coordinates": [-61.68516, 16.0145]}, "properties": {"taxon": "Anolis marmoratus", "scientificName": "Ctenonotus marmoratus (Dum\u00e9ril & Bibron, 1837)", "date": "2021-12-05", "basis": "HUMAN_OBSERVATION", "dataset": null, "gbifID": "3831756890"}}, {"type": "Feature", "geometry": {"type": "Point", "coordinates": [-61.68516, 16.0145]}, "properties": {"taxon": "Anolis marmoratus", "scientificName": "Ctenonotus marmoratus (Dum\u00e9ril & Bibron, 1837)", "date": "2021-12-10", "basis": "HUMAN_OBSERVATION", "dataset": null, "gbifID": "3831762612"}}, {"type": "Feature", "geometry": {"type": "Point", "coordinates": [-61.638668, 16.042045]}, "properties": {"taxon": "Anolis marmoratus", "scientificName": "Anolis marmoratus marmoratus Dum\u00e9ril & Bibron, 1837", "date": "2021-12-07", "basis": "HUMAN_OBSERVATION", "dataset": "iNaturalist research-grade observations", "gbifID": "6178884819"}}, {"type": "Feature", "geometry": {"type": "Point", "coordinates": [-61.698267, 16.333517]}, "properties": {"taxon": "Anolis marmoratus", "scientificName": "Anolis marmoratus Dum\u00e9ril & Bibron, 1837", "date": "2021-12-29", "basis": "HUMAN_OBSERVATION", "dataset": "iNaturalist research-grade observations", "gbifID": "6519308846"}}, {"type": "Feature", "geometry": {"type": "Point", "coordinates": [-61.491628, 16.198873]}, "properties": {"taxon": "Anolis marmoratus", "scientificName": "Anolis marmoratus Dum\u00e9ril & Bibron, 1837", "date": "2020-01-20", "basis": "HUMAN_OBSERVATION", "dataset": "iNaturalist research-grade observations", "gbifID": "2574236683"}}, {"type": "Feature", "geometry": {"type": "Point", "coordinates": [-61.491853, 16.198875]}, "properties": {"taxon": "Anolis marmoratus", "scientificName": "Anolis marmoratus Dum\u00e9ril & Bibron, 1837", "date": "2020-01-20", "basis": "HUMAN_OBSERVATION", "dataset": "iNaturalist research-grade observations", "gbifID": "2988347431"}}, {"type": "Feature", "geometry": {"type": "Point", "coordinates": [-61.781175, 16.248815]}, "properties": {"taxon": "Anolis marmoratus", "scientificName": "Anolis marmoratus Dum\u00e9ril & Bibron, 1837", "date": "2020-01-26", "basis": "HUMAN_OBSERVATION", "dataset": "iNaturalist research-grade observations", "gbifID": "4009787772"}}, {"type": "Feature", "geometry": {"type": "Point", "coordinates": [-61.781167, 16.248828]}, "properties": {"taxon": "Anolis marmoratus", "scientificName": "Anolis marmoratus Dum\u00e9ril & Bibron, 1837", "date": "2020-01-25", "basis": "HUMAN_OBSERVATION", "dataset": "iNaturalist research-grade observations", "gbifID": "4009902759"}}, {"type": "Feature", "geometry": {"type": "Point", "coordinates": [-61.268431, 16.252202]}, "properties": {"taxon": "Anolis marmoratus", "scientificName": "Anolis marmoratus Dum\u00e9ril & Bibron, 1837", "date": "2020-02-28", "basis": "HUMAN_OBSERVATION", "dataset": "iNaturalist research-grade observations", "gbifID": "2576414369"}}, {"type": "Feature", "geometry": {"type": "Point", "coordinates": [-61.268648, 16.252141]}, "properties": {"taxon": "Anolis marmoratus", "scientificName": "Anolis marmoratus Dum\u00e9ril & Bibron, 1837", "date": "2020-02-28", "basis": "HUMAN_OBSERVATION", "dataset": "iNaturalist research-grade observations", "gbifID": "3031836132"}}, {"type": "Feature", "geometry": {"type": "Point", "coordinates": [-61.268581, 16.252099]}, "properties": {"taxon": "Anolis marmoratus", "scientificName": "Anolis marmoratus Dum\u00e9ril & Bibron, 1837", "date": "2020-02-27", "basis": "HUMAN_OBSERVATION", "dataset": "iNaturalist research-grade observations", "gbifID": "3031893593"}}, {"type": "Feature", "geometry": {"type": "Point", "coordinates": [-61.297623, 16.265898]}, "properties": {"taxon": "Anolis marmoratus", "scientificName": "Anolis marmoratus Dum\u00e9ril & Bibron, 1837", "date": "2020-02-12", "basis": "HUMAN_OBSERVATION", "dataset": "iNaturalist research-grade observations", "gbifID": "5176334215"}}, {"type": "Feature", "geometry": {"type": "Point", "coordinates": [-61.776702, 16.336926]}, "properties": {"taxon": "Anolis marmoratus", "scientificName": "Anolis marmoratus Dum\u00e9ril & Bibron, 1837", "date": "2020-03-12", "basis": "HUMAN_OBSERVATION", "dataset": "iNaturalist research-grade observations", "gbifID": "2882947351"}}, {"type": "Feature", "geometry": {"type": "Point", "coordinates": [-61.529055, 16.224241]}, "properties": {"taxon": "Anolis marmoratus", "scientificName": "Anolis marmoratus Dum\u00e9ril & Bibron, 1837", "date": "2020-03-09", "basis": "HUMAN_OBSERVATION", "dataset": "iNaturalist research-grade observations", "gbifID": "3031643578"}}, {"type": "Feature", "geometry": {"type": "Point", "coordinates": [-61.67514, 15.99171]}, "properties": {"taxon": "Anolis marmoratus", "scientificName": "Ctenonotus marmoratus (Dum\u00e9ril & Bibron, 1837)", "date": "2020-03-29", "basis": "HUMAN_OBSERVATION", "dataset": null, "gbifID": "3491496823"}}, {"type": "Feature", "geometry": {"type": "Point", "coordinates": [-61.62257, 16.01656]}, "properties": {"taxon": "Anolis marmoratus", "scientificName": "Ctenonotus marmoratus (Dum\u00e9ril & Bibron, 1837)", "date": "2020-03-05", "basis": "HUMAN_OBSERVATION", "dataset": null, "gbifID": "3848570647"}}, {"type": "Feature", "geometry": {"type": "Point", "coordinates": [-61.276448, 16.255216]}, "properties": {"taxon": "Anolis marmoratus", "scientificName": "Anolis marmoratus Dum\u00e9ril & Bibron, 1837", "date": "2020-04-11", "basis": "HUMAN_OBSERVATION", "dataset": "iNaturalist research-grade observations", "gbifID": "3759632179"}}, {"type": "Feature", "geometry": {"type": "Point", "coordinates": [-61.59885, 16.02094]}, "properties": {"taxon": "Anolis marmoratus", "scientificName": "Ctenonotus marmoratus (Dum\u00e9ril & Bibron, 1837)", "date": "2020-04-06", "basis": "HUMAN_OBSERVATION", "dataset": null, "gbifID": "3848567593"}}, {"type": "Feature", "geometry": {"type": "Point", "coordinates": [-61.557933, 16.340825]}, "properties": {"taxon": "Anolis marmoratus", "scientificName": "Anolis marmoratus Dum\u00e9ril & Bibron, 1837", "date": "2020-05-18", "basis": "HUMAN_OBSERVATION", "dataset": "iNaturalist research-grade observations", "gbifID": "2882931368"}}, {"type": "Feature", "geometry": {"type": "Point", "coordinates": [-61.61756, 16.12624]}, "properties": {"taxon": "Anolis marmoratus", "scientificName": "Ctenonotus marmoratus (Dum\u00e9ril & Bibron, 1837)", "date": "2020-05-25", "basis": "HUMAN_OBSERVATION", "dataset": null, "gbifID": "3848563126"}}, {"type": "Feature", "geometry": {"type": "Point", "coordinates": [-61.70838, 16.01552]}, "properties": {"taxon": "Anolis marmoratus", "scientificName": "Ctenonotus marmoratus (Dum\u00e9ril & Bibron, 1837)", "date": "2020-05-28", "basis": "HUMAN_OBSERVATION", "dataset": null, "gbifID": "3848571333"}}, {"type": "Feature", "geometry": {"type": "Point", "coordinates": [-61.54974, 16.23067]}, "properties": {"taxon": "Anolis marmoratus", "scientificName": "Ctenonotus marmoratus (Dum\u00e9ril & Bibron, 1837)", "date": "2020-05-24", "basis": "HUMAN_OBSERVATION", "dataset": null, "gbifID": "4547538947"}}, {"type": "Feature", "geometry": {"type": "Point", "coordinates": [-61.7889, 16.16884]}, "properties": {"taxon": "Anolis marmoratus", "scientificName": "Ctenonotus marmoratus (Dum\u00e9ril & Bibron, 1837)", "date": "2020-07-01", "basis": "HUMAN_OBSERVATION", "dataset": null, "gbifID": "3848559322"}}, {"type": "Feature", "geometry": {"type": "Point", "coordinates": [-61.784347, 16.318262]}, "properties": {"taxon": "Anolis marmoratus", "scientificName": "Anolis marmoratus Dum\u00e9ril & Bibron, 1837", "date": "2020-07-30", "basis": "HUMAN_OBSERVATION", "dataset": "iNaturalist research-grade observations", "gbifID": "4430448261"}}, {"type": "Feature", "geometry": {"type": "Point", "coordinates": [-61.629992, 16.028782]}, "properties": {"taxon": "Anolis marmoratus", "scientificName": "Anolis marmoratus Dum\u00e9ril & Bibron, 1837", "date": "2020-08-09", "basis": "HUMAN_OBSERVATION", "dataset": "iNaturalist research-grade observations", "gbifID": "2850910315"}}, {"type": "Feature", "geometry": {"type": "Point", "coordinates": [-61.296865, 16.272161]}, "properties": {"taxon": "Anolis marmoratus", "scientificName": "Anolis marmoratus inornatus Lazell, 1964", "date": "2020-08-05", "basis": "HUMAN_OBSERVATION", "dataset": "iNaturalist research-grade observations", "gbifID": "2851078162"}}, {"type": "Feature", "geometry": {"type": "Point", "coordinates": [-61.428318, 16.311037]}, "properties": {"taxon": "Anolis marmoratus", "scientificName": "Anolis marmoratus Dum\u00e9ril & Bibron, 1837", "date": "2020-08-30", "basis": "HUMAN_OBSERVATION", "dataset": "iNaturalist research-grade observations", "gbifID": "2883012454"}}, {"type": "Feature", "geometry": {"type": "Point", "coordinates": [-61.26388, 16.264813]}, "properties": {"taxon": "Anolis marmoratus", "scientificName": "Anolis marmoratus Dum\u00e9ril & Bibron, 1837", "date": "2020-08-09", "basis": "HUMAN_OBSERVATION", "dataset": "iNaturalist research-grade observations", "gbifID": "4414179759"}}, {"type": "Feature", "geometry": {"type": "Point", "coordinates": [-61.645867, 16.04557]}, "properties": {"taxon": "Anolis marmoratus", "scientificName": "Anolis marmoratus Dum\u00e9ril & Bibron, 1837", "date": "2020-08-02", "basis": "HUMAN_OBSERVATION", "dataset": "iNaturalist research-grade observations", "gbifID": "4424224993"}}, {"type": "Feature", "geometry": {"type": "Point", "coordinates": [-61.50179, 16.27281]}, "properties": {"taxon": "Anolis marmoratus", "scientificName": "Ctenonotus marmoratus (Dum\u00e9ril & Bibron, 1837)", "date": "2020-09-09", "basis": "HUMAN_OBSERVATION", "dataset": null, "gbifID": "3491532622"}}, {"type": "Feature", "geometry": {"type": "Point", "coordinates": [-61.50179, 16.27281]}, "properties": {"taxon": "Anolis marmoratus", "scientificName": "Ctenonotus marmoratus (Dum\u00e9ril & Bibron, 1837)", "date": "2020-09-09", "basis": "HUMAN_OBSERVATION", "dataset": null, "gbifID": "3491549404"}}, {"type": "Feature", "geometry": {"type": "Point", "coordinates": [-61.62655, 16.08236]}, "properties": {"taxon": "Anolis marmoratus", "scientificName": "Ctenonotus marmoratus (Dum\u00e9ril & Bibron, 1837)", "date": "2020-09-23", "basis": "HUMAN_OBSERVATION", "dataset": null, "gbifID": "3848557884"}}, {"type": "Feature", "geometry": {"type": "Point", "coordinates": [-61.75209, 16.181057]}, "properties": {"taxon": "Anolis marmoratus", "scientificName": "Anolis marmoratus Dum\u00e9ril & Bibron, 1837", "date": "2020-09-16", "basis": "HUMAN_OBSERVATION", "dataset": "iNaturalist research-grade observations", "gbifID": "5063206469"}}, {"type": "Feature", "geometry": {"type": "Point", "coordinates": [-61.754837, 16.083176]}, "properties": {"taxon": "Anolis marmoratus", "scientificName": "Anolis marmoratus Dum\u00e9ril & Bibron, 1837", "date": "2020-09-16", "basis": "HUMAN_OBSERVATION", "dataset": "iNaturalist research-grade observations", "gbifID": "5063680531"}}, {"type": "Feature", "geometry": {"type": "Point", "coordinates": [-61.758123, 16.207533]}, "properties": {"taxon": "Anolis marmoratus", "scientificName": "Anolis marmoratus Dum\u00e9ril & Bibron, 1837", "date": "2020-09-24", "basis": "HUMAN_OBSERVATION", "dataset": "iNaturalist research-grade observations", "gbifID": "5063698533"}}, {"type": "Feature", "geometry": {"type": "Point", "coordinates": [-61.644588, 16.043957]}, "properties": {"taxon": "Anolis marmoratus", "scientificName": "Anolis marmoratus Dum\u00e9ril & Bibron, 1837", "date": "2020-10-03", "basis": "HUMAN_OBSERVATION", "dataset": "iNaturalist research-grade observations", "gbifID": "2883132539"}}, {"type": "Feature", "geometry": {"type": "Point", "coordinates": [-61.637952, 16.041743]}, "properties": {"taxon": "Anolis marmoratus", "scientificName": "Anolis marmoratus Dum\u00e9ril & Bibron, 1837", "date": "2020-10-14", "basis": "HUMAN_OBSERVATION", "dataset": "iNaturalist research-grade observations", "gbifID": "2901725275"}}, {"type": "Feature", "geometry": {"type": "Point", "coordinates": [-61.637952, 16.041743]}, "properties": {"taxon": "Anolis marmoratus", "scientificName": "Anolis marmoratus Dum\u00e9ril & Bibron, 1837", "date": "2020-10-14", "basis": "HUMAN_OBSERVATION", "dataset": "iNaturalist research-grade observations", "gbifID": "2984360523"}}, {"type": "Feature", "geometry": {"type": "Point", "coordinates": [-61.50182, 16.2728]}, "properties": {"taxon": "Anolis marmoratus", "scientificName": "Ctenonotus marmoratus (Dum\u00e9ril & Bibron, 1837)", "date": "2020-10-01", "basis": "HUMAN_OBSERVATION", "dataset": null, "gbifID": "4151115345"}}, {"type": "Feature", "geometry": {"type": "Point", "coordinates": [-61.628188, 16.028405]}, "properties": {"taxon": "Anolis marmoratus", "scientificName": "Anolis marmoratus Dum\u00e9ril & Bibron, 1837", "date": "2020-11-08", "basis": "HUMAN_OBSERVATION", "dataset": "iNaturalist research-grade observations", "gbifID": "4171293267"}}, {"type": "Feature", "geometry": {"type": "Point", "coordinates": [-61.54974, 16.23067]}, "properties": {"taxon": "Anolis marmoratus", "scientificName": "Ctenonotus marmoratus (Dum\u00e9ril & Bibron, 1837)", "date": "2020-11-12", "basis": "HUMAN_OBSERVATION", "dataset": null, "gbifID": "4547538389"}}, {"type": "Feature", "geometry": {"type": "Point", "coordinates": [-61.73743, 16.04005]}, "properties": {"taxon": "Anolis marmoratus", "scientificName": "Ctenonotus marmoratus (Dum\u00e9ril & Bibron, 1837)", "date": "2020-12-26", "basis": "HUMAN_OBSERVATION", "dataset": null, "gbifID": "3848559853"}}, {"type": "Feature", "geometry": {"type": "Point", "coordinates": [-61.551, 16.265]}, "properties": {"taxon": "Anolis marmoratus", "scientificName": "Anolis marmoratus Dum\u00e9ril & Bibron, 1837", "date": "2020-12-26", "basis": "HUMAN_OBSERVATION", "dataset": "iNaturalist research-grade observations", "gbifID": "3903059909"}}, {"type": "Feature", "geometry": {"type": "Point", "coordinates": [-61.626992, 16.046295]}, "properties": {"taxon": "Anolis marmoratus", "scientificName": "Anolis marmoratus Dum\u00e9ril & Bibron, 1837", "date": "2020-12-16", "basis": "HUMAN_OBSERVATION", "dataset": "iNaturalist research-grade observations", "gbifID": "4011600955"}}, {"type": "Feature", "geometry": {"type": "Point", "coordinates": [-61.625431, 16.046688]}, "properties": {"taxon": "Anolis marmoratus", "scientificName": "Anolis marmoratus Dum\u00e9ril & Bibron, 1837", "date": "2020-12-16", "basis": "HUMAN_OBSERVATION", "dataset": "iNaturalist research-grade observations", "gbifID": "4011623903"}}, {"type": "Feature", "geometry": {"type": "Point", "coordinates": [-61.470486, 16.267862]}, "properties": {"taxon": "Anolis marmoratus", "scientificName": "Anolis marmoratus Dum\u00e9ril & Bibron, 1837", "date": "2019-01-26", "basis": "HUMAN_OBSERVATION", "dataset": "iNaturalist research-grade observations", "gbifID": "4171265325"}}, {"type": "Feature", "geometry": {"type": "Point", "coordinates": [-61.77777, 16.25437]}, "properties": {"taxon": "Anolis marmoratus", "scientificName": "Ctenonotus marmoratus (Dum\u00e9ril & Bibron, 1837)", "date": "2019-02-27", "basis": "HUMAN_OBSERVATION", "dataset": null, "gbifID": "2483982597"}}, {"type": "Feature", "geometry": {"type": "Point", "coordinates": [-61.6575, 16.17166]}, "properties": {"taxon": "Anolis marmoratus", "scientificName": "Anolis marmoratus Dum\u00e9ril & Bibron, 1837", "date": "2019-03-18", "basis": "HUMAN_OBSERVATION", "dataset": null, "gbifID": "2493417854"}}, {"type": "Feature", "geometry": {"type": "Point", "coordinates": [-61.256018, 16.253786]}, "properties": {"taxon": "Anolis marmoratus", "scientificName": "Anolis marmoratus Dum\u00e9ril & Bibron, 1837", "date": "2019-03-19", "basis": "HUMAN_OBSERVATION", "dataset": "iNaturalist research-grade observations", "gbifID": "2988364398"}}, {"type": "Feature", "geometry": {"type": "Point", "coordinates": [-61.799042, 16.299208]}, "properties": {"taxon": "Anolis marmoratus", "scientificName": "Anolis marmoratus Dum\u00e9ril & Bibron, 1837", "date": "2019-03-15", "basis": "HUMAN_OBSERVATION", "dataset": "iNaturalist research-grade observations", "gbifID": "3031970421"}}, {"type": "Feature", "geometry": {"type": "Point", "coordinates": [-61.779176, 16.166589]}, "properties": {"taxon": "Anolis marmoratus", "scientificName": "Anolis marmoratus Dum\u00e9ril & Bibron, 1837", "date": "2019-03-09", "basis": "HUMAN_OBSERVATION", "dataset": "iNaturalist research-grade observations", "gbifID": "6147471154"}}, {"type": "Feature", "geometry": {"type": "Point", "coordinates": [-61.771263, 16.346128]}, "properties": {"taxon": "Anolis marmoratus", "scientificName": "Anolis marmoratus Dum\u00e9ril & Bibron, 1837", "date": "2019-03-16", "basis": "HUMAN_OBSERVATION", "dataset": "iNaturalist research-grade observations", "gbifID": "6185340257"}}, {"type": "Feature", "geometry": {"type": "Point", "coordinates": [-61.551, 16.265]}, "properties": {"taxon": "Anolis marmoratus", "scientificName": "Anolis marmoratus Dum\u00e9ril & Bibron, 1837", "date": "2019-04-11", "basis": "HUMAN_OBSERVATION", "dataset": "iNaturalist research-grade observations", "gbifID": "2883162324"}}, {"type": "Feature", "geometry": {"type": "Point", "coordinates": [-61.67916, 16.18153]}, "properties": {"taxon": "Anolis marmoratus", "scientificName": "Ctenonotus marmoratus (Dum\u00e9ril & Bibron, 1837)", "date": "2019-04-21", "basis": "HUMAN_OBSERVATION", "dataset": null, "gbifID": "3848557343"}}, {"type": "Feature", "geometry": {"type": "Point", "coordinates": [-61.652283, 16.045604]}, "properties": {"taxon": "Anolis marmoratus", "scientificName": "Anolis marmoratus Dum\u00e9ril & Bibron, 1837", "date": "2019-04-21", "basis": "HUMAN_OBSERVATION", "dataset": "iNaturalist research-grade observations", "gbifID": "4596892776"}}, {"type": "Feature", "geometry": {"type": "Point", "coordinates": [-61.652283, 16.045604]}, "properties": {"taxon": "Anolis marmoratus", "scientificName": "Anolis marmoratus Dum\u00e9ril & Bibron, 1837", "date": "2019-04-21", "basis": "HUMAN_OBSERVATION", "dataset": "iNaturalist research-grade observations", "gbifID": "4597291732"}}, {"type": "Feature", "geometry": {"type": "Point", "coordinates": [-61.652283, 16.045604]}, "properties": {"taxon": "Anolis marmoratus", "scientificName": "Anolis marmoratus Dum\u00e9ril & Bibron, 1837", "date": "2019-04-21", "basis": "HUMAN_OBSERVATION", "dataset": "iNaturalist research-grade observations", "gbifID": "4597326837"}}, {"type": "Feature", "geometry": {"type": "Point", "coordinates": [-61.708513, 16.01267]}, "properties": {"taxon": "Anolis marmoratus", "scientificName": "Anolis marmoratus Dum\u00e9ril & Bibron, 1837", "date": "2019-05-22", "basis": "HUMAN_OBSERVATION", "dataset": "iNaturalist research-grade observations", "gbifID": "4103158727"}}, {"type": "Feature", "geometry": {"type": "Point", "coordinates": [-61.671297, 16.011403]}, "properties": {"taxon": "Anolis marmoratus", "scientificName": "Anolis marmoratus Dum\u00e9ril & Bibron, 1837", "date": "2019-06-14", "basis": "HUMAN_OBSERVATION", "dataset": "iNaturalist research-grade observations", "gbifID": "2597814911"}}, {"type": "Feature", "geometry": {"type": "Point", "coordinates": [-61.70489, 15.980517]}, "properties": {"taxon": "Anolis marmoratus", "scientificName": "Anolis marmoratus Dum\u00e9ril & Bibron, 1837", "date": "2019-06-12", "basis": "HUMAN_OBSERVATION", "dataset": "iNaturalist research-grade observations", "gbifID": "2597865928"}}, {"type": "Feature", "geometry": {"type": "Point", "coordinates": [-61.688379, 16.043342]}, "properties": {"taxon": "Anolis marmoratus", "scientificName": "Anolis marmoratus Dum\u00e9ril & Bibron, 1837", "date": "2019-06-10", "basis": "HUMAN_OBSERVATION", "dataset": "iNaturalist research-grade observations", "gbifID": "2802596420"}}, {"type": "Feature", "geometry": {"type": "Point", "coordinates": [-61.76878, 16.068973]}, "properties": {"taxon": "Anolis marmoratus", "scientificName": "Anolis marmoratus Dum\u00e9ril & Bibron, 1837", "date": "2019-06-14", "basis": "HUMAN_OBSERVATION", "dataset": "iNaturalist research-grade observations", "gbifID": "2862294368"}}, {"type": "Feature", "geometry": {"type": "Point", "coordinates": [-61.686797, 16.04352]}, "properties": {"taxon": "Anolis marmoratus", "scientificName": "Anolis marmoratus Dum\u00e9ril & Bibron, 1837", "date": "2019-06-10", "basis": "HUMAN_OBSERVATION", "dataset": "iNaturalist research-grade observations", "gbifID": "2883123327"}}, {"type": "Feature", "geometry": {"type": "Point", "coordinates": [-61.71748, 16.003625]}, "properties": {"taxon": "Anolis marmoratus", "scientificName": "Anolis marmoratus Dum\u00e9ril & Bibron, 1837", "date": "2019-07-27", "basis": "HUMAN_OBSERVATION", "dataset": "iNaturalist research-grade observations", "gbifID": "2311343244"}}, {"type": "Feature", "geometry": {"type": "Point", "coordinates": [-61.505343, 16.207104]}, "properties": {"taxon": "Anolis marmoratus", "scientificName": "Anolis marmoratus Dum\u00e9ril & Bibron, 1837", "date": "2019-07-26", "basis": "HUMAN_OBSERVATION", "dataset": "iNaturalist research-grade observations", "gbifID": "2883041341"}}, {"type": "Feature", "geometry": {"type": "Point", "coordinates": [-61.804301, 16.275274]}, "properties": {"taxon": "Anolis marmoratus", "scientificName": "Anolis marmoratus Dum\u00e9ril & Bibron, 1837", "date": "2019-07-31", "basis": "HUMAN_OBSERVATION", "dataset": "iNaturalist research-grade observations", "gbifID": "2883043326"}}, {"type": "Feature", "geometry": {"type": "Point", "coordinates": [-61.506416, 16.208338]}, "properties": {"taxon": "Anolis marmoratus", "scientificName": "Anolis marmoratus Dum\u00e9ril & Bibron, 1837", "date": "2019-07-23", "basis": "HUMAN_OBSERVATION", "dataset": "iNaturalist research-grade observations", "gbifID": "2883050338"}}, {"type": "Feature", "geometry": {"type": "Point", "coordinates": [-61.64643, 15.96899]}, "properties": {"taxon": "Anolis marmoratus", "scientificName": "Ctenonotus marmoratus (Dum\u00e9ril & Bibron, 1837)", "date": "2019-07-07", "basis": "HUMAN_OBSERVATION", "dataset": null, "gbifID": "3491372580"}}, {"type": "Feature", "geometry": {"type": "Point", "coordinates": [-61.651146, 16.045657]}, "properties": {"taxon": "Anolis marmoratus", "scientificName": "Anolis marmoratus Dum\u00e9ril & Bibron, 1837", "date": "2019-07-16", "basis": "HUMAN_OBSERVATION", "dataset": "iNaturalist research-grade observations", "gbifID": "5108258933"}}, {"type": "Feature", "geometry": {"type": "Point", "coordinates": [-61.797697, 16.299368]}, "properties": {"taxon": "Anolis marmoratus", "scientificName": "Anolis marmoratus Dum\u00e9ril & Bibron, 1837", "date": "2019-07-21", "basis": "HUMAN_OBSERVATION", "dataset": "iNaturalist research-grade observations", "gbifID": "5134537316"}}, {"type": "Feature", "geometry": {"type": "Point", "coordinates": [-61.802627, 16.276112]}, "properties": {"taxon": "Anolis marmoratus", "scientificName": "Anolis marmoratus Dum\u00e9ril & Bibron, 1837", "date": "2019-08-06", "basis": "HUMAN_OBSERVATION", "dataset": "iNaturalist research-grade observations", "gbifID": "3031967504"}}, {"type": "Feature", "geometry": {"type": "Point", "coordinates": [-61.526153, 16.219981]}, "properties": {"taxon": "Anolis marmoratus", "scientificName": "Anolis marmoratus Dum\u00e9ril & Bibron, 1837", "date": "2019-10-27", "basis": "HUMAN_OBSERVATION", "dataset": "iNaturalist research-grade observations", "gbifID": "2563469028"}}, {"type": "Feature", "geometry": {"type": "Point", "coordinates": [-61.59204, 16.25167]}, "properties": {"taxon": "Anolis marmoratus", "scientificName": "Ctenonotus marmoratus (Dum\u00e9ril & Bibron, 1837)", "date": "2019-10-30", "basis": "HUMAN_OBSERVATION", "dataset": null, "gbifID": "3844361301"}}, {"type": "Feature", "geometry": {"type": "Point", "coordinates": [-61.630539, 16.168879]}, "properties": {"taxon": "Anolis marmoratus", "scientificName": "Anolis marmoratus Dum\u00e9ril & Bibron, 1837", "date": "2019-11-04", "basis": "HUMAN_OBSERVATION", "dataset": "iNaturalist research-grade observations", "gbifID": "4112213438"}}, {"type": "Feature", "geometry": {"type": "Point", "coordinates": [-61.753696, 16.093391]}, "properties": {"taxon": "Anolis marmoratus", "scientificName": "Anolis marmoratus Dum\u00e9ril & Bibron, 1837", "date": "2019-12-05", "basis": "HUMAN_OBSERVATION", "dataset": "iNaturalist research-grade observations", "gbifID": "6187942788"}}, {"type": "Feature", "geometry": {"type": "Point", "coordinates": [-61.753696, 16.093391]}, "properties": {"taxon": "Anolis marmoratus", "scientificName": "Anolis marmoratus Dum\u00e9ril & Bibron, 1837", "date": "2019-12-07", "basis": "HUMAN_OBSERVATION", "dataset": "iNaturalist research-grade observations", "gbifID": "6188360785"}}, {"type": "Feature", "geometry": {"type": "Point", "coordinates": [-61.753696, 16.093391]}, "properties": {"taxon": "Anolis marmoratus", "scientificName": "Anolis marmoratus Dum\u00e9ril & Bibron, 1837", "date": "2019-12-04", "basis": "HUMAN_OBSERVATION", "dataset": "iNaturalist research-grade observations", "gbifID": "6188451806"}}, {"type": "Feature", "geometry": {"type": "Point", "coordinates": [-61.73204, 16.054709]}, "properties": {"taxon": "Anolis marmoratus", "scientificName": "Anolis marmoratus Dum\u00e9ril & Bibron, 1837", "date": "2019-12-05", "basis": "HUMAN_OBSERVATION", "dataset": "iNaturalist research-grade observations", "gbifID": "6188495912"}}, {"type": "Feature", "geometry": {"type": "Point", "coordinates": [-61.745539, 16.093532]}, "properties": {"taxon": "Anolis marmoratus", "scientificName": "Anolis marmoratus Dum\u00e9ril & Bibron, 1837", "date": "2019-12-04", "basis": "HUMAN_OBSERVATION", "dataset": "iNaturalist research-grade observations", "gbifID": "6188650099"}}, {"type": "Feature", "geometry": {"type": "Point", "coordinates": [-61.59204, 16.25167]}, "properties": {"taxon": "Anolis marmoratus", "scientificName": "Ctenonotus marmoratus (Dum\u00e9ril & Bibron, 1837)", "date": "2019-03-16", "basis": "HUMAN_OBSERVATION", "dataset": null, "gbifID": "4049229317"}}, {"type": "Feature", "geometry": {"type": "Point", "coordinates": [-61.551, 16.265]}, "properties": {"taxon": "Anolis marmoratus", "scientificName": "Anolis marmoratus Dum\u00e9ril & Bibron, 1837", "date": "2018-01-02", "basis": "HUMAN_OBSERVATION", "dataset": "iNaturalist research-grade observations", "gbifID": "1841254521"}}, {"type": "Feature", "geometry": {"type": "Point", "coordinates": [-61.750678, 16.180287]}, "properties": {"taxon": "Anolis marmoratus", "scientificName": "Anolis marmoratus Dum\u00e9ril & Bibron, 1837", "date": "2018-01-29", "basis": "HUMAN_OBSERVATION", "dataset": "iNaturalist research-grade observations", "gbifID": "6413147353"}}, {"type": "Feature", "geometry": {"type": "Point", "coordinates": [-61.655056, 16.178033]}, "properties": {"taxon": "Anolis marmoratus", "scientificName": "Anolis marmoratus Dum\u00e9ril & Bibron, 1837", "date": "2018-02-16", "basis": "HUMAN_OBSERVATION", "dataset": "iNaturalist research-grade observations", "gbifID": "1831196667"}}, {"type": "Feature", "geometry": {"type": "Point", "coordinates": [-61.655787, 16.17889]}, "properties": {"taxon": "Anolis marmoratus", "scientificName": "Anolis marmoratus Dum\u00e9ril & Bibron, 1837", "date": "2018-02-16", "basis": "HUMAN_OBSERVATION", "dataset": "iNaturalist research-grade observations", "gbifID": "1990435926"}}, {"type": "Feature", "geometry": {"type": "Point", "coordinates": [-61.770815, 16.223192]}, "properties": {"taxon": "Anolis marmoratus", "scientificName": "Anolis marmoratus Dum\u00e9ril & Bibron, 1837", "date": "2018-02-16", "basis": "HUMAN_OBSERVATION", "dataset": "iNaturalist research-grade observations", "gbifID": "1990648074"}}, {"type": "Feature", "geometry": {"type": "Point", "coordinates": [-61.655412, 16.178525]}, "properties": {"taxon": "Anolis marmoratus", "scientificName": "Anolis marmoratus Dum\u00e9ril & Bibron, 1837", "date": "2018-02-16", "basis": "HUMAN_OBSERVATION", "dataset": "iNaturalist research-grade observations", "gbifID": "1990648148"}}, {"type": "Feature", "geometry": {"type": "Point", "coordinates": [-61.770799, 16.22328]}, "properties": {"taxon": "Anolis marmoratus", "scientificName": "Anolis marmoratus Dum\u00e9ril & Bibron, 1837", "date": "2018-02-16", "basis": "HUMAN_OBSERVATION", "dataset": "iNaturalist research-grade observations", "gbifID": "1990648170"}}, {"type": "Feature", "geometry": {"type": "Point", "coordinates": [-61.77079, 16.223291]}, "properties": {"taxon": "Anolis marmoratus", "scientificName": "Anolis marmoratus Dum\u00e9ril & Bibron, 1837", "date": "2018-02-13", "basis": "HUMAN_OBSERVATION", "dataset": "iNaturalist research-grade observations", "gbifID": "2898296313"}}, {"type": "Feature", "geometry": {"type": "Point", "coordinates": [-61.637977, 16.22016]}, "properties": {"taxon": "Anolis marmoratus", "scientificName": "Anolis marmoratus Dum\u00e9ril & Bibron, 1837", "date": "2018-02-20", "basis": "HUMAN_OBSERVATION", "dataset": "iNaturalist research-grade observations", "gbifID": "5104740862"}}, {"type": "Feature", "geometry": {"type": "Point", "coordinates": [-61.176627, 16.244747]}, "properties": {"taxon": "Anolis marmoratus", "scientificName": "Anolis marmoratus Dum\u00e9ril & Bibron, 1837", "date": "2018-04-26", "basis": "HUMAN_OBSERVATION", "dataset": "iNaturalist research-grade observations", "gbifID": "3759666224"}}, {"type": "Feature", "geometry": {"type": "Point", "coordinates": [-61.26241, 16.25339]}, "properties": {"taxon": "Anolis marmoratus", "scientificName": "Anolis marmoratus Dum\u00e9ril & Bibron, 1837", "date": "2018-04-01", "basis": "HUMAN_OBSERVATION", "dataset": null, "gbifID": "3847806423"}}, {"type": "Feature", "geometry": {"type": "Point", "coordinates": [-61.729075, 16.071631]}, "properties": {"taxon": "Anolis marmoratus", "scientificName": "Anolis marmoratus Dum\u00e9ril & Bibron, 1837", "date": "2018-04-09", "basis": "HUMAN_OBSERVATION", "dataset": "iNaturalist research-grade observations", "gbifID": "4596941601"}}, {"type": "Feature", "geometry": {"type": "Point", "coordinates": [-61.648694, 16.271196]}, "properties": {"taxon": "Anolis marmoratus", "scientificName": "Anolis marmoratus Dum\u00e9ril & Bibron, 1837", "date": "2018-05-18", "basis": "HUMAN_OBSERVATION", "dataset": "iNaturalist research-grade observations", "gbifID": "4872649635"}}, {"type": "Feature", "geometry": {"type": "Point", "coordinates": [-61.637977, 16.22016]}, "properties": {"taxon": "Anolis marmoratus", "scientificName": "Anolis marmoratus Dum\u00e9ril & Bibron, 1837", "date": "2018-06-23", "basis": "HUMAN_OBSERVATION", "dataset": "iNaturalist research-grade observations", "gbifID": "5104720987"}}, {"type": "Feature", "geometry": {"type": "Point", "coordinates": [-61.627756, 16.027588]}, "properties": {"taxon": "Anolis marmoratus", "scientificName": "Anolis marmoratus marmoratus Dum\u00e9ril & Bibron, 1837", "date": "2018-07-22", "basis": "HUMAN_OBSERVATION", "dataset": "iNaturalist research-grade observations", "gbifID": "5007257054"}}, {"type": "Feature", "geometry": {"type": "Point", "coordinates": [-61.634452, 15.861673]}, "properties": {"taxon": "Anolis marmoratus", "scientificName": "Anolis marmoratus caryae Lazell, 1964", "date": "2018-07-28", "basis": "HUMAN_OBSERVATION", "dataset": "iNaturalist research-grade observations", "gbifID": "5008084183"}}, {"type": "Feature", "geometry": {"type": "Point", "coordinates": [-61.628069, 16.028405]}, "properties": {"taxon": "Anolis marmoratus", "scientificName": "Anolis marmoratus marmoratus Dum\u00e9ril & Bibron, 1837", "date": "2018-07-22", "basis": "HUMAN_OBSERVATION", "dataset": "iNaturalist research-grade observations", "gbifID": "6178533410"}}, {"type": "Feature", "geometry": {"type": "Point", "coordinates": [-61.769266, 16.152675]}, "properties": {"taxon": "Anolis marmoratus", "scientificName": "Anolis marmoratus girafus Lazell, 1964", "date": "2018-07-18", "basis": "HUMAN_OBSERVATION", "dataset": "iNaturalist research-grade observations", "gbifID": "6184978016"}}, {"type": "Feature", "geometry": {"type": "Point", "coordinates": [-61.786919, 16.243095]}, "properties": {"taxon": "Anolis marmoratus", "scientificName": "Anolis marmoratus setosus Lazell, 1964", "date": "2018-08-13", "basis": "HUMAN_OBSERVATION", "dataset": "iNaturalist research-grade observations", "gbifID": "2802566388"}}, {"type": "Feature", "geometry": {"type": "Point", "coordinates": [-61.789088, 16.168223]}, "properties": {"taxon": "Anolis marmoratus", "scientificName": "Anolis marmoratus Dum\u00e9ril & Bibron, 1837", "date": "2018-08-01", "basis": "HUMAN_OBSERVATION", "dataset": "iNaturalist research-grade observations", "gbifID": "5006909649"}}, {"type": "Feature", "geometry": {"type": "Point", "coordinates": [-61.769266, 16.152675]}, "properties": {"taxon": "Anolis marmoratus", "scientificName": "Anolis marmoratus girafus Lazell, 1964", "date": "2018-08-07", "basis": "HUMAN_OBSERVATION", "dataset": "iNaturalist research-grade observations", "gbifID": "6185830114"}}, {"type": "Feature", "geometry": {"type": "Point", "coordinates": [-61.572537, 16.044567]}, "properties": {"taxon": "Anolis marmoratus", "scientificName": "Anolis marmoratus Dum\u00e9ril & Bibron, 1837", "date": "2018-10-05", "basis": "HUMAN_OBSERVATION", "dataset": "iNaturalist research-grade observations", "gbifID": "1986508049"}}, {"type": "Feature", "geometry": {"type": "Point", "coordinates": [-61.47181, 16.32459]}, "properties": {"taxon": "Anolis marmoratus", "scientificName": "Anolis marmoratus Dum\u00e9ril & Bibron, 1837", "date": "2018-10-19", "basis": "HUMAN_OBSERVATION", "dataset": null, "gbifID": "4583417334"}}, {"type": "Feature", "geometry": {"type": "Point", "coordinates": [-61.47181, 16.32459]}, "properties": {"taxon": "Anolis marmoratus", "scientificName": "Anolis marmoratus Dum\u00e9ril & Bibron, 1837", "date": "2018-10-18", "basis": "HUMAN_OBSERVATION", "dataset": null, "gbifID": "4583417360"}}, {"type": "Feature", "geometry": {"type": "Point", "coordinates": [-61.525969, 16.29153]}, "properties": {"taxon": "Anolis marmoratus", "scientificName": "Anolis marmoratus Dum\u00e9ril & Bibron, 1837", "date": "2018-12-14", "basis": "HUMAN_OBSERVATION", "dataset": "iNaturalist research-grade observations", "gbifID": "2802920396"}}, {"type": "Feature", "geometry": {"type": "Point", "coordinates": [-61.797337, 16.29927]}, "properties": {"taxon": "Anolis marmoratus", "scientificName": "Anolis marmoratus Dum\u00e9ril & Bibron, 1837", "date": "2018-12-13", "basis": "HUMAN_OBSERVATION", "dataset": "iNaturalist research-grade observations", "gbifID": "4519269407"}}, {"type": "Feature", "geometry": {"type": "Point", "coordinates": [-61.79776, 16.29999]}, "properties": {"taxon": "Anolis marmoratus", "scientificName": "Ctenonotus marmoratus (Dum\u00e9ril & Bibron, 1837)", "date": "2017-02-02", "basis": "HUMAN_OBSERVATION", "dataset": null, "gbifID": "3491344268"}}, {"type": "Feature", "geometry": {"type": "Point", "coordinates": [-61.59204, 16.25167]}, "properties": {"taxon": "Anolis marmoratus", "scientificName": "Ctenonotus marmoratus (Dum\u00e9ril & Bibron, 1837)", "date": "2017-02-15", "basis": "HUMAN_OBSERVATION", "dataset": null, "gbifID": "3833726314"}}, {"type": "Feature", "geometry": {"type": "Point", "coordinates": [-61.53677, 16.23652]}, "properties": {"taxon": "Anolis marmoratus", "scientificName": "Ctenonotus marmoratus (Dum\u00e9ril & Bibron, 1837)", "date": "2017-02-14", "basis": "HUMAN_OBSERVATION", "dataset": null, "gbifID": "3833726319"}}, {"type": "Feature", "geometry": {"type": "Point", "coordinates": [-61.53677, 16.23652]}, "properties": {"taxon": "Anolis marmoratus", "scientificName": "Ctenonotus marmoratus (Dum\u00e9ril & Bibron, 1837)", "date": "2017-02-14", "basis": "HUMAN_OBSERVATION", "dataset": null, "gbifID": "3833726342"}}, {"type": "Feature", "geometry": {"type": "Point", "coordinates": [-61.59204, 16.25167]}, "properties": {"taxon": "Anolis marmoratus", "scientificName": "Ctenonotus marmoratus (Dum\u00e9ril & Bibron, 1837)", "date": "2017-02-13", "basis": "HUMAN_OBSERVATION", "dataset": null, "gbifID": "3833726344"}}, {"type": "Feature", "geometry": {"type": "Point", "coordinates": [-61.59204, 16.25167]}, "properties": {"taxon": "Anolis marmoratus", "scientificName": "Ctenonotus marmoratus (Dum\u00e9ril & Bibron, 1837)", "date": "2017-02-17", "basis": "HUMAN_OBSERVATION", "dataset": null, "gbifID": "3833726357"}}, {"type": "Feature", "geometry": {"type": "Point", "coordinates": [-61.59204, 16.25167]}, "properties": {"taxon": "Anolis marmoratus", "scientificName": "Ctenonotus marmoratus (Dum\u00e9ril & Bibron, 1837)", "date": "2017-02-16", "basis": "HUMAN_OBSERVATION", "dataset": null, "gbifID": "3833726387"}}, {"type": "Feature", "geometry": {"type": "Point", "coordinates": [-61.59204, 16.25167]}, "properties": {"taxon": "Anolis marmoratus", "scientificName": "Ctenonotus marmoratus (Dum\u00e9ril & Bibron, 1837)", "date": "2017-02-16", "basis": "HUMAN_OBSERVATION", "dataset": null, "gbifID": "3833726391"}}, {"type": "Feature", "geometry": {"type": "Point", "coordinates": [-61.53677, 16.23652]}, "properties": {"taxon": "Anolis marmoratus", "scientificName": "Ctenonotus marmoratus (Dum\u00e9ril & Bibron, 1837)", "date": "2017-02-14", "basis": "HUMAN_OBSERVATION", "dataset": null, "gbifID": "3833726415"}}, {"type": "Feature", "geometry": {"type": "Point", "coordinates": [-61.53677, 16.23652]}, "properties": {"taxon": "Anolis marmoratus", "scientificName": "Ctenonotus marmoratus (Dum\u00e9ril & Bibron, 1837)", "date": "2017-02-14", "basis": "HUMAN_OBSERVATION", "dataset": null, "gbifID": "3833726434"}}, {"type": "Feature", "geometry": {"type": "Point", "coordinates": [-61.59204, 16.25167]}, "properties": {"taxon": "Anolis marmoratus", "scientificName": "Ctenonotus marmoratus (Dum\u00e9ril & Bibron, 1837)", "date": "2017-02-13", "basis": "HUMAN_OBSERVATION", "dataset": null, "gbifID": "3833726457"}}, {"type": "Feature", "geometry": {"type": "Point", "coordinates": [-61.53677, 16.23652]}, "properties": {"taxon": "Anolis marmoratus", "scientificName": "Ctenonotus marmoratus (Dum\u00e9ril & Bibron, 1837)", "date": "2017-02-15", "basis": "HUMAN_OBSERVATION", "dataset": null, "gbifID": "3833726497"}}, {"type": "Feature", "geometry": {"type": "Point", "coordinates": [-61.53677, 16.23652]}, "properties": {"taxon": "Anolis marmoratus", "scientificName": "Ctenonotus marmoratus (Dum\u00e9ril & Bibron, 1837)", "date": "2017-02-15", "basis": "HUMAN_OBSERVATION", "dataset": null, "gbifID": "3833726532"}}, {"type": "Feature", "geometry": {"type": "Point", "coordinates": [-61.53677, 16.23652]}, "properties": {"taxon": "Anolis marmoratus", "scientificName": "Ctenonotus marmoratus (Dum\u00e9ril & Bibron, 1837)", "date": "2017-02-15", "basis": "HUMAN_OBSERVATION", "dataset": null, "gbifID": "3833726584"}}, {"type": "Feature", "geometry": {"type": "Point", "coordinates": [-61.53677, 16.23652]}, "properties": {"taxon": "Anolis marmoratus", "scientificName": "Ctenonotus marmoratus (Dum\u00e9ril & Bibron, 1837)", "date": "2017-02-14", "basis": "HUMAN_OBSERVATION", "dataset": null, "gbifID": "3833726610"}}, {"type": "Feature", "geometry": {"type": "Point", "coordinates": [-61.59204, 16.25167]}, "properties": {"taxon": "Anolis marmoratus", "scientificName": "Ctenonotus marmoratus (Dum\u00e9ril & Bibron, 1837)", "date": "2017-02-13", "basis": "HUMAN_OBSERVATION", "dataset": null, "gbifID": "3833726620"}}, {"type": "Feature", "geometry": {"type": "Point", "coordinates": [-61.59204, 16.25167]}, "properties": {"taxon": "Anolis marmoratus", "scientificName": "Ctenonotus marmoratus (Dum\u00e9ril & Bibron, 1837)", "date": "2017-02-13", "basis": "HUMAN_OBSERVATION", "dataset": null, "gbifID": "3833726629"}}, {"type": "Feature", "geometry": {"type": "Point", "coordinates": [-61.59204, 16.25167]}, "properties": {"taxon": "Anolis marmoratus", "scientificName": "Ctenonotus marmoratus (Dum\u00e9ril & Bibron, 1837)", "date": "2017-02-13", "basis": "HUMAN_OBSERVATION", "dataset": null, "gbifID": "3833726669"}}, {"type": "Feature", "geometry": {"type": "Point", "coordinates": [-61.53677, 16.23652]}, "properties": {"taxon": "Anolis marmoratus", "scientificName": "Ctenonotus marmoratus (Dum\u00e9ril & Bibron, 1837)", "date": "2017-02-15", "basis": "HUMAN_OBSERVATION", "dataset": null, "gbifID": "3833726699"}}, {"type": "Feature", "geometry": {"type": "Point", "coordinates": [-61.59204, 16.25167]}, "properties": {"taxon": "Anolis marmoratus", "scientificName": "Ctenonotus marmoratus (Dum\u00e9ril & Bibron, 1837)", "date": "2017-02-16", "basis": "HUMAN_OBSERVATION", "dataset": null, "gbifID": "3833726712"}}, {"type": "Feature", "geometry": {"type": "Point", "coordinates": [-61.53677, 16.23652]}, "properties": {"taxon": "Anolis marmoratus", "scientificName": "Ctenonotus marmoratus (Dum\u00e9ril & Bibron, 1837)", "date": "2017-02-15", "basis": "HUMAN_OBSERVATION", "dataset": null, "gbifID": "3833726746"}}, {"type": "Feature", "geometry": {"type": "Point", "coordinates": [-61.59204, 16.25167]}, "properties": {"taxon": "Anolis marmoratus", "scientificName": "Ctenonotus marmoratus (Dum\u00e9ril & Bibron, 1837)", "date": "2017-02-15", "basis": "HUMAN_OBSERVATION", "dataset": null, "gbifID": "3833726768"}}, {"type": "Feature", "geometry": {"type": "Point", "coordinates": [-61.53677, 16.23652]}, "properties": {"taxon": "Anolis marmoratus", "scientificName": "Ctenonotus marmoratus (Dum\u00e9ril & Bibron, 1837)", "date": "2017-02-14", "basis": "HUMAN_OBSERVATION", "dataset": null, "gbifID": "3833726772"}}, {"type": "Feature", "geometry": {"type": "Point", "coordinates": [-61.53677, 16.23652]}, "properties": {"taxon": "Anolis marmoratus", "scientificName": "Ctenonotus marmoratus (Dum\u00e9ril & Bibron, 1837)", "date": "2017-02-14", "basis": "HUMAN_OBSERVATION", "dataset": null, "gbifID": "3833726775"}}, {"type": "Feature", "geometry": {"type": "Point", "coordinates": [-61.53677, 16.23652]}, "properties": {"taxon": "Anolis marmoratus", "scientificName": "Ctenonotus marmoratus (Dum\u00e9ril & Bibron, 1837)", "date": "2017-02-15", "basis": "HUMAN_OBSERVATION", "dataset": null, "gbifID": "3833726816"}}, {"type": "Feature", "geometry": {"type": "Point", "coordinates": [-61.59204, 16.25167]}, "properties": {"taxon": "Anolis marmoratus", "scientificName": "Ctenonotus marmoratus (Dum\u00e9ril & Bibron, 1837)", "date": "2017-02-17", "basis": "HUMAN_OBSERVATION", "dataset": null, "gbifID": "3833726829"}}, {"type": "Feature", "geometry": {"type": "Point", "coordinates": [-61.53677, 16.23652]}, "properties": {"taxon": "Anolis marmoratus", "scientificName": "Ctenonotus marmoratus (Dum\u00e9ril & Bibron, 1837)", "date": "2017-02-15", "basis": "HUMAN_OBSERVATION", "dataset": null, "gbifID": "3833726859"}}, {"type": "Feature", "geometry": {"type": "Point", "coordinates": [-61.59204, 16.25167]}, "properties": {"taxon": "Anolis marmoratus", "scientificName": "Ctenonotus marmoratus (Dum\u00e9ril & Bibron, 1837)", "date": "2017-02-16", "basis": "HUMAN_OBSERVATION", "dataset": null, "gbifID": "3833726878"}}, {"type": "Feature", "geometry": {"type": "Point", "coordinates": [-61.53677, 16.23652]}, "properties": {"taxon": "Anolis marmoratus", "scientificName": "Ctenonotus marmoratus (Dum\u00e9ril & Bibron, 1837)", "date": "2017-02-14", "basis": "HUMAN_OBSERVATION", "dataset": null, "gbifID": "3833726904"}}, {"type": "Feature", "geometry": {"type": "Point", "coordinates": [-61.59204, 16.25167]}, "properties": {"taxon": "Anolis marmoratus", "scientificName": "Ctenonotus marmoratus (Dum\u00e9ril & Bibron, 1837)", "date": "2017-02-17", "basis": "HUMAN_OBSERVATION", "dataset": null, "gbifID": "3833726906"}}, {"type": "Feature", "geometry": {"type": "Point", "coordinates": [-61.59204, 16.25167]}, "properties": {"taxon": "Anolis marmoratus", "scientificName": "Ctenonotus marmoratus (Dum\u00e9ril & Bibron, 1837)", "date": "2017-02-16", "basis": "HUMAN_OBSERVATION", "dataset": null, "gbifID": "3833726919"}}, {"type": "Feature", "geometry": {"type": "Point", "coordinates": [-61.53677, 16.23652]}, "properties": {"taxon": "Anolis marmoratus", "scientificName": "Ctenonotus marmoratus (Dum\u00e9ril & Bibron, 1837)", "date": "2017-02-15", "basis": "HUMAN_OBSERVATION", "dataset": null, "gbifID": "3833726934"}}, {"type": "Feature", "geometry": {"type": "Point", "coordinates": [-61.59204, 16.25167]}, "properties": {"taxon": "Anolis marmoratus", "scientificName": "Ctenonotus marmoratus (Dum\u00e9ril & Bibron, 1837)", "date": "2017-02-17", "basis": "HUMAN_OBSERVATION", "dataset": null, "gbifID": "3833726937"}}, {"type": "Feature", "geometry": {"type": "Point", "coordinates": [-61.53677, 16.23652]}, "properties": {"taxon": "Anolis marmoratus", "scientificName": "Ctenonotus marmoratus (Dum\u00e9ril & Bibron, 1837)", "date": "2017-02-14", "basis": "HUMAN_OBSERVATION", "dataset": null, "gbifID": "3833726946"}}, {"type": "Feature", "geometry": {"type": "Point", "coordinates": [-61.53677, 16.23652]}, "properties": {"taxon": "Anolis marmoratus", "scientificName": "Ctenonotus marmoratus (Dum\u00e9ril & Bibron, 1837)", "date": "2017-02-14", "basis": "HUMAN_OBSERVATION", "dataset": null, "gbifID": "3833726956"}}, {"type": "Feature", "geometry": {"type": "Point", "coordinates": [-61.53677, 16.23652]}, "properties": {"taxon": "Anolis marmoratus", "scientificName": "Ctenonotus marmoratus (Dum\u00e9ril & Bibron, 1837)", "date": "2017-02-15", "basis": "HUMAN_OBSERVATION", "dataset": null, "gbifID": "3833726974"}}, {"type": "Feature", "geometry": {"type": "Point", "coordinates": [-61.59204, 16.25167]}, "properties": {"taxon": "Anolis marmoratus", "scientificName": "Ctenonotus marmoratus (Dum\u00e9ril & Bibron, 1837)", "date": "2017-02-16", "basis": "HUMAN_OBSERVATION", "dataset": null, "gbifID": "3833727018"}}, {"type": "Feature", "geometry": {"type": "Point", "coordinates": [-61.53677, 16.23652]}, "properties": {"taxon": "Anolis marmoratus", "scientificName": "Ctenonotus marmoratus (Dum\u00e9ril & Bibron, 1837)", "date": "2017-02-14", "basis": "HUMAN_OBSERVATION", "dataset": null, "gbifID": "3833727040"}}, {"type": "Feature", "geometry": {"type": "Point", "coordinates": [-61.59204, 16.25167]}, "properties": {"taxon": "Anolis marmoratus", "scientificName": "Ctenonotus marmoratus (Dum\u00e9ril & Bibron, 1837)", "date": "2017-02-15", "basis": "HUMAN_OBSERVATION", "dataset": null, "gbifID": "3833727044"}}, {"type": "Feature", "geometry": {"type": "Point", "coordinates": [-61.59204, 16.25167]}, "properties": {"taxon": "Anolis marmoratus", "scientificName": "Ctenonotus marmoratus (Dum\u00e9ril & Bibron, 1837)", "date": "2017-02-16", "basis": "HUMAN_OBSERVATION", "dataset": null, "gbifID": "3833727051"}}, {"type": "Feature", "geometry": {"type": "Point", "coordinates": [-61.53677, 16.23652]}, "properties": {"taxon": "Anolis marmoratus", "scientificName": "Ctenonotus marmoratus (Dum\u00e9ril & Bibron, 1837)", "date": "2017-02-15", "basis": "HUMAN_OBSERVATION", "dataset": null, "gbifID": "3833727068"}}, {"type": "Feature", "geometry": {"type": "Point", "coordinates": [-61.59204, 16.25167]}, "properties": {"taxon": "Anolis marmoratus", "scientificName": "Ctenonotus marmoratus (Dum\u00e9ril & Bibron, 1837)", "date": "2017-02-17", "basis": "HUMAN_OBSERVATION", "dataset": null, "gbifID": "3833727085"}}, {"type": "Feature", "geometry": {"type": "Point", "coordinates": [-61.59204, 16.25167]}, "properties": {"taxon": "Anolis marmoratus", "scientificName": "Ctenonotus marmoratus (Dum\u00e9ril & Bibron, 1837)", "date": "2017-02-13", "basis": "HUMAN_OBSERVATION", "dataset": null, "gbifID": "3833727097"}}, {"type": "Feature", "geometry": {"type": "Point", "coordinates": [-61.53677, 16.23652]}, "properties": {"taxon": "Anolis marmoratus", "scientificName": "Ctenonotus marmoratus (Dum\u00e9ril & Bibron, 1837)", "date": "2017-02-15", "basis": "HUMAN_OBSERVATION", "dataset": null, "gbifID": "3833727105"}}, {"type": "Feature", "geometry": {"type": "Point", "coordinates": [-61.53677, 16.23652]}, "properties": {"taxon": "Anolis marmoratus", "scientificName": "Ctenonotus marmoratus (Dum\u00e9ril & Bibron, 1837)", "date": "2017-02-14", "basis": "HUMAN_OBSERVATION", "dataset": null, "gbifID": "3833727110"}}, {"type": "Feature", "geometry": {"type": "Point", "coordinates": [-61.59204, 16.25167]}, "properties": {"taxon": "Anolis marmoratus", "scientificName": "Ctenonotus marmoratus (Dum\u00e9ril & Bibron, 1837)", "date": "2017-02-13", "basis": "HUMAN_OBSERVATION", "dataset": null, "gbifID": "3833727112"}}, {"type": "Feature", "geometry": {"type": "Point", "coordinates": [-61.53677, 16.23652]}, "properties": {"taxon": "Anolis marmoratus", "scientificName": "Ctenonotus marmoratus (Dum\u00e9ril & Bibron, 1837)", "date": "2017-02-14", "basis": "HUMAN_OBSERVATION", "dataset": null, "gbifID": "3833824301"}}, {"type": "Feature", "geometry": {"type": "Point", "coordinates": [-61.59204, 16.25167]}, "properties": {"taxon": "Anolis marmoratus", "scientificName": "Ctenonotus marmoratus (Dum\u00e9ril & Bibron, 1837)", "date": "2017-02-16", "basis": "HUMAN_OBSERVATION", "dataset": null, "gbifID": "3833824302"}}, {"type": "Feature", "geometry": {"type": "Point", "coordinates": [-61.53677, 16.23652]}, "properties": {"taxon": "Anolis marmoratus", "scientificName": "Ctenonotus marmoratus (Dum\u00e9ril & Bibron, 1837)", "date": "2017-02-14", "basis": "HUMAN_OBSERVATION", "dataset": null, "gbifID": "3833824363"}}, {"type": "Feature", "geometry": {"type": "Point", "coordinates": [-61.59204, 16.25167]}, "properties": {"taxon": "Anolis marmoratus", "scientificName": "Ctenonotus marmoratus (Dum\u00e9ril & Bibron, 1837)", "date": "2017-02-13", "basis": "HUMAN_OBSERVATION", "dataset": null, "gbifID": "3833824397"}}, {"type": "Feature", "geometry": {"type": "Point", "coordinates": [-61.53677, 16.23652]}, "properties": {"taxon": "Anolis marmoratus", "scientificName": "Ctenonotus marmoratus (Dum\u00e9ril & Bibron, 1837)", "date": "2017-02-14", "basis": "HUMAN_OBSERVATION", "dataset": null, "gbifID": "3833824401"}}, {"type": "Feature", "geometry": {"type": "Point", "coordinates": [-61.59204, 16.25167]}, "properties": {"taxon": "Anolis marmoratus", "scientificName": "Ctenonotus marmoratus (Dum\u00e9ril & Bibron, 1837)", "date": "2017-02-17", "basis": "HUMAN_OBSERVATION", "dataset": null, "gbifID": "3833824415"}}, {"type": "Feature", "geometry": {"type": "Point", "coordinates": [-61.53677, 16.23652]}, "properties": {"taxon": "Anolis marmoratus", "scientificName": "Ctenonotus marmoratus (Dum\u00e9ril & Bibron, 1837)", "date": "2017-02-15", "basis": "HUMAN_OBSERVATION", "dataset": null, "gbifID": "3833824452"}}, {"type": "Feature", "geometry": {"type": "Point", "coordinates": [-61.53677, 16.23652]}, "properties": {"taxon": "Anolis marmoratus", "scientificName": "Ctenonotus marmoratus (Dum\u00e9ril & Bibron, 1837)", "date": "2017-02-15", "basis": "HUMAN_OBSERVATION", "dataset": null, "gbifID": "3833824453"}}, {"type": "Feature", "geometry": {"type": "Point", "coordinates": [-61.53677, 16.23652]}, "properties": {"taxon": "Anolis marmoratus", "scientificName": "Ctenonotus marmoratus (Dum\u00e9ril & Bibron, 1837)", "date": "2017-02-15", "basis": "HUMAN_OBSERVATION", "dataset": null, "gbifID": "3833824469"}}, {"type": "Feature", "geometry": {"type": "Point", "coordinates": [-61.53677, 16.23652]}, "properties": {"taxon": "Anolis marmoratus", "scientificName": "Ctenonotus marmoratus (Dum\u00e9ril & Bibron, 1837)", "date": "2017-02-14", "basis": "HUMAN_OBSERVATION", "dataset": null, "gbifID": "3833824476"}}, {"type": "Feature", "geometry": {"type": "Point", "coordinates": [-61.53677, 16.23652]}, "properties": {"taxon": "Anolis marmoratus", "scientificName": "Ctenonotus marmoratus (Dum\u00e9ril & Bibron, 1837)", "date": "2017-02-15", "basis": "HUMAN_OBSERVATION", "dataset": null, "gbifID": "3833824490"}}, {"type": "Feature", "geometry": {"type": "Point", "coordinates": [-61.59204, 16.25167]}, "properties": {"taxon": "Anolis marmoratus", "scientificName": "Ctenonotus marmoratus (Dum\u00e9ril & Bibron, 1837)", "date": "2017-02-13", "basis": "HUMAN_OBSERVATION", "dataset": null, "gbifID": "3833824529"}}, {"type": "Feature", "geometry": {"type": "Point", "coordinates": [-61.59204, 16.25167]}, "properties": {"taxon": "Anolis marmoratus", "scientificName": "Ctenonotus marmoratus (Dum\u00e9ril & Bibron, 1837)", "date": "2017-02-16", "basis": "HUMAN_OBSERVATION", "dataset": null, "gbifID": "3833824546"}}, {"type": "Feature", "geometry": {"type": "Point", "coordinates": [-61.59204, 16.25167]}, "properties": {"taxon": "Anolis marmoratus", "scientificName": "Ctenonotus marmoratus (Dum\u00e9ril & Bibron, 1837)", "date": "2017-02-15", "basis": "HUMAN_OBSERVATION", "dataset": null, "gbifID": "3833824552"}}, {"type": "Feature", "geometry": {"type": "Point", "coordinates": [-61.59204, 16.25167]}, "properties": {"taxon": "Anolis marmoratus", "scientificName": "Ctenonotus marmoratus (Dum\u00e9ril & Bibron, 1837)", "date": "2017-02-15", "basis": "HUMAN_OBSERVATION", "dataset": null, "gbifID": "3833824570"}}, {"type": "Feature", "geometry": {"type": "Point", "coordinates": [-61.59204, 16.25167]}, "properties": {"taxon": "Anolis marmoratus", "scientificName": "Ctenonotus marmoratus (Dum\u00e9ril & Bibron, 1837)", "date": "2017-02-15", "basis": "HUMAN_OBSERVATION", "dataset": null, "gbifID": "3833824606"}}, {"type": "Feature", "geometry": {"type": "Point", "coordinates": [-61.59204, 16.25167]}, "properties": {"taxon": "Anolis marmoratus", "scientificName": "Ctenonotus marmoratus (Dum\u00e9ril & Bibron, 1837)", "date": "2017-02-16", "basis": "HUMAN_OBSERVATION", "dataset": null, "gbifID": "3833824658"}}, {"type": "Feature", "geometry": {"type": "Point", "coordinates": [-61.59204, 16.25167]}, "properties": {"taxon": "Anolis marmoratus", "scientificName": "Ctenonotus marmoratus (Dum\u00e9ril & Bibron, 1837)", "date": "2017-02-17", "basis": "HUMAN_OBSERVATION", "dataset": null, "gbifID": "3833824664"}}, {"type": "Feature", "geometry": {"type": "Point", "coordinates": [-61.53677, 16.23652]}, "properties": {"taxon": "Anolis marmoratus", "scientificName": "Ctenonotus marmoratus (Dum\u00e9ril & Bibron, 1837)", "date": "2017-02-14", "basis": "HUMAN_OBSERVATION", "dataset": null, "gbifID": "3833824697"}}, {"type": "Feature", "geometry": {"type": "Point", "coordinates": [-61.53677, 16.23652]}, "properties": {"taxon": "Anolis marmoratus", "scientificName": "Ctenonotus marmoratus (Dum\u00e9ril & Bibron, 1837)", "date": "2017-02-14", "basis": "HUMAN_OBSERVATION", "dataset": null, "gbifID": "3833824706"}}, {"type": "Feature", "geometry": {"type": "Point", "coordinates": [-61.53677, 16.23652]}, "properties": {"taxon": "Anolis marmoratus", "scientificName": "Ctenonotus marmoratus (Dum\u00e9ril & Bibron, 1837)", "date": "2017-02-14", "basis": "HUMAN_OBSERVATION", "dataset": null, "gbifID": "3833824718"}}, {"type": "Feature", "geometry": {"type": "Point", "coordinates": [-61.53677, 16.23652]}, "properties": {"taxon": "Anolis marmoratus", "scientificName": "Ctenonotus marmoratus (Dum\u00e9ril & Bibron, 1837)", "date": "2017-02-15", "basis": "HUMAN_OBSERVATION", "dataset": null, "gbifID": "3833824723"}}, {"type": "Feature", "geometry": {"type": "Point", "coordinates": [-61.53677, 16.23652]}, "properties": {"taxon": "Anolis marmoratus", "scientificName": "Ctenonotus marmoratus (Dum\u00e9ril & Bibron, 1837)", "date": "2017-02-14", "basis": "HUMAN_OBSERVATION", "dataset": null, "gbifID": "3833824731"}}, {"type": "Feature", "geometry": {"type": "Point", "coordinates": [-61.53677, 16.23652]}, "properties": {"taxon": "Anolis marmoratus", "scientificName": "Ctenonotus marmoratus (Dum\u00e9ril & Bibron, 1837)", "date": "2017-02-14", "basis": "HUMAN_OBSERVATION", "dataset": null, "gbifID": "3833824737"}}, {"type": "Feature", "geometry": {"type": "Point", "coordinates": [-61.53677, 16.23652]}, "properties": {"taxon": "Anolis marmoratus", "scientificName": "Ctenonotus marmoratus (Dum\u00e9ril & Bibron, 1837)", "date": "2017-02-14", "basis": "HUMAN_OBSERVATION", "dataset": null, "gbifID": "3833824752"}}, {"type": "Feature", "geometry": {"type": "Point", "coordinates": [-61.59204, 16.25167]}, "properties": {"taxon": "Anolis marmoratus", "scientificName": "Ctenonotus marmoratus (Dum\u00e9ril & Bibron, 1837)", "date": "2017-02-13", "basis": "HUMAN_OBSERVATION", "dataset": null, "gbifID": "3833824769"}}, {"type": "Feature", "geometry": {"type": "Point", "coordinates": [-61.53677, 16.23652]}, "properties": {"taxon": "Anolis marmoratus", "scientificName": "Ctenonotus marmoratus (Dum\u00e9ril & Bibron, 1837)", "date": "2017-02-14", "basis": "HUMAN_OBSERVATION", "dataset": null, "gbifID": "3833824772"}}, {"type": "Feature", "geometry": {"type": "Point", "coordinates": [-61.59204, 16.25167]}, "properties": {"taxon": "Anolis marmoratus", "scientificName": "Ctenonotus marmoratus (Dum\u00e9ril & Bibron, 1837)", "date": "2017-02-16", "basis": "HUMAN_OBSERVATION", "dataset": null, "gbifID": "3833824797"}}, {"type": "Feature", "geometry": {"type": "Point", "coordinates": [-61.59204, 16.25167]}, "properties": {"taxon": "Anolis marmoratus", "scientificName": "Ctenonotus marmoratus (Dum\u00e9ril & Bibron, 1837)", "date": "2017-02-17", "basis": "HUMAN_OBSERVATION", "dataset": null, "gbifID": "3833824804"}}, {"type": "Feature", "geometry": {"type": "Point", "coordinates": [-61.53677, 16.23652]}, "properties": {"taxon": "Anolis marmoratus", "scientificName": "Ctenonotus marmoratus (Dum\u00e9ril & Bibron, 1837)", "date": "2017-02-15", "basis": "HUMAN_OBSERVATION", "dataset": null, "gbifID": "3833824808"}}, {"type": "Feature", "geometry": {"type": "Point", "coordinates": [-61.53677, 16.23652]}, "properties": {"taxon": "Anolis marmoratus", "scientificName": "Ctenonotus marmoratus (Dum\u00e9ril & Bibron, 1837)", "date": "2017-02-15", "basis": "HUMAN_OBSERVATION", "dataset": null, "gbifID": "3833824815"}}, {"type": "Feature", "geometry": {"type": "Point", "coordinates": [-61.53677, 16.23652]}, "properties": {"taxon": "Anolis marmoratus", "scientificName": "Ctenonotus marmoratus (Dum\u00e9ril & Bibron, 1837)", "date": "2017-02-14", "basis": "HUMAN_OBSERVATION", "dataset": null, "gbifID": "3833824843"}}, {"type": "Feature", "geometry": {"type": "Point", "coordinates": [-61.53677, 16.23652]}, "properties": {"taxon": "Anolis marmoratus", "scientificName": "Ctenonotus marmoratus (Dum\u00e9ril & Bibron, 1837)", "date": "2017-02-15", "basis": "HUMAN_OBSERVATION", "dataset": null, "gbifID": "3833824885"}}, {"type": "Feature", "geometry": {"type": "Point", "coordinates": [-61.59204, 16.25167]}, "properties": {"taxon": "Anolis marmoratus", "scientificName": "Ctenonotus marmoratus (Dum\u00e9ril & Bibron, 1837)", "date": "2017-02-13", "basis": "HUMAN_OBSERVATION", "dataset": null, "gbifID": "3833824889"}}, {"type": "Feature", "geometry": {"type": "Point", "coordinates": [-61.59204, 16.25167]}, "properties": {"taxon": "Anolis marmoratus", "scientificName": "Ctenonotus marmoratus (Dum\u00e9ril & Bibron, 1837)", "date": "2017-02-13", "basis": "HUMAN_OBSERVATION", "dataset": null, "gbifID": "3833824934"}}, {"type": "Feature", "geometry": {"type": "Point", "coordinates": [-61.53677, 16.23652]}, "properties": {"taxon": "Anolis marmoratus", "scientificName": "Ctenonotus marmoratus (Dum\u00e9ril & Bibron, 1837)", "date": "2017-02-15", "basis": "HUMAN_OBSERVATION", "dataset": null, "gbifID": "3833824939"}}, {"type": "Feature", "geometry": {"type": "Point", "coordinates": [-61.59204, 16.25167]}, "properties": {"taxon": "Anolis marmoratus", "scientificName": "Ctenonotus marmoratus (Dum\u00e9ril & Bibron, 1837)", "date": "2017-02-17", "basis": "HUMAN_OBSERVATION", "dataset": null, "gbifID": "3833824944"}}, {"type": "Feature", "geometry": {"type": "Point", "coordinates": [-61.59204, 16.25167]}, "properties": {"taxon": "Anolis marmoratus", "scientificName": "Ctenonotus marmoratus (Dum\u00e9ril & Bibron, 1837)", "date": "2017-02-17", "basis": "HUMAN_OBSERVATION", "dataset": null, "gbifID": "3833824955"}}, {"type": "Feature", "geometry": {"type": "Point", "coordinates": [-61.59204, 16.25167]}, "properties": {"taxon": "Anolis marmoratus", "scientificName": "Ctenonotus marmoratus (Dum\u00e9ril & Bibron, 1837)", "date": "2017-02-16", "basis": "HUMAN_OBSERVATION", "dataset": null, "gbifID": "3833824993"}}, {"type": "Feature", "geometry": {"type": "Point", "coordinates": [-61.59204, 16.25167]}, "properties": {"taxon": "Anolis marmoratus", "scientificName": "Ctenonotus marmoratus (Dum\u00e9ril & Bibron, 1837)", "date": "2017-02-13", "basis": "HUMAN_OBSERVATION", "dataset": null, "gbifID": "3833825001"}}, {"type": "Feature", "geometry": {"type": "Point", "coordinates": [-61.59204, 16.25167]}, "properties": {"taxon": "Anolis marmoratus", "scientificName": "Ctenonotus marmoratus (Dum\u00e9ril & Bibron, 1837)", "date": "2017-02-16", "basis": "HUMAN_OBSERVATION", "dataset": null, "gbifID": "3833825023"}}, {"type": "Feature", "geometry": {"type": "Point", "coordinates": [-61.53677, 16.23652]}, "properties": {"taxon": "Anolis marmoratus", "scientificName": "Ctenonotus marmoratus (Dum\u00e9ril & Bibron, 1837)", "date": "2017-02-15", "basis": "HUMAN_OBSERVATION", "dataset": null, "gbifID": "3833825081"}}, {"type": "Feature", "geometry": {"type": "Point", "coordinates": [-61.59204, 16.25167]}, "properties": {"taxon": "Anolis marmoratus", "scientificName": "Ctenonotus marmoratus (Dum\u00e9ril & Bibron, 1837)", "date": "2017-02-16", "basis": "HUMAN_OBSERVATION", "dataset": null, "gbifID": "3833825083"}}, {"type": "Feature", "geometry": {"type": "Point", "coordinates": [-61.59204, 16.25167]}, "properties": {"taxon": "Anolis marmoratus", "scientificName": "Ctenonotus marmoratus (Dum\u00e9ril & Bibron, 1837)", "date": "2017-02-13", "basis": "HUMAN_OBSERVATION", "dataset": null, "gbifID": "3833825085"}}, {"type": "Feature", "geometry": {"type": "Point", "coordinates": [-61.53677, 16.23652]}, "properties": {"taxon": "Anolis marmoratus", "scientificName": "Ctenonotus marmoratus (Dum\u00e9ril & Bibron, 1837)", "date": "2017-02-15", "basis": "HUMAN_OBSERVATION", "dataset": null, "gbifID": "3833825118"}}, {"type": "Feature", "geometry": {"type": "Point", "coordinates": [-61.53688, 16.23644]}, "properties": {"taxon": "Anolis marmoratus", "scientificName": "Ctenonotus marmoratus (Dum\u00e9ril & Bibron, 1837)", "date": "2017-02-17", "basis": "HUMAN_OBSERVATION", "dataset": null, "gbifID": "4150726328"}}, {"type": "Feature", "geometry": {"type": "Point", "coordinates": [-61.59203, 16.25165]}, "properties": {"taxon": "Anolis marmoratus", "scientificName": "Ctenonotus marmoratus (Dum\u00e9ril & Bibron, 1837)", "date": "2017-02-16", "basis": "HUMAN_OBSERVATION", "dataset": null, "gbifID": "4150726347"}}, {"type": "Feature", "geometry": {"type": "Point", "coordinates": [-61.53688, 16.23644]}, "properties": {"taxon": "Anolis marmoratus", "scientificName": "Ctenonotus marmoratus (Dum\u00e9ril & Bibron, 1837)", "date": "2017-02-14", "basis": "HUMAN_OBSERVATION", "dataset": null, "gbifID": "4150726359"}}, {"type": "Feature", "geometry": {"type": "Point", "coordinates": [-61.53688, 16.23644]}, "properties": {"taxon": "Anolis marmoratus", "scientificName": "Ctenonotus marmoratus (Dum\u00e9ril & Bibron, 1837)", "date": "2017-02-16", "basis": "HUMAN_OBSERVATION", "dataset": null, "gbifID": "4150726369"}}, {"type": "Feature", "geometry": {"type": "Point", "coordinates": [-61.53688, 16.23644]}, "properties": {"taxon": "Anolis marmoratus", "scientificName": "Ctenonotus marmoratus (Dum\u00e9ril & Bibron, 1837)", "date": "2017-02-16", "basis": "HUMAN_OBSERVATION", "dataset": null, "gbifID": "4150726392"}}, {"type": "Feature", "geometry": {"type": "Point", "coordinates": [-61.59203, 16.25165]}, "properties": {"taxon": "Anolis marmoratus", "scientificName": "Ctenonotus marmoratus (Dum\u00e9ril & Bibron, 1837)", "date": "2017-02-17", "basis": "HUMAN_OBSERVATION", "dataset": null, "gbifID": "4150726409"}}, {"type": "Feature", "geometry": {"type": "Point", "coordinates": [-61.53688, 16.23644]}, "properties": {"taxon": "Anolis marmoratus", "scientificName": "Ctenonotus marmoratus (Dum\u00e9ril & Bibron, 1837)", "date": "2017-02-14", "basis": "HUMAN_OBSERVATION", "dataset": null, "gbifID": "4150726414"}}, {"type": "Feature", "geometry": {"type": "Point", "coordinates": [-61.59203, 16.25165]}, "properties": {"taxon": "Anolis marmoratus", "scientificName": "Ctenonotus marmoratus (Dum\u00e9ril & Bibron, 1837)", "date": "2017-02-17", "basis": "HUMAN_OBSERVATION", "dataset": null, "gbifID": "4150726435"}}, {"type": "Feature", "geometry": {"type": "Point", "coordinates": [-61.53688, 16.23644]}, "properties": {"taxon": "Anolis marmoratus", "scientificName": "Ctenonotus marmoratus (Dum\u00e9ril & Bibron, 1837)", "date": "2017-02-14", "basis": "HUMAN_OBSERVATION", "dataset": null, "gbifID": "4150726470"}}, {"type": "Feature", "geometry": {"type": "Point", "coordinates": [-61.53688, 16.23644]}, "properties": {"taxon": "Anolis marmoratus", "scientificName": "Ctenonotus marmoratus (Dum\u00e9ril & Bibron, 1837)", "date": "2017-02-15", "basis": "HUMAN_OBSERVATION", "dataset": null, "gbifID": "4150726481"}}, {"type": "Feature", "geometry": {"type": "Point", "coordinates": [-61.53688, 16.23644]}, "properties": {"taxon": "Anolis marmoratus", "scientificName": "Ctenonotus marmoratus (Dum\u00e9ril & Bibron, 1837)", "date": "2017-02-13", "basis": "HUMAN_OBSERVATION", "dataset": null, "gbifID": "4150726482"}}, {"type": "Feature", "geometry": {"type": "Point", "coordinates": [-61.59203, 16.25165]}, "properties": {"taxon": "Anolis marmoratus", "scientificName": "Ctenonotus marmoratus (Dum\u00e9ril & Bibron, 1837)", "date": "2017-02-17", "basis": "HUMAN_OBSERVATION", "dataset": null, "gbifID": "4150726483"}}, {"type": "Feature", "geometry": {"type": "Point", "coordinates": [-61.59203, 16.25165]}, "properties": {"taxon": "Anolis marmoratus", "scientificName": "Ctenonotus marmoratus (Dum\u00e9ril & Bibron, 1837)", "date": "2017-02-13", "basis": "HUMAN_OBSERVATION", "dataset": null, "gbifID": "4150726506"}}, {"type": "Feature", "geometry": {"type": "Point", "coordinates": [-61.59203, 16.25165]}, "properties": {"taxon": "Anolis marmoratus", "scientificName": "Ctenonotus marmoratus (Dum\u00e9ril & Bibron, 1837)", "date": "2017-02-15", "basis": "HUMAN_OBSERVATION", "dataset": null, "gbifID": "4150726523"}}, {"type": "Feature", "geometry": {"type": "Point", "coordinates": [-61.53688, 16.23644]}, "properties": {"taxon": "Anolis marmoratus", "scientificName": "Ctenonotus marmoratus (Dum\u00e9ril & Bibron, 1837)", "date": "2017-02-15", "basis": "HUMAN_OBSERVATION", "dataset": null, "gbifID": "4150726548"}}, {"type": "Feature", "geometry": {"type": "Point", "coordinates": [-61.53688, 16.23644]}, "properties": {"taxon": "Anolis marmoratus", "scientificName": "Ctenonotus marmoratus (Dum\u00e9ril & Bibron, 1837)", "date": "2017-02-14", "basis": "HUMAN_OBSERVATION", "dataset": null, "gbifID": "4150726558"}}, {"type": "Feature", "geometry": {"type": "Point", "coordinates": [-61.59203, 16.25165]}, "properties": {"taxon": "Anolis marmoratus", "scientificName": "Ctenonotus marmoratus (Dum\u00e9ril & Bibron, 1837)", "date": "2017-02-15", "basis": "HUMAN_OBSERVATION", "dataset": null, "gbifID": "4150726570"}}, {"type": "Feature", "geometry": {"type": "Point", "coordinates": [-61.53688, 16.23644]}, "properties": {"taxon": "Anolis marmoratus", "scientificName": "Ctenonotus marmoratus (Dum\u00e9ril & Bibron, 1837)", "date": "2017-02-14", "basis": "HUMAN_OBSERVATION", "dataset": null, "gbifID": "4150726624"}}, {"type": "Feature", "geometry": {"type": "Point", "coordinates": [-61.59203, 16.25165]}, "properties": {"taxon": "Anolis marmoratus", "scientificName": "Ctenonotus marmoratus (Dum\u00e9ril & Bibron, 1837)", "date": "2017-02-17", "basis": "HUMAN_OBSERVATION", "dataset": null, "gbifID": "4150726645"}}, {"type": "Feature", "geometry": {"type": "Point", "coordinates": [-61.59203, 16.25165]}, "properties": {"taxon": "Anolis marmoratus", "scientificName": "Ctenonotus marmoratus (Dum\u00e9ril & Bibron, 1837)", "date": "2017-02-16", "basis": "HUMAN_OBSERVATION", "dataset": null, "gbifID": "4150726646"}}, {"type": "Feature", "geometry": {"type": "Point", "coordinates": [-61.53688, 16.23644]}, "properties": {"taxon": "Anolis marmoratus", "scientificName": "Ctenonotus marmoratus (Dum\u00e9ril & Bibron, 1837)", "date": "2017-02-14", "basis": "HUMAN_OBSERVATION", "dataset": null, "gbifID": "4150726662"}}, {"type": "Feature", "geometry": {"type": "Point", "coordinates": [-61.53688, 16.23644]}, "properties": {"taxon": "Anolis marmoratus", "scientificName": "Ctenonotus marmoratus (Dum\u00e9ril & Bibron, 1837)", "date": "2017-02-14", "basis": "HUMAN_OBSERVATION", "dataset": null, "gbifID": "4150726672"}}, {"type": "Feature", "geometry": {"type": "Point", "coordinates": [-61.53688, 16.23644]}, "properties": {"taxon": "Anolis marmoratus", "scientificName": "Ctenonotus marmoratus (Dum\u00e9ril & Bibron, 1837)", "date": "2017-02-15", "basis": "HUMAN_OBSERVATION", "dataset": null, "gbifID": "4150726673"}}, {"type": "Feature", "geometry": {"type": "Point", "coordinates": [-61.59203, 16.25165]}, "properties": {"taxon": "Anolis marmoratus", "scientificName": "Ctenonotus marmoratus (Dum\u00e9ril & Bibron, 1837)", "date": "2017-02-16", "basis": "HUMAN_OBSERVATION", "dataset": null, "gbifID": "4150726710"}}, {"type": "Feature", "geometry": {"type": "Point", "coordinates": [-61.59203, 16.25165]}, "properties": {"taxon": "Anolis marmoratus", "scientificName": "Ctenonotus marmoratus (Dum\u00e9ril & Bibron, 1837)", "date": "2017-02-13", "basis": "HUMAN_OBSERVATION", "dataset": null, "gbifID": "4150726738"}}, {"type": "Feature", "geometry": {"type": "Point", "coordinates": [-61.59203, 16.25165]}, "properties": {"taxon": "Anolis marmoratus", "scientificName": "Ctenonotus marmoratus (Dum\u00e9ril & Bibron, 1837)", "date": "2017-02-15", "basis": "HUMAN_OBSERVATION", "dataset": null, "gbifID": "4150726748"}}, {"type": "Feature", "geometry": {"type": "Point", "coordinates": [-61.53688, 16.23644]}, "properties": {"taxon": "Anolis marmoratus", "scientificName": "Ctenonotus marmoratus (Dum\u00e9ril & Bibron, 1837)", "date": "2017-02-15", "basis": "HUMAN_OBSERVATION", "dataset": null, "gbifID": "4150726760"}}, {"type": "Feature", "geometry": {"type": "Point", "coordinates": [-61.53688, 16.23644]}, "properties": {"taxon": "Anolis marmoratus", "scientificName": "Ctenonotus marmoratus (Dum\u00e9ril & Bibron, 1837)", "date": "2017-02-14", "basis": "HUMAN_OBSERVATION", "dataset": null, "gbifID": "4150726774"}}, {"type": "Feature", "geometry": {"type": "Point", "coordinates": [-61.59203, 16.25165]}, "properties": {"taxon": "Anolis marmoratus", "scientificName": "Ctenonotus marmoratus (Dum\u00e9ril & Bibron, 1837)", "date": "2017-02-16", "basis": "HUMAN_OBSERVATION", "dataset": null, "gbifID": "4150726780"}}, {"type": "Feature", "geometry": {"type": "Point", "coordinates": [-61.53688, 16.23644]}, "properties": {"taxon": "Anolis marmoratus", "scientificName": "Ctenonotus marmoratus (Dum\u00e9ril & Bibron, 1837)", "date": "2017-02-14", "basis": "HUMAN_OBSERVATION", "dataset": null, "gbifID": "4150726799"}}, {"type": "Feature", "geometry": {"type": "Point", "coordinates": [-61.59203, 16.25165]}, "properties": {"taxon": "Anolis marmoratus", "scientificName": "Ctenonotus marmoratus (Dum\u00e9ril & Bibron, 1837)", "date": "2017-02-13", "basis": "HUMAN_OBSERVATION", "dataset": null, "gbifID": "4150726843"}}, {"type": "Feature", "geometry": {"type": "Point", "coordinates": [-61.59203, 16.25165]}, "properties": {"taxon": "Anolis marmoratus", "scientificName": "Ctenonotus marmoratus (Dum\u00e9ril & Bibron, 1837)", "date": "2017-02-17", "basis": "HUMAN_OBSERVATION", "dataset": null, "gbifID": "4150726848"}}, {"type": "Feature", "geometry": {"type": "Point", "coordinates": [-61.59203, 16.25165]}, "properties": {"taxon": "Anolis marmoratus", "scientificName": "Ctenonotus marmoratus (Dum\u00e9ril & Bibron, 1837)", "date": "2017-02-15", "basis": "HUMAN_OBSERVATION", "dataset": null, "gbifID": "4150726860"}}, {"type": "Feature", "geometry": {"type": "Point", "coordinates": [-61.53688, 16.23644]}, "properties": {"taxon": "Anolis marmoratus", "scientificName": "Ctenonotus marmoratus (Dum\u00e9ril & Bibron, 1837)", "date": "2017-02-14", "basis": "HUMAN_OBSERVATION", "dataset": null, "gbifID": "4150726889"}}, {"type": "Feature", "geometry": {"type": "Point", "coordinates": [-61.53688, 16.23644]}, "properties": {"taxon": "Anolis marmoratus", "scientificName": "Ctenonotus marmoratus (Dum\u00e9ril & Bibron, 1837)", "date": "2017-02-13", "basis": "HUMAN_OBSERVATION", "dataset": null, "gbifID": "4150726943"}}, {"type": "Feature", "geometry": {"type": "Point", "coordinates": [-61.53688, 16.23644]}, "properties": {"taxon": "Anolis marmoratus", "scientificName": "Ctenonotus marmoratus (Dum\u00e9ril & Bibron, 1837)", "date": "2017-02-13", "basis": "HUMAN_OBSERVATION", "dataset": null, "gbifID": "4150726960"}}, {"type": "Feature", "geometry": {"type": "Point", "coordinates": [-61.53688, 16.23644]}, "properties": {"taxon": "Anolis marmoratus", "scientificName": "Ctenonotus marmoratus (Dum\u00e9ril & Bibron, 1837)", "date": "2017-02-15", "basis": "HUMAN_OBSERVATION", "dataset": null, "gbifID": "4150726968"}}, {"type": "Feature", "geometry": {"type": "Point", "coordinates": [-61.53688, 16.23644]}, "properties": {"taxon": "Anolis marmoratus", "scientificName": "Ctenonotus marmoratus (Dum\u00e9ril & Bibron, 1837)", "date": "2017-02-13", "basis": "HUMAN_OBSERVATION", "dataset": null, "gbifID": "4150726992"}}, {"type": "Feature", "geometry": {"type": "Point", "coordinates": [-61.53688, 16.23644]}, "properties": {"taxon": "Anolis marmoratus", "scientificName": "Ctenonotus marmoratus (Dum\u00e9ril & Bibron, 1837)", "date": "2017-02-15", "basis": "HUMAN_OBSERVATION", "dataset": null, "gbifID": "4150726993"}}, {"type": "Feature", "geometry": {"type": "Point", "coordinates": [-61.59203, 16.25165]}, "properties": {"taxon": "Anolis marmoratus", "scientificName": "Ctenonotus marmoratus (Dum\u00e9ril & Bibron, 1837)", "date": "2017-02-15", "basis": "HUMAN_OBSERVATION", "dataset": null, "gbifID": "4150727049"}}, {"type": "Feature", "geometry": {"type": "Point", "coordinates": [-61.53688, 16.23644]}, "properties": {"taxon": "Anolis marmoratus", "scientificName": "Ctenonotus marmoratus (Dum\u00e9ril & Bibron, 1837)", "date": "2017-02-14", "basis": "HUMAN_OBSERVATION", "dataset": null, "gbifID": "4150727055"}}, {"type": "Feature", "geometry": {"type": "Point", "coordinates": [-61.53688, 16.23644]}, "properties": {"taxon": "Anolis marmoratus", "scientificName": "Ctenonotus marmoratus (Dum\u00e9ril & Bibron, 1837)", "date": "2017-02-15", "basis": "HUMAN_OBSERVATION", "dataset": null, "gbifID": "4150727086"}}, {"type": "Feature", "geometry": {"type": "Point", "coordinates": [-61.59203, 16.25165]}, "properties": {"taxon": "Anolis marmoratus", "scientificName": "Ctenonotus marmoratus (Dum\u00e9ril & Bibron, 1837)", "date": "2017-02-16", "basis": "HUMAN_OBSERVATION", "dataset": null, "gbifID": "4150727091"}}, {"type": "Feature", "geometry": {"type": "Point", "coordinates": [-61.53688, 16.23644]}, "properties": {"taxon": "Anolis marmoratus", "scientificName": "Ctenonotus marmoratus (Dum\u00e9ril & Bibron, 1837)", "date": "2017-02-15", "basis": "HUMAN_OBSERVATION", "dataset": null, "gbifID": "4150727109"}}, {"type": "Feature", "geometry": {"type": "Point", "coordinates": [-61.78, 16.36672]}, "properties": {"taxon": "Anolis marmoratus", "scientificName": "Ctenonotus marmoratus (Dum\u00e9ril & Bibron, 1837)", "date": "2017-03-20", "basis": "HUMAN_OBSERVATION", "dataset": null, "gbifID": "3848560170"}}, {"type": "Feature", "geometry": {"type": "Point", "coordinates": [-61.708555, 16.337172]}, "properties": {"taxon": "Anolis marmoratus", "scientificName": "Anolis marmoratus Dum\u00e9ril & Bibron, 1837", "date": "2017-03-22", "basis": "HUMAN_OBSERVATION", "dataset": "iNaturalist research-grade observations", "gbifID": "4528043328"}}, {"type": "Feature", "geometry": {"type": "Point", "coordinates": [-61.723208, 16.334478]}, "properties": {"taxon": "Anolis marmoratus", "scientificName": "Anolis marmoratus Dum\u00e9ril & Bibron, 1837", "date": "2017-03-10", "basis": "HUMAN_OBSERVATION", "dataset": "iNaturalist research-grade observations", "gbifID": "4528105389"}}, {"type": "Feature", "geometry": {"type": "Point", "coordinates": [-61.708555, 16.337172]}, "properties": {"taxon": "Anolis marmoratus", "scientificName": "Anolis marmoratus Dum\u00e9ril & Bibron, 1837", "date": "2017-03-19", "basis": "HUMAN_OBSERVATION", "dataset": "iNaturalist research-grade observations", "gbifID": "4528347425"}}, {"type": "Feature", "geometry": {"type": "Point", "coordinates": [-61.60028, 16.01883]}, "properties": {"taxon": "Anolis marmoratus", "scientificName": "Ctenonotus marmoratus (Dum\u00e9ril & Bibron, 1837)", "date": "2017-04-02", "basis": "HUMAN_OBSERVATION", "dataset": null, "gbifID": "3848565297"}}, {"type": "Feature", "geometry": {"type": "Point", "coordinates": [-61.77483, 16.186955]}, "properties": {"taxon": "Anolis marmoratus", "scientificName": "Anolis marmoratus Dum\u00e9ril & Bibron, 1837", "date": "2017-04-01", "basis": "HUMAN_OBSERVATION", "dataset": "iNaturalist research-grade observations", "gbifID": "4103268881"}}, {"type": "Feature", "geometry": {"type": "Point", "coordinates": [-61.59204, 16.25167]}, "properties": {"taxon": "Anolis marmoratus", "scientificName": "Ctenonotus marmoratus (Dum\u00e9ril & Bibron, 1837)", "date": "2017-05-04", "basis": "HUMAN_OBSERVATION", "dataset": null, "gbifID": "3833726373"}}, {"type": "Feature", "geometry": {"type": "Point", "coordinates": [-61.59204, 16.25167]}, "properties": {"taxon": "Anolis marmoratus", "scientificName": "Ctenonotus marmoratus (Dum\u00e9ril & Bibron, 1837)", "date": "2017-05-04", "basis": "HUMAN_OBSERVATION", "dataset": null, "gbifID": "3833726454"}}, {"type": "Feature", "geometry": {"type": "Point", "coordinates": [-61.59204, 16.25167]}, "properties": {"taxon": "Anolis marmoratus", "scientificName": "Ctenonotus marmoratus (Dum\u00e9ril & Bibron, 1837)", "date": "2017-05-04", "basis": "HUMAN_OBSERVATION", "dataset": null, "gbifID": "3833824803"}}, {"type": "Feature", "geometry": {"type": "Point", "coordinates": [-61.59204, 16.25167]}, "properties": {"taxon": "Anolis marmoratus", "scientificName": "Ctenonotus marmoratus (Dum\u00e9ril & Bibron, 1837)", "date": "2017-05-04", "basis": "HUMAN_OBSERVATION", "dataset": null, "gbifID": "3833825008"}}, {"type": "Feature", "geometry": {"type": "Point", "coordinates": [-61.63948, 16.04077]}, "properties": {"taxon": "Anolis marmoratus", "scientificName": "Ctenonotus marmoratus (Dum\u00e9ril & Bibron, 1837)", "date": "2017-05-24", "basis": "HUMAN_OBSERVATION", "dataset": null, "gbifID": "3848571179"}}, {"type": "Feature", "geometry": {"type": "Point", "coordinates": [-61.53688, 16.23644]}, "properties": {"taxon": "Anolis marmoratus", "scientificName": "Ctenonotus marmoratus (Dum\u00e9ril & Bibron, 1837)", "date": "2017-05-04", "basis": "HUMAN_OBSERVATION", "dataset": null, "gbifID": "4150726465"}}, {"type": "Feature", "geometry": {"type": "Point", "coordinates": [-61.59203, 16.25165]}, "properties": {"taxon": "Anolis marmoratus", "scientificName": "Ctenonotus marmoratus (Dum\u00e9ril & Bibron, 1837)", "date": "2017-05-03", "basis": "HUMAN_OBSERVATION", "dataset": null, "gbifID": "4150726681"}}, {"type": "Feature", "geometry": {"type": "Point", "coordinates": [-61.53688, 16.23644]}, "properties": {"taxon": "Anolis marmoratus", "scientificName": "Ctenonotus marmoratus (Dum\u00e9ril & Bibron, 1837)", "date": "2017-05-04", "basis": "HUMAN_OBSERVATION", "dataset": null, "gbifID": "4150726764"}}, {"type": "Feature", "geometry": {"type": "Point", "coordinates": [-61.53677, 16.23652]}, "properties": {"taxon": "Anolis marmoratus", "scientificName": "Ctenonotus marmoratus (Dum\u00e9ril & Bibron, 1837)", "date": "2017-07-13", "basis": "HUMAN_OBSERVATION", "dataset": null, "gbifID": "3833726625"}}, {"type": "Feature", "geometry": {"type": "Point", "coordinates": [-61.53677, 16.23652]}, "properties": {"taxon": "Anolis marmoratus", "scientificName": "Ctenonotus marmoratus (Dum\u00e9ril & Bibron, 1837)", "date": "2017-07-13", "basis": "HUMAN_OBSERVATION", "dataset": null, "gbifID": "3833726628"}}, {"type": "Feature", "geometry": {"type": "Point", "coordinates": [-61.59204, 16.25167]}, "properties": {"taxon": "Anolis marmoratus", "scientificName": "Ctenonotus marmoratus (Dum\u00e9ril & Bibron, 1837)", "date": "2017-07-14", "basis": "HUMAN_OBSERVATION", "dataset": null, "gbifID": "3833726865"}}, {"type": "Feature", "geometry": {"type": "Point", "coordinates": [-61.59204, 16.25167]}, "properties": {"taxon": "Anolis marmoratus", "scientificName": "Ctenonotus marmoratus (Dum\u00e9ril & Bibron, 1837)", "date": "2017-07-14", "basis": "HUMAN_OBSERVATION", "dataset": null, "gbifID": "3833727116"}}, {"type": "Feature", "geometry": {"type": "Point", "coordinates": [-61.53677, 16.23652]}, "properties": {"taxon": "Anolis marmoratus", "scientificName": "Ctenonotus marmoratus (Dum\u00e9ril & Bibron, 1837)", "date": "2017-07-13", "basis": "HUMAN_OBSERVATION", "dataset": null, "gbifID": "3833824405"}}, {"type": "Feature", "geometry": {"type": "Point", "coordinates": [-61.53677, 16.23652]}, "properties": {"taxon": "Anolis marmoratus", "scientificName": "Ctenonotus marmoratus (Dum\u00e9ril & Bibron, 1837)", "date": "2017-07-13", "basis": "HUMAN_OBSERVATION", "dataset": null, "gbifID": "3833824502"}}, {"type": "Feature", "geometry": {"type": "Point", "coordinates": [-61.59204, 16.25167]}, "properties": {"taxon": "Anolis marmoratus", "scientificName": "Ctenonotus marmoratus (Dum\u00e9ril & Bibron, 1837)", "date": "2017-07-14", "basis": "HUMAN_OBSERVATION", "dataset": null, "gbifID": "3833824768"}}, {"type": "Feature", "geometry": {"type": "Point", "coordinates": [-61.59204, 16.25167]}, "properties": {"taxon": "Anolis marmoratus", "scientificName": "Ctenonotus marmoratus (Dum\u00e9ril & Bibron, 1837)", "date": "2017-07-14", "basis": "HUMAN_OBSERVATION", "dataset": null, "gbifID": "3833824951"}}, {"type": "Feature", "geometry": {"type": "Point", "coordinates": [-61.59203, 16.25165]}, "properties": {"taxon": "Anolis marmoratus", "scientificName": "Ctenonotus marmoratus (Dum\u00e9ril & Bibron, 1837)", "date": "2017-07-13", "basis": "HUMAN_OBSERVATION", "dataset": null, "gbifID": "4150726450"}}, {"type": "Feature", "geometry": {"type": "Point", "coordinates": [-61.59203, 16.25165]}, "properties": {"taxon": "Anolis marmoratus", "scientificName": "Ctenonotus marmoratus (Dum\u00e9ril & Bibron, 1837)", "date": "2017-07-13", "basis": "HUMAN_OBSERVATION", "dataset": null, "gbifID": "4150726761"}}, {"type": "Feature", "geometry": {"type": "Point", "coordinates": [-61.59203, 16.25165]}, "properties": {"taxon": "Anolis marmoratus", "scientificName": "Ctenonotus marmoratus (Dum\u00e9ril & Bibron, 1837)", "date": "2017-07-13", "basis": "HUMAN_OBSERVATION", "dataset": null, "gbifID": "4150726951"}}, {"type": "Feature", "geometry": {"type": "Point", "coordinates": [-61.551, 16.265]}, "properties": {"taxon": "Anolis marmoratus", "scientificName": "Anolis marmoratus Dum\u00e9ril & Bibron, 1837", "date": "2017-12-27", "basis": "HUMAN_OBSERVATION", "dataset": "iNaturalist research-grade observations", "gbifID": "1990438831"}}, {"type": "Feature", "geometry": {"type": "Point", "coordinates": [-61.551, 16.265]}, "properties": {"taxon": "Anolis marmoratus", "scientificName": "Anolis marmoratus Dum\u00e9ril & Bibron, 1837", "date": "2017-12-26", "basis": "HUMAN_OBSERVATION", "dataset": "iNaturalist research-grade observations", "gbifID": "1990438832"}}, {"type": "Feature", "geometry": {"type": "Point", "coordinates": [-61.63007, 16.02965]}, "properties": {"taxon": "Anolis marmoratus", "scientificName": "Ctenonotus marmoratus (Dum\u00e9ril & Bibron, 1837)", "date": "2016-01-06", "basis": "HUMAN_OBSERVATION", "dataset": null, "gbifID": "3848555254"}}, {"type": "Feature", "geometry": {"type": "Point", "coordinates": [-61.73091, 16.06048]}, "properties": {"taxon": "Anolis marmoratus", "scientificName": "Ctenonotus marmoratus (Dum\u00e9ril & Bibron, 1837)", "date": "2016-01-18", "basis": "HUMAN_OBSERVATION", "dataset": null, "gbifID": "3848571655"}}, {"type": "Feature", "geometry": {"type": "Point", "coordinates": [-61.492122, 16.204858]}, "properties": {"taxon": "Anolis marmoratus", "scientificName": "Anolis marmoratus Dum\u00e9ril & Bibron, 1837", "date": "2016-01-13", "basis": "HUMAN_OBSERVATION", "dataset": "iNaturalist research-grade observations", "gbifID": "4599819659"}}, {"type": "Feature", "geometry": {"type": "Point", "coordinates": [-61.38744, 16.2574]}, "properties": {"taxon": "Anolis marmoratus", "scientificName": "Anolis marmoratus speciosus (Garman, 1887)", "date": "2016-02-13", "basis": "HUMAN_OBSERVATION", "dataset": null, "gbifID": "2493221633"}}, {"type": "Feature", "geometry": {"type": "Point", "coordinates": [-61.73078, 16.23699]}, "properties": {"taxon": "Anolis marmoratus", "scientificName": "Ctenonotus marmoratus (Dum\u00e9ril & Bibron, 1837)", "date": "2016-02-25", "basis": "HUMAN_OBSERVATION", "dataset": null, "gbifID": "3848568888"}}, {"type": "Feature", "geometry": {"type": "Point", "coordinates": [-61.651068, 15.993778]}, "properties": {"taxon": "Anolis marmoratus", "scientificName": "Anolis marmoratus Dum\u00e9ril & Bibron, 1837", "date": "2016-02-14", "basis": "HUMAN_OBSERVATION", "dataset": "iNaturalist research-grade observations", "gbifID": "4162094876"}}, {"type": "Feature", "geometry": {"type": "Point", "coordinates": [-61.248417, 16.256386]}, "properties": {"taxon": "Anolis marmoratus", "scientificName": "Anolis marmoratus Dum\u00e9ril & Bibron, 1837", "date": "2016-02-07", "basis": "HUMAN_OBSERVATION", "dataset": "iNaturalist research-grade observations", "gbifID": "5108364375"}}, {"type": "Feature", "geometry": {"type": "Point", "coordinates": [-61.75102, 16.05263]}, "properties": {"taxon": "Anolis marmoratus", "scientificName": "Ctenonotus marmoratus (Dum\u00e9ril & Bibron, 1837)", "date": "2016-03-19", "basis": "HUMAN_OBSERVATION", "dataset": null, "gbifID": "3848571371"}}, {"type": "Feature", "geometry": {"type": "Point", "coordinates": [-61.5353, 16.30688]}, "properties": {"taxon": "Anolis marmoratus", "scientificName": "Ctenonotus marmoratus (Dum\u00e9ril & Bibron, 1837)", "date": "2016-05-19", "basis": "HUMAN_OBSERVATION", "dataset": null, "gbifID": "3848570919"}}, {"type": "Feature", "geometry": {"type": "Point", "coordinates": [-61.650804, 16.065282]}, "properties": {"taxon": "Anolis marmoratus", "scientificName": "Anolis marmoratus Dum\u00e9ril & Bibron, 1837", "date": "2016-06-29", "basis": "HUMAN_OBSERVATION", "dataset": "iNaturalist research-grade observations", "gbifID": "1640133433"}}, {"type": "Feature", "geometry": {"type": "Point", "coordinates": [-61.693594, 16.056256]}, "properties": {"taxon": "Anolis marmoratus", "scientificName": "Anolis marmoratus Dum\u00e9ril & Bibron, 1837", "date": "2016-06-10", "basis": "HUMAN_OBSERVATION", "dataset": "iNaturalist research-grade observations", "gbifID": "2005351195"}}, {"type": "Feature", "geometry": {"type": "Point", "coordinates": [-61.693572, 16.024748]}, "properties": {"taxon": "Anolis marmoratus", "scientificName": "Anolis marmoratus Dum\u00e9ril & Bibron, 1837", "date": "2016-06-10", "basis": "HUMAN_OBSERVATION", "dataset": "iNaturalist research-grade observations", "gbifID": "2366044334"}}, {"type": "Feature", "geometry": {"type": "Point", "coordinates": [-61.693572, 16.024748]}, "properties": {"taxon": "Anolis marmoratus", "scientificName": "Anolis marmoratus Dum\u00e9ril & Bibron, 1837", "date": "2016-06-10", "basis": "HUMAN_OBSERVATION", "dataset": "iNaturalist research-grade observations", "gbifID": "2366045214"}}, {"type": "Feature", "geometry": {"type": "Point", "coordinates": [-61.646567, 16.174675]}, "properties": {"taxon": "Anolis marmoratus", "scientificName": "Anolis marmoratus Dum\u00e9ril & Bibron, 1837", "date": "2016-06-06", "basis": "HUMAN_OBSERVATION", "dataset": "iNaturalist research-grade observations", "gbifID": "2429472188"}}, {"type": "Feature", "geometry": {"type": "Point", "coordinates": [-61.693572, 16.024748]}, "properties": {"taxon": "Anolis marmoratus", "scientificName": "Anolis marmoratus Dum\u00e9ril & Bibron, 1837", "date": "2016-06-09", "basis": "HUMAN_OBSERVATION", "dataset": "iNaturalist research-grade observations", "gbifID": "2557644564"}}, {"type": "Feature", "geometry": {"type": "Point", "coordinates": [-61.510947, 16.214559]}, "properties": {"taxon": "Anolis marmoratus", "scientificName": "Anolis marmoratus Dum\u00e9ril & Bibron, 1837", "date": "2016-06-06", "basis": "HUMAN_OBSERVATION", "dataset": "iNaturalist research-grade observations", "gbifID": "3031654426"}}, {"type": "Feature", "geometry": {"type": "Point", "coordinates": [-61.77496, 16.149201]}, "properties": {"taxon": "Anolis marmoratus", "scientificName": "Anolis marmoratus Dum\u00e9ril & Bibron, 1837", "date": "2016-08-18", "basis": "HUMAN_OBSERVATION", "dataset": "iNaturalist research-grade observations", "gbifID": "2574187403"}}, {"type": "Feature", "geometry": {"type": "Point", "coordinates": [-61.453467, 16.165556]}, "properties": {"taxon": "Anolis marmoratus", "scientificName": "Anolis marmoratus Dum\u00e9ril & Bibron, 1837", "date": "2016-09-04", "basis": "HUMAN_OBSERVATION", "dataset": "iNaturalist research-grade observations", "gbifID": "6469638980"}}, {"type": "Feature", "geometry": {"type": "Point", "coordinates": [-61.53677, 16.23652]}, "properties": {"taxon": "Anolis marmoratus", "scientificName": "Ctenonotus marmoratus (Dum\u00e9ril & Bibron, 1837)", "date": "2016-11-29", "basis": "HUMAN_OBSERVATION", "dataset": null, "gbifID": "3833726317"}}, {"type": "Feature", "geometry": {"type": "Point", "coordinates": [-61.53677, 16.23652]}, "properties": {"taxon": "Anolis marmoratus", "scientificName": "Ctenonotus marmoratus (Dum\u00e9ril & Bibron, 1837)", "date": "2016-11-29", "basis": "HUMAN_OBSERVATION", "dataset": null, "gbifID": "3833726550"}}, {"type": "Feature", "geometry": {"type": "Point", "coordinates": [-61.53677, 16.23652]}, "properties": {"taxon": "Anolis marmoratus", "scientificName": "Ctenonotus marmoratus (Dum\u00e9ril & Bibron, 1837)", "date": "2016-11-29", "basis": "HUMAN_OBSERVATION", "dataset": null, "gbifID": "3833726642"}}, {"type": "Feature", "geometry": {"type": "Point", "coordinates": [-61.59204, 16.25167]}, "properties": {"taxon": "Anolis marmoratus", "scientificName": "Ctenonotus marmoratus (Dum\u00e9ril & Bibron, 1837)", "date": "2016-11-30", "basis": "HUMAN_OBSERVATION", "dataset": null, "gbifID": "3833726654"}}, {"type": "Feature", "geometry": {"type": "Point", "coordinates": [-61.53677, 16.23652]}, "properties": {"taxon": "Anolis marmoratus", "scientificName": "Ctenonotus marmoratus (Dum\u00e9ril & Bibron, 1837)", "date": "2016-11-29", "basis": "HUMAN_OBSERVATION", "dataset": null, "gbifID": "3833726675"}}, {"type": "Feature", "geometry": {"type": "Point", "coordinates": [-61.59204, 16.25167]}, "properties": {"taxon": "Anolis marmoratus", "scientificName": "Ctenonotus marmoratus (Dum\u00e9ril & Bibron, 1837)", "date": "2016-11-30", "basis": "HUMAN_OBSERVATION", "dataset": null, "gbifID": "3833726839"}}, {"type": "Feature", "geometry": {"type": "Point", "coordinates": [-61.53677, 16.23652]}, "properties": {"taxon": "Anolis marmoratus", "scientificName": "Ctenonotus marmoratus (Dum\u00e9ril & Bibron, 1837)", "date": "2016-11-29", "basis": "HUMAN_OBSERVATION", "dataset": null, "gbifID": "3833727111"}}, {"type": "Feature", "geometry": {"type": "Point", "coordinates": [-61.59204, 16.25167]}, "properties": {"taxon": "Anolis marmoratus", "scientificName": "Ctenonotus marmoratus (Dum\u00e9ril & Bibron, 1837)", "date": "2016-11-30", "basis": "HUMAN_OBSERVATION", "dataset": null, "gbifID": "3833824554"}}, {"type": "Feature", "geometry": {"type": "Point", "coordinates": [-61.53677, 16.23652]}, "properties": {"taxon": "Anolis marmoratus", "scientificName": "Ctenonotus marmoratus (Dum\u00e9ril & Bibron, 1837)", "date": "2016-11-29", "basis": "HUMAN_OBSERVATION", "dataset": null, "gbifID": "3833824631"}}, {"type": "Feature", "geometry": {"type": "Point", "coordinates": [-61.53677, 16.23652]}, "properties": {"taxon": "Anolis marmoratus", "scientificName": "Ctenonotus marmoratus (Dum\u00e9ril & Bibron, 1837)", "date": "2016-11-29", "basis": "HUMAN_OBSERVATION", "dataset": null, "gbifID": "3833824733"}}, {"type": "Feature", "geometry": {"type": "Point", "coordinates": [-61.53677, 16.23652]}, "properties": {"taxon": "Anolis marmoratus", "scientificName": "Ctenonotus marmoratus (Dum\u00e9ril & Bibron, 1837)", "date": "2016-11-29", "basis": "HUMAN_OBSERVATION", "dataset": null, "gbifID": "3833824835"}}, {"type": "Feature", "geometry": {"type": "Point", "coordinates": [-61.59204, 16.25167]}, "properties": {"taxon": "Anolis marmoratus", "scientificName": "Ctenonotus marmoratus (Dum\u00e9ril & Bibron, 1837)", "date": "2016-11-30", "basis": "HUMAN_OBSERVATION", "dataset": null, "gbifID": "3833824893"}}, {"type": "Feature", "geometry": {"type": "Point", "coordinates": [-61.53677, 16.23652]}, "properties": {"taxon": "Anolis marmoratus", "scientificName": "Ctenonotus marmoratus (Dum\u00e9ril & Bibron, 1837)", "date": "2016-11-29", "basis": "HUMAN_OBSERVATION", "dataset": null, "gbifID": "3833824973"}}, {"type": "Feature", "geometry": {"type": "Point", "coordinates": [-61.53677, 16.23652]}, "properties": {"taxon": "Anolis marmoratus", "scientificName": "Ctenonotus marmoratus (Dum\u00e9ril & Bibron, 1837)", "date": "2016-11-29", "basis": "HUMAN_OBSERVATION", "dataset": null, "gbifID": "3833824997"}}, {"type": "Feature", "geometry": {"type": "Point", "coordinates": [-61.59203, 16.25165]}, "properties": {"taxon": "Anolis marmoratus", "scientificName": "Ctenonotus marmoratus (Dum\u00e9ril & Bibron, 1837)", "date": "2016-11-29", "basis": "HUMAN_OBSERVATION", "dataset": null, "gbifID": "4150726329"}}, {"type": "Feature", "geometry": {"type": "Point", "coordinates": [-61.53688, 16.23644]}, "properties": {"taxon": "Anolis marmoratus", "scientificName": "Ctenonotus marmoratus (Dum\u00e9ril & Bibron, 1837)", "date": "2016-11-29", "basis": "HUMAN_OBSERVATION", "dataset": null, "gbifID": "4150726385"}}, {"type": "Feature", "geometry": {"type": "Point", "coordinates": [-61.59203, 16.25165]}, "properties": {"taxon": "Anolis marmoratus", "scientificName": "Ctenonotus marmoratus (Dum\u00e9ril & Bibron, 1837)", "date": "2016-11-30", "basis": "HUMAN_OBSERVATION", "dataset": null, "gbifID": "4150726767"}}, {"type": "Feature", "geometry": {"type": "Point", "coordinates": [-61.59203, 16.25165]}, "properties": {"taxon": "Anolis marmoratus", "scientificName": "Ctenonotus marmoratus (Dum\u00e9ril & Bibron, 1837)", "date": "2016-11-29", "basis": "HUMAN_OBSERVATION", "dataset": null, "gbifID": "4150726821"}}, {"type": "Feature", "geometry": {"type": "Point", "coordinates": [-61.53688, 16.23644]}, "properties": {"taxon": "Anolis marmoratus", "scientificName": "Ctenonotus marmoratus (Dum\u00e9ril & Bibron, 1837)", "date": "2016-11-30", "basis": "HUMAN_OBSERVATION", "dataset": null, "gbifID": "4150727013"}}, {"type": "Feature", "geometry": {"type": "Point", "coordinates": [-61.53688, 16.23644]}, "properties": {"taxon": "Anolis marmoratus", "scientificName": "Ctenonotus marmoratus (Dum\u00e9ril & Bibron, 1837)", "date": "2016-11-29", "basis": "HUMAN_OBSERVATION", "dataset": null, "gbifID": "4150727050"}}, {"type": "Feature", "geometry": {"type": "Point", "coordinates": [-61.59203, 16.25165]}, "properties": {"taxon": "Anolis marmoratus", "scientificName": "Ctenonotus marmoratus (Dum\u00e9ril & Bibron, 1837)", "date": "2016-11-30", "basis": "HUMAN_OBSERVATION", "dataset": null, "gbifID": "4150727103"}}, {"type": "Feature", "geometry": {"type": "Point", "coordinates": [-61.551, 16.265]}, "properties": {"taxon": "Anolis marmoratus", "scientificName": "Anolis marmoratus Dum\u00e9ril & Bibron, 1837", "date": "2016-11-04", "basis": "HUMAN_OBSERVATION", "dataset": "iNaturalist research-grade observations", "gbifID": "4606914146"}}, {"type": "Feature", "geometry": {"type": "Point", "coordinates": [-61.59204, 16.25167]}, "properties": {"taxon": "Anolis marmoratus", "scientificName": "Ctenonotus marmoratus (Dum\u00e9ril & Bibron, 1837)", "date": "2016-12-02", "basis": "HUMAN_OBSERVATION", "dataset": null, "gbifID": "3833726338"}}, {"type": "Feature", "geometry": {"type": "Point", "coordinates": [-61.53677, 16.23652]}, "properties": {"taxon": "Anolis marmoratus", "scientificName": "Ctenonotus marmoratus (Dum\u00e9ril & Bibron, 1837)", "date": "2016-12-01", "basis": "HUMAN_OBSERVATION", "dataset": null, "gbifID": "3833726506"}}, {"type": "Feature", "geometry": {"type": "Point", "coordinates": [-61.59204, 16.25167]}, "properties": {"taxon": "Anolis marmoratus", "scientificName": "Ctenonotus marmoratus (Dum\u00e9ril & Bibron, 1837)", "date": "2016-12-02", "basis": "HUMAN_OBSERVATION", "dataset": null, "gbifID": "3833726577"}}, {"type": "Feature", "geometry": {"type": "Point", "coordinates": [-61.59204, 16.25167]}, "properties": {"taxon": "Anolis marmoratus", "scientificName": "Ctenonotus marmoratus (Dum\u00e9ril & Bibron, 1837)", "date": "2016-12-02", "basis": "HUMAN_OBSERVATION", "dataset": null, "gbifID": "3833726715"}}, {"type": "Feature", "geometry": {"type": "Point", "coordinates": [-61.59204, 16.25167]}, "properties": {"taxon": "Anolis marmoratus", "scientificName": "Ctenonotus marmoratus (Dum\u00e9ril & Bibron, 1837)", "date": "2016-12-02", "basis": "HUMAN_OBSERVATION", "dataset": null, "gbifID": "3833726858"}}, {"type": "Feature", "geometry": {"type": "Point", "coordinates": [-61.59204, 16.25167]}, "properties": {"taxon": "Anolis marmoratus", "scientificName": "Ctenonotus marmoratus (Dum\u00e9ril & Bibron, 1837)", "date": "2016-12-02", "basis": "HUMAN_OBSERVATION", "dataset": null, "gbifID": "3833726925"}}, {"type": "Feature", "geometry": {"type": "Point", "coordinates": [-61.59204, 16.25167]}, "properties": {"taxon": "Anolis marmoratus", "scientificName": "Ctenonotus marmoratus (Dum\u00e9ril & Bibron, 1837)", "date": "2016-12-02", "basis": "HUMAN_OBSERVATION", "dataset": null, "gbifID": "3833824314"}}, {"type": "Feature", "geometry": {"type": "Point", "coordinates": [-61.53677, 16.23652]}, "properties": {"taxon": "Anolis marmoratus", "scientificName": "Ctenonotus marmoratus (Dum\u00e9ril & Bibron, 1837)", "date": "2016-12-01", "basis": "HUMAN_OBSERVATION", "dataset": null, "gbifID": "3833824343"}}, {"type": "Feature", "geometry": {"type": "Point", "coordinates": [-61.59204, 16.25167]}, "properties": {"taxon": "Anolis marmoratus", "scientificName": "Ctenonotus marmoratus (Dum\u00e9ril & Bibron, 1837)", "date": "2016-12-02", "basis": "HUMAN_OBSERVATION", "dataset": null, "gbifID": "3833824450"}}, {"type": "Feature", "geometry": {"type": "Point", "coordinates": [-61.59204, 16.25167]}, "properties": {"taxon": "Anolis marmoratus", "scientificName": "Ctenonotus marmoratus (Dum\u00e9ril & Bibron, 1837)", "date": "2016-12-02", "basis": "HUMAN_OBSERVATION", "dataset": null, "gbifID": "3833824467"}}, {"type": "Feature", "geometry": {"type": "Point", "coordinates": [-61.59204, 16.25167]}, "properties": {"taxon": "Anolis marmoratus", "scientificName": "Ctenonotus marmoratus (Dum\u00e9ril & Bibron, 1837)", "date": "2016-12-02", "basis": "HUMAN_OBSERVATION", "dataset": null, "gbifID": "3833824587"}}, {"type": "Feature", "geometry": {"type": "Point", "coordinates": [-61.59204, 16.25167]}, "properties": {"taxon": "Anolis marmoratus", "scientificName": "Ctenonotus marmoratus (Dum\u00e9ril & Bibron, 1837)", "date": "2016-12-02", "basis": "HUMAN_OBSERVATION", "dataset": null, "gbifID": "3833824802"}}, {"type": "Feature", "geometry": {"type": "Point", "coordinates": [-61.7185, 16.18179]}, "properties": {"taxon": "Anolis marmoratus", "scientificName": "Ctenonotus marmoratus (Dum\u00e9ril & Bibron, 1837)", "date": "2016-12-06", "basis": "HUMAN_OBSERVATION", "dataset": null, "gbifID": "3848567564"}}, {"type": "Feature", "geometry": {"type": "Point", "coordinates": [-61.71896, 16.18058]}, "properties": {"taxon": "Anolis marmoratus", "scientificName": "Ctenonotus marmoratus (Dum\u00e9ril & Bibron, 1837)", "date": "2016-12-06", "basis": "HUMAN_OBSERVATION", "dataset": null, "gbifID": "3848567677"}}, {"type": "Feature", "geometry": {"type": "Point", "coordinates": [-61.59203, 16.25165]}, "properties": {"taxon": "Anolis marmoratus", "scientificName": "Ctenonotus marmoratus (Dum\u00e9ril & Bibron, 1837)", "date": "2016-12-02", "basis": "HUMAN_OBSERVATION", "dataset": null, "gbifID": "4150726316"}}, {"type": "Feature", "geometry": {"type": "Point", "coordinates": [-61.59203, 16.25165]}, "properties": {"taxon": "Anolis marmoratus", "scientificName": "Ctenonotus marmoratus (Dum\u00e9ril & Bibron, 1837)", "date": "2016-12-02", "basis": "HUMAN_OBSERVATION", "dataset": null, "gbifID": "4150726361"}}, {"type": "Feature", "geometry": {"type": "Point", "coordinates": [-61.59203, 16.25165]}, "properties": {"taxon": "Anolis marmoratus", "scientificName": "Ctenonotus marmoratus (Dum\u00e9ril & Bibron, 1837)", "date": "2016-12-01", "basis": "HUMAN_OBSERVATION", "dataset": null, "gbifID": "4150726542"}}, {"type": "Feature", "geometry": {"type": "Point", "coordinates": [-61.59203, 16.25165]}, "properties": {"taxon": "Anolis marmoratus", "scientificName": "Ctenonotus marmoratus (Dum\u00e9ril & Bibron, 1837)", "date": "2016-12-02", "basis": "HUMAN_OBSERVATION", "dataset": null, "gbifID": "4150726815"}}, {"type": "Feature", "geometry": {"type": "Point", "coordinates": [-61.59203, 16.25165]}, "properties": {"taxon": "Anolis marmoratus", "scientificName": "Ctenonotus marmoratus (Dum\u00e9ril & Bibron, 1837)", "date": "2016-12-02", "basis": "HUMAN_OBSERVATION", "dataset": null, "gbifID": "4150726948"}}, {"type": "Feature", "geometry": {"type": "Point", "coordinates": [-61.59203, 16.25165]}, "properties": {"taxon": "Anolis marmoratus", "scientificName": "Ctenonotus marmoratus (Dum\u00e9ril & Bibron, 1837)", "date": "2016-12-02", "basis": "HUMAN_OBSERVATION", "dataset": null, "gbifID": "4150726991"}}, {"type": "Feature", "geometry": {"type": "Point", "coordinates": [-61.59203, 16.25165]}, "properties": {"taxon": "Anolis marmoratus", "scientificName": "Ctenonotus marmoratus (Dum\u00e9ril & Bibron, 1837)", "date": "2016-12-02", "basis": "HUMAN_OBSERVATION", "dataset": null, "gbifID": "4150727032"}}, {"type": "Feature", "geometry": {"type": "Point", "coordinates": [-61.616352, 15.983949]}, "properties": {"taxon": "Anolis marmoratus", "scientificName": "Anolis marmoratus Dum\u00e9ril & Bibron, 1837", "date": "2016-12-04", "basis": "HUMAN_OBSERVATION", "dataset": "iNaturalist research-grade observations", "gbifID": "4982324595"}}, {"type": "Feature", "geometry": {"type": "Point", "coordinates": [-61.62686, 16.35623]}, "properties": {"taxon": "Anolis marmoratus", "scientificName": "Ctenonotus marmoratus (Dum\u00e9ril & Bibron, 1837)", "date": "2015-01-21", "basis": "HUMAN_OBSERVATION", "dataset": null, "gbifID": "3992530330"}}, {"type": "Feature", "geometry": {"type": "Point", "coordinates": [-61.60473, 16.30041]}, "properties": {"taxon": "Anolis marmoratus", "scientificName": "Ctenonotus marmoratus (Dum\u00e9ril & Bibron, 1837)", "date": "2015-07-29", "basis": "HUMAN_OBSERVATION", "dataset": null, "gbifID": "3848555910"}}, {"type": "Feature", "geometry": {"type": "Point", "coordinates": [-61.56571, 16.09662]}, "properties": {"taxon": "Anolis marmoratus", "scientificName": "Ctenonotus marmoratus (Dum\u00e9ril & Bibron, 1837)", "date": "2015-08-02", "basis": "HUMAN_OBSERVATION", "dataset": null, "gbifID": "3848560775"}}, {"type": "Feature", "geometry": {"type": "Point", "coordinates": [-61.41696, 16.276318]}, "properties": {"taxon": "Anolis marmoratus", "scientificName": "Anolis marmoratus Dum\u00e9ril & Bibron, 1837", "date": "2015-12-06", "basis": "HUMAN_OBSERVATION", "dataset": "iNaturalist research-grade observations", "gbifID": "2883155342"}}, {"type": "Feature", "geometry": {"type": "Point", "coordinates": [-61.70958, 16.29428]}, "properties": {"taxon": "Anolis marmoratus", "scientificName": "Ctenonotus marmoratus (Dum\u00e9ril & Bibron, 1837)", "date": "2015-12-17", "basis": "HUMAN_OBSERVATION", "dataset": null, "gbifID": "4048566312"}}, {"type": "Feature", "geometry": {"type": "Point", "coordinates": [-61.70958, 16.29428]}, "properties": {"taxon": "Anolis marmoratus", "scientificName": "Ctenonotus marmoratus (Dum\u00e9ril & Bibron, 1837)", "date": "2015-12-17", "basis": "HUMAN_OBSERVATION", "dataset": null, "gbifID": "4048566321"}}, {"type": "Feature", "geometry": {"type": "Point", "coordinates": [-61.70958, 16.29428]}, "properties": {"taxon": "Anolis marmoratus", "scientificName": "Anolis marmoratus Dum\u00e9ril & Bibron, 1837", "date": "2015-12-16", "basis": "HUMAN_OBSERVATION", "dataset": null, "gbifID": "4048566350"}}, {"type": "Feature", "geometry": {"type": "Point", "coordinates": [-61.70958, 16.29428]}, "properties": {"taxon": "Anolis marmoratus", "scientificName": "Ctenonotus marmoratus (Dum\u00e9ril & Bibron, 1837)", "date": "2015-12-17", "basis": "HUMAN_OBSERVATION", "dataset": null, "gbifID": "4048566361"}}, {"type": "Feature", "geometry": {"type": "Point", "coordinates": [-61.534653, 16.24448]}, "properties": {"taxon": "Anolis marmoratus", "scientificName": "Anolis marmoratus Dum\u00e9ril & Bibron, 1837", "date": "2014-02-12", "basis": "HUMAN_OBSERVATION", "dataset": null, "gbifID": "5028599358"}}, {"type": "Feature", "geometry": {"type": "Point", "coordinates": [-61.528903, 16.223901]}, "properties": {"taxon": "Anolis marmoratus", "scientificName": "Anolis marmoratus speciosus (Garman, 1887)", "date": "2014-03-13", "basis": "HUMAN_OBSERVATION", "dataset": "iNaturalist research-grade observations", "gbifID": "1990438814"}}, {"type": "Feature", "geometry": {"type": "Point", "coordinates": [-61.775073, 16.148429]}, "properties": {"taxon": "Anolis marmoratus", "scientificName": "Anolis marmoratus Dum\u00e9ril & Bibron, 1837", "date": "2014-03-07", "basis": "HUMAN_OBSERVATION", "dataset": "iNaturalist research-grade observations", "gbifID": "4145416000"}}, {"type": "Feature", "geometry": {"type": "Point", "coordinates": [-61.539203, 16.237537]}, "properties": {"taxon": "Anolis marmoratus", "scientificName": "Anolis marmoratus Dum\u00e9ril & Bibron, 1837", "date": "2014-03-01", "basis": "HUMAN_OBSERVATION", "dataset": "iNaturalist research-grade observations", "gbifID": "4153376086"}}, {"type": "Feature", "geometry": {"type": "Point", "coordinates": [-61.622584, 15.971489]}, "properties": {"taxon": "Anolis marmoratus", "scientificName": "Anolis marmoratus Dum\u00e9ril & Bibron, 1837", "date": "2014-03-05", "basis": "HUMAN_OBSERVATION", "dataset": "iNaturalist research-grade observations", "gbifID": "4171250741"}}, {"type": "Feature", "geometry": {"type": "Point", "coordinates": [-61.649636, 16.056711]}, "properties": {"taxon": "Anolis marmoratus", "scientificName": "Anolis marmoratus marmoratus Dum\u00e9ril & Bibron, 1837", "date": "2014-05-08", "basis": "HUMAN_OBSERVATION", "dataset": "iNaturalist research-grade observations", "gbifID": "1841253317"}}, {"type": "Feature", "geometry": {"type": "Point", "coordinates": [-61.46535, 16.21179]}, "properties": {"taxon": "Anolis marmoratus", "scientificName": "Anolis marmoratus speciosus (Garman, 1887)", "date": "2014-08-16", "basis": "HUMAN_OBSERVATION", "dataset": null, "gbifID": "2478028684"}}, {"type": "Feature", "geometry": {"type": "Point", "coordinates": [-61.669181, 16.091521]}, "properties": {"taxon": "Anolis marmoratus", "scientificName": "Anolis marmoratus Dum\u00e9ril & Bibron, 1837", "date": "2014-08-12", "basis": "HUMAN_OBSERVATION", "dataset": "iNaturalist research-grade observations", "gbifID": "4076079658"}}, {"type": "Feature", "geometry": {"type": "Point", "coordinates": [-61.640785, 16.275917]}, "properties": {"taxon": "Anolis marmoratus", "scientificName": "Anolis marmoratus Dum\u00e9ril & Bibron, 1837", "date": "2014-12-29", "basis": "HUMAN_OBSERVATION", "dataset": null, "gbifID": "4882518023"}}, {"type": "Feature", "geometry": {"type": "Point", "coordinates": [-61.62961, 16.029109]}, "properties": {"taxon": "Anolis marmoratus", "scientificName": "Anolis marmoratus Dum\u00e9ril & Bibron, 1837", "date": "2013-02-17", "basis": "HUMAN_OBSERVATION", "dataset": "iNaturalist research-grade observations", "gbifID": "1453066669"}}, {"type": "Feature", "geometry": {"type": "Point", "coordinates": [-61.69008, 16.03345]}, "properties": {"taxon": "Anolis marmoratus", "scientificName": "Anolis marmoratus Dum\u00e9ril & Bibron, 1837", "date": "2013-05-18", "basis": "HUMAN_OBSERVATION", "dataset": null, "gbifID": "2486530634"}}, {"type": "Feature", "geometry": {"type": "Point", "coordinates": [-61.69613, 16.01922]}, "properties": {"taxon": "Anolis marmoratus", "scientificName": "Ctenonotus marmoratus (Dum\u00e9ril & Bibron, 1837)", "date": "2013-05-18", "basis": "HUMAN_OBSERVATION", "dataset": null, "gbifID": "3848555395"}}, {"type": "Feature", "geometry": {"type": "Point", "coordinates": [-61.751146, 16.179211]}, "properties": {"taxon": "Anolis marmoratus", "scientificName": "Anolis marmoratus Dum\u00e9ril & Bibron, 1837", "date": "2013-06-06", "basis": "HUMAN_OBSERVATION", "dataset": "iNaturalist research-grade observations", "gbifID": "2814325790"}}, {"type": "Feature", "geometry": {"type": "Point", "coordinates": [-61.73626, 16.32225]}, "properties": {"taxon": "Anolis marmoratus", "scientificName": "Anolis marmoratus Dum\u00e9ril & Bibron, 1837", "date": "2013-07-17", "basis": "HUMAN_OBSERVATION", "dataset": null, "gbifID": "2486548038"}}, {"type": "Feature", "geometry": {"type": "Point", "coordinates": [-61.77812, 16.36317]}, "properties": {"taxon": "Anolis marmoratus", "scientificName": "Ctenonotus marmoratus (Dum\u00e9ril & Bibron, 1837)", "date": "2013-07-17", "basis": "HUMAN_OBSERVATION", "dataset": null, "gbifID": "3992529985"}}, {"type": "Feature", "geometry": {"type": "Point", "coordinates": [-61.77812, 16.36317]}, "properties": {"taxon": "Anolis marmoratus", "scientificName": "Ctenonotus marmoratus (Dum\u00e9ril & Bibron, 1837)", "date": "2013-07-17", "basis": "HUMAN_OBSERVATION", "dataset": null, "gbifID": "3992532548"}}, {"type": "Feature", "geometry": {"type": "Point", "coordinates": [-61.662919, 15.983463]}, "properties": {"taxon": "Anolis marmoratus", "scientificName": "Anolis marmoratus Dum\u00e9ril & Bibron, 1837", "date": "2012-02-11", "basis": "HUMAN_OBSERVATION", "dataset": "iNaturalist research-grade observations", "gbifID": "5069830011"}}, {"type": "Feature", "geometry": {"type": "Point", "coordinates": [-61.771711, 16.155893]}, "properties": {"taxon": "Anolis marmoratus", "scientificName": "Anolis marmoratus girafus Lazell, 1964", "date": "2012-03-23", "basis": "HUMAN_OBSERVATION", "dataset": "iNaturalist research-grade observations", "gbifID": "1640127360"}}, {"type": "Feature", "geometry": {"type": "Point", "coordinates": [-61.662938, 15.983452]}, "properties": {"taxon": "Anolis marmoratus", "scientificName": "Anolis marmoratus Dum\u00e9ril & Bibron, 1837", "date": "2012-03-20", "basis": "HUMAN_OBSERVATION", "dataset": "iNaturalist research-grade observations", "gbifID": "5069923010"}}, {"type": "Feature", "geometry": {"type": "Point", "coordinates": [-61.642066, 16.201472]}, "properties": {"taxon": "Anolis marmoratus", "scientificName": "Anolis marmoratus Dum\u00e9ril & Bibron, 1837", "date": "2012-06-20", "basis": "HUMAN_OBSERVATION", "dataset": "iNaturalist research-grade observations", "gbifID": "4846906517"}}, {"type": "Feature", "geometry": {"type": "Point", "coordinates": [-61.566, 16.0573]}, "properties": {"taxon": "Anolis marmoratus", "scientificName": "Anolis marmoratus marmoratus Dum\u00e9ril & Bibron, 1837", "date": "2012-06-27", "basis": "PRESERVED_SPECIMEN", "dataset": null, "gbifID": "6196062316"}}, {"type": "Feature", "geometry": {"type": "Point", "coordinates": [-61.566, 16.0573]}, "properties": {"taxon": "Anolis marmoratus", "scientificName": "Anolis marmoratus marmoratus Dum\u00e9ril & Bibron, 1837", "date": "2012-06-27", "basis": "PRESERVED_SPECIMEN", "dataset": null, "gbifID": "6196062417"}}, {"type": "Feature", "geometry": {"type": "Point", "coordinates": [-61.566, 16.0573]}, "properties": {"taxon": "Anolis marmoratus", "scientificName": "Anolis marmoratus marmoratus Dum\u00e9ril & Bibron, 1837", "date": "2012-06-27", "basis": "PRESERVED_SPECIMEN", "dataset": null, "gbifID": "6196062515"}}, {"type": "Feature", "geometry": {"type": "Point", "coordinates": [-61.566, 16.0573]}, "properties": {"taxon": "Anolis marmoratus", "scientificName": "Anolis marmoratus marmoratus Dum\u00e9ril & Bibron, 1837", "date": "2012-06-27", "basis": "PRESERVED_SPECIMEN", "dataset": null, "gbifID": "6196062541"}}, {"type": "Feature", "geometry": {"type": "Point", "coordinates": [-61.566, 16.0573]}, "properties": {"taxon": "Anolis marmoratus", "scientificName": "Anolis marmoratus marmoratus Dum\u00e9ril & Bibron, 1837", "date": "2012-06-27", "basis": "PRESERVED_SPECIMEN", "dataset": null, "gbifID": "6196062594"}}, {"type": "Feature", "geometry": {"type": "Point", "coordinates": [-61.566, 16.0573]}, "properties": {"taxon": "Anolis marmoratus", "scientificName": "Anolis marmoratus marmoratus Dum\u00e9ril & Bibron, 1837", "date": "2012-06-27", "basis": "PRESERVED_SPECIMEN", "dataset": null, "gbifID": "6196062608"}}, {"type": "Feature", "geometry": {"type": "Point", "coordinates": [-61.566, 16.0573]}, "properties": {"taxon": "Anolis marmoratus", "scientificName": "Anolis marmoratus marmoratus Dum\u00e9ril & Bibron, 1837", "date": "2012-06-27", "basis": "PRESERVED_SPECIMEN", "dataset": null, "gbifID": "6196062647"}}, {"type": "Feature", "geometry": {"type": "Point", "coordinates": [-61.566, 16.0573]}, "properties": {"taxon": "Anolis marmoratus", "scientificName": "Anolis marmoratus marmoratus Dum\u00e9ril & Bibron, 1837", "date": "2012-06-27", "basis": "PRESERVED_SPECIMEN", "dataset": null, "gbifID": "6196062660"}}, {"type": "Feature", "geometry": {"type": "Point", "coordinates": [-61.5278, 16.2235]}, "properties": {"taxon": "Anolis marmoratus", "scientificName": "Anolis marmoratus speciosus (Garman, 1887)", "date": "2012-06-27", "basis": "PRESERVED_SPECIMEN", "dataset": null, "gbifID": "6196062674"}}, {"type": "Feature", "geometry": {"type": "Point", "coordinates": [-61.5278, 16.2235]}, "properties": {"taxon": "Anolis marmoratus", "scientificName": "Anolis marmoratus speciosus (Garman, 1887)", "date": "2012-06-27", "basis": "PRESERVED_SPECIMEN", "dataset": null, "gbifID": "6196063011"}}, {"type": "Feature", "geometry": {"type": "Point", "coordinates": [-61.5278, 16.2235]}, "properties": {"taxon": "Anolis marmoratus", "scientificName": "Anolis marmoratus speciosus (Garman, 1887)", "date": "2012-06-27", "basis": "PRESERVED_SPECIMEN", "dataset": null, "gbifID": "6196063022"}}, {"type": "Feature", "geometry": {"type": "Point", "coordinates": [-61.5278, 16.2235]}, "properties": {"taxon": "Anolis marmoratus", "scientificName": "Anolis marmoratus speciosus (Garman, 1887)", "date": "2012-06-27", "basis": "PRESERVED_SPECIMEN", "dataset": null, "gbifID": "6196063033"}}, {"type": "Feature", "geometry": {"type": "Point", "coordinates": [-61.5278, 16.2235]}, "properties": {"taxon": "Anolis marmoratus", "scientificName": "Anolis marmoratus speciosus (Garman, 1887)", "date": "2012-06-27", "basis": "PRESERVED_SPECIMEN", "dataset": null, "gbifID": "6196063131"}}, {"type": "Feature", "geometry": {"type": "Point", "coordinates": [-61.5278, 16.2235]}, "properties": {"taxon": "Anolis marmoratus", "scientificName": "Anolis marmoratus speciosus (Garman, 1887)", "date": "2012-06-27", "basis": "PRESERVED_SPECIMEN", "dataset": null, "gbifID": "6196063145"}}, {"type": "Feature", "geometry": {"type": "Point", "coordinates": [-61.5278, 16.2235]}, "properties": {"taxon": "Anolis marmoratus", "scientificName": "Anolis marmoratus speciosus (Garman, 1887)", "date": "2012-06-27", "basis": "PRESERVED_SPECIMEN", "dataset": null, "gbifID": "6196063217"}}, {"type": "Feature", "geometry": {"type": "Point", "coordinates": [-61.5278, 16.2235]}, "properties": {"taxon": "Anolis marmoratus", "scientificName": "Anolis marmoratus speciosus (Garman, 1887)", "date": "2012-06-27", "basis": "PRESERVED_SPECIMEN", "dataset": null, "gbifID": "6196063230"}}, {"type": "Feature", "geometry": {"type": "Point", "coordinates": [-61.628501, 15.85755]}, "properties": {"taxon": "Anolis marmoratus", "scientificName": "Anolis marmoratus caryae Lazell, 1964", "date": "2012-08-02", "basis": "HUMAN_OBSERVATION", "dataset": "iNaturalist research-grade observations", "gbifID": "3031680812"}}, {"type": "Feature", "geometry": {"type": "Point", "coordinates": [-61.55306, 16.234676]}, "properties": {"taxon": "Anolis marmoratus", "scientificName": "Anolis marmoratus Dum\u00e9ril & Bibron, 1837", "date": "2012-09-14", "basis": "HUMAN_OBSERVATION", "dataset": "iNaturalist research-grade observations", "gbifID": "1453085549"}}, {"type": "Feature", "geometry": {"type": "Point", "coordinates": [-61.565639, 16.057732]}, "properties": {"taxon": "Anolis marmoratus", "scientificName": "Anolis marmoratus marmoratus Dum\u00e9ril & Bibron, 1837", "date": "2012-11-26", "basis": "HUMAN_OBSERVATION", "dataset": "iNaturalist research-grade observations", "gbifID": "1640127609"}}, {"type": "Feature", "geometry": {"type": "Point", "coordinates": [-61.749379, 16.185451]}, "properties": {"taxon": "Anolis marmoratus", "scientificName": "Anolis marmoratus alliaceus Cope, 1864", "date": "2011-07-09", "basis": "HUMAN_OBSERVATION", "dataset": "iNaturalist research-grade observations", "gbifID": "1990645174"}}, {"type": "Feature", "geometry": {"type": "Point", "coordinates": [-61.678955, 16.092265]}, "properties": {"taxon": "Anolis marmoratus", "scientificName": "Anolis marmoratus Dum\u00e9ril & Bibron, 1837", "date": "2011-07-14", "basis": "HUMAN_OBSERVATION", "dataset": "iNaturalist research-grade observations", "gbifID": "2814199980"}}, {"type": "Feature", "geometry": {"type": "Point", "coordinates": [-61.692828, 16.02622]}, "properties": {"taxon": "Anolis marmoratus", "scientificName": "Anolis marmoratus Dum\u00e9ril & Bibron, 1837", "date": "2011-08-07", "basis": "HUMAN_OBSERVATION", "dataset": "iNaturalist research-grade observations", "gbifID": "6253076828"}}, {"type": "Feature", "geometry": {"type": "Point", "coordinates": [-61.690806, 16.025097]}, "properties": {"taxon": "Anolis marmoratus", "scientificName": "Anolis marmoratus Dum\u00e9ril & Bibron, 1837", "date": "2011-09-05", "basis": "HUMAN_OBSERVATION", "dataset": "iNaturalist research-grade observations", "gbifID": "4510094360"}}, {"type": "Feature", "geometry": {"type": "Point", "coordinates": [-61.690806, 16.025097]}, "properties": {"taxon": "Anolis marmoratus", "scientificName": "Anolis marmoratus Dum\u00e9ril & Bibron, 1837", "date": "2011-09-05", "basis": "HUMAN_OBSERVATION", "dataset": "iNaturalist research-grade observations", "gbifID": "6185635443"}}, {"type": "Feature", "geometry": {"type": "Point", "coordinates": [-61.551, 16.265]}, "properties": {"taxon": "Anolis marmoratus", "scientificName": "Anolis marmoratus Dum\u00e9ril & Bibron, 1837", "date": "2010-04-27", "basis": "HUMAN_OBSERVATION", "dataset": "iNaturalist research-grade observations", "gbifID": "5890216816"}}, {"type": "Feature", "geometry": {"type": "Point", "coordinates": [-61.583982, 16.047778]}, "properties": {"taxon": "Anolis marmoratus", "scientificName": "Anolis marmoratus Dum\u00e9ril & Bibron, 1837", "date": "2010-05-15", "basis": "HUMAN_OBSERVATION", "dataset": "iNaturalist research-grade observations", "gbifID": "6130170027"}}, {"type": "Feature", "geometry": {"type": "Point", "coordinates": [-61.802574, 16.275361]}, "properties": {"taxon": "Anolis marmoratus", "scientificName": "Anolis marmoratus Dum\u00e9ril & Bibron, 1837", "date": "2010-05-15", "basis": "HUMAN_OBSERVATION", "dataset": "iNaturalist research-grade observations", "gbifID": "6130746814"}}, {"type": "Feature", "geometry": {"type": "Point", "coordinates": [-61.307263, 16.26888]}, "properties": {"taxon": "Anolis marmoratus", "scientificName": "Anolis marmoratus Dum\u00e9ril & Bibron, 1837", "date": "2010-06-11", "basis": "HUMAN_OBSERVATION", "dataset": "iNaturalist research-grade observations", "gbifID": "2574107959"}}, {"type": "Feature", "geometry": {"type": "Point", "coordinates": [-61.578369, 16.161796]}, "properties": {"taxon": "Anolis marmoratus", "scientificName": "Anolis marmoratus Dum\u00e9ril & Bibron, 1837", "date": "2010-06-03", "basis": "HUMAN_OBSERVATION", "dataset": "iNaturalist research-grade observations", "gbifID": "3903274435"}}, {"type": "Feature", "geometry": {"type": "Point", "coordinates": [-61.628239, 16.027939]}, "properties": {"taxon": "Anolis marmoratus", "scientificName": "Anolis marmoratus Dum\u00e9ril & Bibron, 1837", "date": "2010-06-24", "basis": "HUMAN_OBSERVATION", "dataset": "iNaturalist research-grade observations", "gbifID": "4846809452"}}, {"type": "Feature", "geometry": {"type": "Point", "coordinates": [-61.644695, 15.975955]}, "properties": {"taxon": "Anolis marmoratus", "scientificName": "Anolis marmoratus Dum\u00e9ril & Bibron, 1837", "date": "2010-06-24", "basis": "HUMAN_OBSERVATION", "dataset": "iNaturalist research-grade observations", "gbifID": "4846929050"}}, {"type": "Feature", "geometry": {"type": "Point", "coordinates": [-61.1825, 16.2465]}, "properties": {"taxon": "Anolis marmoratus", "scientificName": "Anolis marmoratus Dum\u00e9ril & Bibron, 1837", "date": "2010-11-27", "basis": "HUMAN_OBSERVATION", "dataset": null, "gbifID": "2471809091"}}, {"type": "Feature", "geometry": {"type": "Point", "coordinates": [-61.7333, 16.1833]}, "properties": {"taxon": "Anolis marmoratus", "scientificName": "Anolis marmoratus Dum\u00e9ril & Bibron, 1837", "date": "2010-11-30", "basis": "HUMAN_OBSERVATION", "dataset": null, "gbifID": "2471819737"}}, {"type": "Feature", "geometry": {"type": "Point", "coordinates": [-61.665, 16.205]}, "properties": {"taxon": "Anolis marmoratus", "scientificName": "Anolis marmoratus Dum\u00e9ril & Bibron, 1837", "date": "2010-11-16", "basis": "HUMAN_OBSERVATION", "dataset": null, "gbifID": "2471832927"}}, {"type": "Feature", "geometry": {"type": "Point", "coordinates": [-61.6385, 16.0415]}, "properties": {"taxon": "Anolis marmoratus", "scientificName": "Anolis marmoratus Dum\u00e9ril & Bibron, 1837", "date": "2010-11-20", "basis": "HUMAN_OBSERVATION", "dataset": null, "gbifID": "2471833069"}}, {"type": "Feature", "geometry": {"type": "Point", "coordinates": [-61.6445, 16.2005]}, "properties": {"taxon": "Anolis marmoratus", "scientificName": "Anolis marmoratus Dum\u00e9ril & Bibron, 1837", "date": "2010-11-14", "basis": "HUMAN_OBSERVATION", "dataset": null, "gbifID": "2471833070"}}, {"type": "Feature", "geometry": {"type": "Point", "coordinates": [-61.6885, 16.1705]}, "properties": {"taxon": "Anolis marmoratus", "scientificName": "Anolis marmoratus Dum\u00e9ril & Bibron, 1837", "date": "2010-11-23", "basis": "HUMAN_OBSERVATION", "dataset": null, "gbifID": "2471843321"}}, {"type": "Feature", "geometry": {"type": "Point", "coordinates": [-61.535, 16.435]}, "properties": {"taxon": "Anolis marmoratus", "scientificName": "Anolis marmoratus Dum\u00e9ril & Bibron, 1837", "date": "2010-11-26", "basis": "HUMAN_OBSERVATION", "dataset": null, "gbifID": "2471846556"}}, {"type": "Feature", "geometry": {"type": "Point", "coordinates": [-61.65751, 16.17166]}, "properties": {"taxon": "Anolis marmoratus", "scientificName": "Anolis marmoratus Dum\u00e9ril & Bibron, 1837", "date": "2010-11-27", "basis": "HUMAN_OBSERVATION", "dataset": null, "gbifID": "3473629111"}}, {"type": "Feature", "geometry": {"type": "Point", "coordinates": [-61.303862, 16.281808]}, "properties": {"taxon": "Anolis marmoratus", "scientificName": "Anolis marmoratus Dum\u00e9ril & Bibron, 1837", "date": "2010-12-07", "basis": "HUMAN_OBSERVATION", "dataset": "iNaturalist research-grade observations", "gbifID": "6130933492"}}, {"type": "Feature", "geometry": {"type": "Point", "coordinates": [-61.694195, 16.174967]}, "properties": {"taxon": "Anolis marmoratus", "scientificName": "Anolis marmoratus Dum\u00e9ril & Bibron, 1837", "date": "2009-04-14", "basis": "HUMAN_OBSERVATION", "dataset": "iNaturalist research-grade observations", "gbifID": "3915295969"}}, {"type": "Feature", "geometry": {"type": "Point", "coordinates": [-61.73626, 16.32225]}, "properties": {"taxon": "Anolis marmoratus", "scientificName": "Anolis marmoratus Dum\u00e9ril & Bibron, 1837", "date": "2009-11-11", "basis": "HUMAN_OBSERVATION", "dataset": null, "gbifID": "2486543665"}}, {"type": "Feature", "geometry": {"type": "Point", "coordinates": [-61.77812, 16.36317]}, "properties": {"taxon": "Anolis marmoratus", "scientificName": "Ctenonotus marmoratus (Dum\u00e9ril & Bibron, 1837)", "date": "2009-11-11", "basis": "HUMAN_OBSERVATION", "dataset": null, "gbifID": "3992532611"}}, {"type": "Feature", "geometry": {"type": "Point", "coordinates": [-61.551, 16.264464]}, "properties": {"taxon": "Anolis marmoratus", "scientificName": "Anolis marmoratus Dum\u00e9ril & Bibron, 1837", "date": "2007-12-23", "basis": "HUMAN_OBSERVATION", "dataset": "iNaturalist research-grade observations", "gbifID": "4974190018"}}, {"type": "Feature", "geometry": {"type": "Point", "coordinates": [-61.551, 16.264464]}, "properties": {"taxon": "Anolis marmoratus", "scientificName": "Anolis marmoratus Dum\u00e9ril & Bibron, 1837", "date": "2007-12-22", "basis": "HUMAN_OBSERVATION", "dataset": "iNaturalist research-grade observations", "gbifID": "4974235527"}}, {"type": "Feature", "geometry": {"type": "Point", "coordinates": [-61.77431, 16.348738]}, "properties": {"taxon": "Anolis marmoratus", "scientificName": "Anolis marmoratus Dum\u00e9ril & Bibron, 1837", "date": "2006-02-17", "basis": "HUMAN_OBSERVATION", "dataset": "iNaturalist research-grade observations", "gbifID": "3468991154"}}, {"type": "Feature", "geometry": {"type": "Point", "coordinates": [-61.525527, 16.291639]}, "properties": {"taxon": "Anolis marmoratus", "scientificName": "Anolis marmoratus Dum\u00e9ril & Bibron, 1837", "date": "2006-02-20", "basis": "HUMAN_OBSERVATION", "dataset": "iNaturalist research-grade observations", "gbifID": "6130431597"}}, {"type": "Feature", "geometry": {"type": "Point", "coordinates": [-61.776848, 16.172399]}, "properties": {"taxon": "Anolis marmoratus", "scientificName": "Anolis marmoratus girafus Lazell, 1964", "date": "2006-02-23", "basis": "HUMAN_OBSERVATION", "dataset": "iNaturalist research-grade observations", "gbifID": "6130987047"}}, {"type": "Feature", "geometry": {"type": "Point", "coordinates": [-61.508767, 16.342605]}, "properties": {"taxon": "Anolis marmoratus", "scientificName": "Anolis marmoratus Dum\u00e9ril & Bibron, 1837", "date": "2006-02-20", "basis": "HUMAN_OBSERVATION", "dataset": "iNaturalist research-grade observations", "gbifID": "6131080070"}}, {"type": "Feature", "geometry": {"type": "Point", "coordinates": [-61.776848, 16.172399]}, "properties": {"taxon": "Anolis marmoratus", "scientificName": "Anolis marmoratus Dum\u00e9ril & Bibron, 1837", "date": "2006-02-23", "basis": "HUMAN_OBSERVATION", "dataset": "iNaturalist research-grade observations", "gbifID": "6131316748"}}, {"type": "Feature", "geometry": {"type": "Point", "coordinates": [-61.776848, 16.172399]}, "properties": {"taxon": "Anolis marmoratus", "scientificName": "Anolis marmoratus Dum\u00e9ril & Bibron, 1837", "date": "2006-02-23", "basis": "HUMAN_OBSERVATION", "dataset": "iNaturalist research-grade observations", "gbifID": "6131466716"}}, {"type": "Feature", "geometry": {"type": "Point", "coordinates": [-61.628105, 16.028039]}, "properties": {"taxon": "Anolis marmoratus", "scientificName": "Anolis marmoratus Dum\u00e9ril & Bibron, 1837", "date": "2006-03-01", "basis": "HUMAN_OBSERVATION", "dataset": "iNaturalist research-grade observations", "gbifID": "6129974456"}}, {"type": "Feature", "geometry": {"type": "Point", "coordinates": [-61.507419, 16.206814]}, "properties": {"taxon": "Anolis marmoratus", "scientificName": "Anolis marmoratus Dum\u00e9ril & Bibron, 1837", "date": "2006-05-02", "basis": "HUMAN_OBSERVATION", "dataset": "iNaturalist research-grade observations", "gbifID": "4606534882"}}, {"type": "Feature", "geometry": {"type": "Point", "coordinates": [-61.492066, 16.199035]}, "properties": {"taxon": "Anolis marmoratus", "scientificName": "Anolis marmoratus speciosus (Garman, 1887)", "date": "2006-05-07", "basis": "HUMAN_OBSERVATION", "dataset": "iNaturalist research-grade observations", "gbifID": "4606843787"}}, {"type": "Feature", "geometry": {"type": "Point", "coordinates": [-61.655579, 16.177903]}, "properties": {"taxon": "Anolis marmoratus", "scientificName": "Anolis marmoratus Dum\u00e9ril & Bibron, 1837", "date": "2006-05-07", "basis": "HUMAN_OBSERVATION", "dataset": "iNaturalist research-grade observations", "gbifID": "4607245767"}}, {"type": "Feature", "geometry": {"type": "Point", "coordinates": [-61.507811, 16.207865]}, "properties": {"taxon": "Anolis marmoratus", "scientificName": "Anolis marmoratus speciosus (Garman, 1887)", "date": "2006-05-02", "basis": "HUMAN_OBSERVATION", "dataset": "iNaturalist research-grade observations", "gbifID": "4607262649"}}, {"type": "Feature", "geometry": {"type": "Point", "coordinates": [-61.759841, 16.130916]}, "properties": {"taxon": "Anolis marmoratus", "scientificName": "Anolis marmoratus Dum\u00e9ril & Bibron, 1837", "date": "2006-06-24", "basis": "HUMAN_OBSERVATION", "dataset": "iNaturalist research-grade observations", "gbifID": "3759617079"}}, {"type": "Feature", "geometry": {"type": "Point", "coordinates": [-61.7694, 16.112089]}, "properties": {"taxon": "Anolis marmoratus", "scientificName": "Anolis marmoratus Dum\u00e9ril & Bibron, 1837", "date": "2006-07-02", "basis": "HUMAN_OBSERVATION", "dataset": "iNaturalist research-grade observations", "gbifID": "3759139168"}}, {"type": "Feature", "geometry": {"type": "Point", "coordinates": [-61.7694, 16.112089]}, "properties": {"taxon": "Anolis marmoratus", "scientificName": "Anolis marmoratus Dum\u00e9ril & Bibron, 1837", "date": "2006-07-02", "basis": "HUMAN_OBSERVATION", "dataset": "iNaturalist research-grade observations", "gbifID": "3759169144"}}, {"type": "Feature", "geometry": {"type": "Point", "coordinates": [-61.7694, 16.112089]}, "properties": {"taxon": "Anolis marmoratus", "scientificName": "Anolis marmoratus Dum\u00e9ril & Bibron, 1837", "date": "2006-07-12", "basis": "HUMAN_OBSERVATION", "dataset": "iNaturalist research-grade observations", "gbifID": "3759213096"}}, {"type": "Feature", "geometry": {"type": "Point", "coordinates": [-61.638536, 15.968758]}, "properties": {"taxon": "Anolis marmoratus", "scientificName": "Anolis marmoratus Dum\u00e9ril & Bibron, 1837", "date": "2005-03-24", "basis": "HUMAN_OBSERVATION", "dataset": "iNaturalist research-grade observations", "gbifID": "2883007541"}}, {"type": "Feature", "geometry": {"type": "Point", "coordinates": [-61.667866, 16.015693]}, "properties": {"taxon": "Anolis marmoratus", "scientificName": "Anolis marmoratus Dum\u00e9ril & Bibron, 1837", "date": "2005-03-24", "basis": "HUMAN_OBSERVATION", "dataset": "iNaturalist research-grade observations", "gbifID": "2883057584"}}, {"type": "Feature", "geometry": {"type": "Point", "coordinates": [-61.79683, 16.300088]}, "properties": {"taxon": "Anolis marmoratus", "scientificName": "Anolis marmoratus Dum\u00e9ril & Bibron, 1837", "date": "2005-03-27", "basis": "HUMAN_OBSERVATION", "dataset": "iNaturalist research-grade observations", "gbifID": "4535668999"}}, {"type": "Feature", "geometry": {"type": "Point", "coordinates": [-61.783232, 16.321671]}, "properties": {"taxon": "Anolis marmoratus", "scientificName": "Anolis marmoratus Dum\u00e9ril & Bibron, 1837", "date": "2005-03-27", "basis": "HUMAN_OBSERVATION", "dataset": "iNaturalist research-grade observations", "gbifID": "4535670951"}}, {"type": "Feature", "geometry": {"type": "Point", "coordinates": [-61.488999, 16.363061]}, "properties": {"taxon": "Anolis marmoratus", "scientificName": "Anolis marmoratus Dum\u00e9ril & Bibron, 1837", "date": "2005-03-30", "basis": "HUMAN_OBSERVATION", "dataset": "iNaturalist research-grade observations", "gbifID": "4535673013"}}, {"type": "Feature", "geometry": {"type": "Point", "coordinates": [-61.797172, 16.300088]}, "properties": {"taxon": "Anolis marmoratus", "scientificName": "Anolis marmoratus Dum\u00e9ril & Bibron, 1837", "date": "2005-03-27", "basis": "HUMAN_OBSERVATION", "dataset": "iNaturalist research-grade observations", "gbifID": "4535917980"}}, {"type": "Feature", "geometry": {"type": "Point", "coordinates": [-61.751146, 16.179211]}, "properties": {"taxon": "Anolis marmoratus", "scientificName": "Anolis marmoratus Dum\u00e9ril & Bibron, 1837", "date": "2005-04-17", "basis": "HUMAN_OBSERVATION", "dataset": "iNaturalist research-grade observations", "gbifID": "3058761307"}}, {"type": "Feature", "geometry": {"type": "Point", "coordinates": [-61.588098, 16.109355]}, "properties": {"taxon": "Anolis marmoratus", "scientificName": "Anolis marmoratus Dum\u00e9ril & Bibron, 1837", "date": "2005-04-02", "basis": "HUMAN_OBSERVATION", "dataset": "iNaturalist research-grade observations", "gbifID": "4535670957"}}, {"type": "Feature", "geometry": {"type": "Point", "coordinates": [-61.589299, 16.108365]}, "properties": {"taxon": "Anolis marmoratus", "scientificName": "Anolis marmoratus Dum\u00e9ril & Bibron, 1837", "date": "2005-04-02", "basis": "HUMAN_OBSERVATION", "dataset": "iNaturalist research-grade observations", "gbifID": "4535912040"}}, {"type": "Feature", "geometry": {"type": "Point", "coordinates": [-61.617596, 16.300391]}, "properties": {"taxon": "Anolis marmoratus", "scientificName": "Anolis marmoratus Dum\u00e9ril & Bibron, 1837", "date": "2005-04-18", "basis": "HUMAN_OBSERVATION", "dataset": "iNaturalist research-grade observations", "gbifID": "6185203379"}}, {"type": "Feature", "geometry": {"type": "Point", "coordinates": [-61.66347, 16.043535]}, "properties": {"taxon": "Anolis marmoratus", "scientificName": "Anolis marmoratus Dum\u00e9ril & Bibron, 1837", "date": "2001-07-30", "basis": "HUMAN_OBSERVATION", "dataset": "iNaturalist research-grade observations", "gbifID": "4524908462"}}, {"type": "Feature", "geometry": {"type": "Point", "coordinates": [-61.642215, 15.969895]}, "properties": {"taxon": "Anolis marmoratus", "scientificName": "Anolis marmoratus Dum\u00e9ril & Bibron, 1837", "date": "2001-07-21", "basis": "HUMAN_OBSERVATION", "dataset": "iNaturalist research-grade observations", "gbifID": "4524941578"}}, {"type": "Feature", "geometry": {"type": "Point", "coordinates": [-61.710235, 16.17984]}, "properties": {"taxon": "Anolis marmoratus", "scientificName": "Anolis marmoratus Dum\u00e9ril & Bibron, 1837", "date": "1994-06-14", "basis": "HUMAN_OBSERVATION", "dataset": "iNaturalist research-grade observations", "gbifID": "5088202016"}}, {"type": "Feature", "geometry": {"type": "Point", "coordinates": [-61.635956, 16.14263]}, "properties": {"taxon": "Anolis marmoratus", "scientificName": "Anolis marmoratus Dum\u00e9ril & Bibron, 1837", "date": "1992-01-05", "basis": "PRESERVED_SPECIMEN", "dataset": null, "gbifID": "5147067471"}}, {"type": "Feature", "geometry": {"type": "Point", "coordinates": [-61.474846, 16.24356]}, "properties": {"taxon": "Anolis marmoratus", "scientificName": "Anolis marmoratus Dum\u00e9ril & Bibron, 1837", "date": "1992-01-07", "basis": "PRESERVED_SPECIMEN", "dataset": null, "gbifID": "5147067472"}}, {"type": "Feature", "geometry": {"type": "Point", "coordinates": [-61.322066, 16.31393]}, "properties": {"taxon": "Anolis marmoratus", "scientificName": "Anolis marmoratus Dum\u00e9ril & Bibron, 1837", "date": "1992-01-08", "basis": "PRESERVED_SPECIMEN", "dataset": null, "gbifID": "5147067473"}}, {"type": "Feature", "geometry": {"type": "Point", "coordinates": [-61.440586, 16.30374]}, "properties": {"taxon": "Anolis marmoratus", "scientificName": "Anolis marmoratus Dum\u00e9ril & Bibron, 1837", "date": "1992-01-09", "basis": "PRESERVED_SPECIMEN", "dataset": null, "gbifID": "5147067474"}}, {"type": "Feature", "geometry": {"type": "Point", "coordinates": [-61.697996, 16.32597]}, "properties": {"taxon": "Anolis marmoratus", "scientificName": "Anolis marmoratus Dum\u00e9ril & Bibron, 1837", "date": "1992-01-11", "basis": "PRESERVED_SPECIMEN", "dataset": null, "gbifID": "5147067475"}}, {"type": "Feature", "geometry": {"type": "Point", "coordinates": [-61.757256, 16.08337]}, "properties": {"taxon": "Anolis marmoratus", "scientificName": "Anolis marmoratus Dum\u00e9ril & Bibron, 1837", "date": "1992-01-14", "basis": "PRESERVED_SPECIMEN", "dataset": null, "gbifID": "5147067476"}}, {"type": "Feature", "geometry": {"type": "Point", "coordinates": [-61.735036, 16.02319]}, "properties": {"taxon": "Anolis marmoratus", "scientificName": "Anolis marmoratus Dum\u00e9ril & Bibron, 1837", "date": "1992-01-14", "basis": "PRESERVED_SPECIMEN", "dataset": null, "gbifID": "5147067477"}}, {"type": "Feature", "geometry": {"type": "Point", "coordinates": [-61.783176, 16.25004]}, "properties": {"taxon": "Anolis marmoratus", "scientificName": "Anolis marmoratus Dum\u00e9ril & Bibron, 1837", "date": "1992-01-16", "basis": "PRESERVED_SPECIMEN", "dataset": null, "gbifID": "5147067478"}}, {"type": "Feature", "geometry": {"type": "Point", "coordinates": [-61.686886, 16.05282]}, "properties": {"taxon": "Anolis marmoratus", "scientificName": "Anolis marmoratus Dum\u00e9ril & Bibron, 1837", "date": "1992-01-17", "basis": "PRESERVED_SPECIMEN", "dataset": null, "gbifID": "5147067479"}}, {"type": "Feature", "geometry": {"type": "Point", "coordinates": [-61.743366, 16.1806]}, "properties": {"taxon": "Anolis marmoratus", "scientificName": "Anolis marmoratus Dum\u00e9ril & Bibron, 1837", "date": "1992-01-21", "basis": "PRESERVED_SPECIMEN", "dataset": null, "gbifID": "5147067480"}}, {"type": "Feature", "geometry": {"type": "Point", "coordinates": [-61.572996, 16.13523]}, "properties": {"taxon": "Anolis marmoratus", "scientificName": "Anolis marmoratus Dum\u00e9ril & Bibron, 1837", "date": "1992-01-24", "basis": "PRESERVED_SPECIMEN", "dataset": null, "gbifID": "5147067481"}}, {"type": "Feature", "geometry": {"type": "Point", "coordinates": [-61.572996, 16.13523]}, "properties": {"taxon": "Anolis marmoratus", "scientificName": "Anolis marmoratus Dum\u00e9ril & Bibron, 1837", "date": "1992-01-24", "basis": "PRESERVED_SPECIMEN", "dataset": null, "gbifID": "5147067482"}}, {"type": "Feature", "geometry": {"type": "Point", "coordinates": [-61.701696, 15.97319]}, "properties": {"taxon": "Anolis marmoratus", "scientificName": "Anolis marmoratus Dum\u00e9ril & Bibron, 1837", "date": "1992-01-24", "basis": "PRESERVED_SPECIMEN", "dataset": null, "gbifID": "5147067483"}}, {"type": "Feature", "geometry": {"type": "Point", "coordinates": [-61.751696, 16.35652]}, "properties": {"taxon": "Anolis marmoratus", "scientificName": "Anolis marmoratus Dum\u00e9ril & Bibron, 1837", "date": "1992-01-06", "basis": "PRESERVED_SPECIMEN", "dataset": null, "gbifID": "5147068468"}}, {"type": "Feature", "geometry": {"type": "Point", "coordinates": [-61.447996, 16.39448]}, "properties": {"taxon": "Anolis marmoratus", "scientificName": "Anolis marmoratus Dum\u00e9ril & Bibron, 1837", "date": "1992-01-09", "basis": "PRESERVED_SPECIMEN", "dataset": null, "gbifID": "5147068469"}}, {"type": "Feature", "geometry": {"type": "Point", "coordinates": [-61.447996, 16.39448]}, "properties": {"taxon": "Anolis marmoratus", "scientificName": "Anolis marmoratus Dum\u00e9ril & Bibron, 1837", "date": "1992-01-09", "basis": "PRESERVED_SPECIMEN", "dataset": null, "gbifID": "5147068470"}}, {"type": "Feature", "geometry": {"type": "Point", "coordinates": [-61.440586, 16.30374]}, "properties": {"taxon": "Anolis marmoratus", "scientificName": "Anolis marmoratus Dum\u00e9ril & Bibron, 1837", "date": "1992-01-09", "basis": "PRESERVED_SPECIMEN", "dataset": null, "gbifID": "5147068471"}}, {"type": "Feature", "geometry": {"type": "Point", "coordinates": [-61.769286, 16.11671]}, "properties": {"taxon": "Anolis marmoratus", "scientificName": "Anolis marmoratus Dum\u00e9ril & Bibron, 1837", "date": "1992-01-13", "basis": "PRESERVED_SPECIMEN", "dataset": null, "gbifID": "5147068472"}}, {"type": "Feature", "geometry": {"type": "Point", "coordinates": [-61.782256, 16.29078]}, "properties": {"taxon": "Anolis marmoratus", "scientificName": "Anolis marmoratus Dum\u00e9ril & Bibron, 1837", "date": "1992-01-16", "basis": "PRESERVED_SPECIMEN", "dataset": null, "gbifID": "5147068473"}}, {"type": "Feature", "geometry": {"type": "Point", "coordinates": [-61.782256, 16.29078]}, "properties": {"taxon": "Anolis marmoratus", "scientificName": "Anolis marmoratus Dum\u00e9ril & Bibron, 1837", "date": "1992-01-16", "basis": "PRESERVED_SPECIMEN", "dataset": null, "gbifID": "5147068474"}}, {"type": "Feature", "geometry": {"type": "Point", "coordinates": [-61.776696, 16.22597]}, "properties": {"taxon": "Anolis marmoratus", "scientificName": "Anolis marmoratus Dum\u00e9ril & Bibron, 1837", "date": "1992-01-16", "basis": "PRESERVED_SPECIMEN", "dataset": null, "gbifID": "5147068475"}}, {"type": "Feature", "geometry": {"type": "Point", "coordinates": [-61.730406, 16.1806]}, "properties": {"taxon": "Anolis marmoratus", "scientificName": "Anolis marmoratus Dum\u00e9ril & Bibron, 1837", "date": "1992-01-21", "basis": "PRESERVED_SPECIMEN", "dataset": null, "gbifID": "5147068476"}}, {"type": "Feature", "geometry": {"type": "Point", "coordinates": [-61.615586, 15.99356]}, "properties": {"taxon": "Anolis marmoratus", "scientificName": "Anolis marmoratus Dum\u00e9ril & Bibron, 1837", "date": "1992-01-24", "basis": "PRESERVED_SPECIMEN", "dataset": null, "gbifID": "5147068478"}}, {"type": "Feature", "geometry": {"type": "Point", "coordinates": [-61.751696, 16.35652]}, "properties": {"taxon": "Anolis marmoratus", "scientificName": "Anolis marmoratus Dum\u00e9ril & Bibron, 1837", "date": "1992-01-06", "basis": "PRESERVED_SPECIMEN", "dataset": null, "gbifID": "5147070473"}}, {"type": "Feature", "geometry": {"type": "Point", "coordinates": [-61.297996, 16.27319]}, "properties": {"taxon": "Anolis marmoratus", "scientificName": "Anolis marmoratus Dum\u00e9ril & Bibron, 1837", "date": "1992-01-06", "basis": "PRESERVED_SPECIMEN", "dataset": null, "gbifID": "5147070474"}}, {"type": "Feature", "geometry": {"type": "Point", "coordinates": [-61.466516, 16.34819]}, "properties": {"taxon": "Anolis marmoratus", "scientificName": "Anolis marmoratus Dum\u00e9ril & Bibron, 1837", "date": "1992-01-09", "basis": "PRESERVED_SPECIMEN", "dataset": null, "gbifID": "5147070475"}}, {"type": "Feature", "geometry": {"type": "Point", "coordinates": [-61.472996, 16.27504]}, "properties": {"taxon": "Anolis marmoratus", "scientificName": "Anolis marmoratus Dum\u00e9ril & Bibron, 1837", "date": "1992-01-09", "basis": "PRESERVED_SPECIMEN", "dataset": null, "gbifID": "5147070476"}}, {"type": "Feature", "geometry": {"type": "Point", "coordinates": [-61.560956, 16.06208]}, "properties": {"taxon": "Anolis marmoratus", "scientificName": "Anolis marmoratus Dum\u00e9ril & Bibron, 1837", "date": "1992-01-12", "basis": "PRESERVED_SPECIMEN", "dataset": null, "gbifID": "5147070477"}}, {"type": "Feature", "geometry": {"type": "Point", "coordinates": [-61.560956, 16.06208]}, "properties": {"taxon": "Anolis marmoratus", "scientificName": "Anolis marmoratus Dum\u00e9ril & Bibron, 1837", "date": "1992-01-12", "basis": "PRESERVED_SPECIMEN", "dataset": null, "gbifID": "5147070478"}}, {"type": "Feature", "geometry": {"type": "Point", "coordinates": [-61.803546, 16.27226]}, "properties": {"taxon": "Anolis marmoratus", "scientificName": "Anolis marmoratus Dum\u00e9ril & Bibron, 1837", "date": "1992-01-16", "basis": "PRESERVED_SPECIMEN", "dataset": null, "gbifID": "5147070479"}}, {"type": "Feature", "geometry": {"type": "Point", "coordinates": [-61.778546, 16.20189]}, "properties": {"taxon": "Anolis marmoratus", "scientificName": "Anolis marmoratus Dum\u00e9ril & Bibron, 1837", "date": "1992-01-16", "basis": "PRESERVED_SPECIMEN", "dataset": null, "gbifID": "5147070480"}}, {"type": "Feature", "geometry": {"type": "Point", "coordinates": [-61.730406, 16.1806]}, "properties": {"taxon": "Anolis marmoratus", "scientificName": "Anolis marmoratus Dum\u00e9ril & Bibron, 1837", "date": "1992-01-21", "basis": "PRESERVED_SPECIMEN", "dataset": null, "gbifID": "5147070481"}}, {"type": "Feature", "geometry": {"type": "Point", "coordinates": [-61.755406, 16.28893]}, "properties": {"taxon": "Anolis marmoratus", "scientificName": "Anolis marmoratus Dum\u00e9ril & Bibron, 1837", "date": "1992-01-21", "basis": "PRESERVED_SPECIMEN", "dataset": null, "gbifID": "5147070482"}}, {"type": "Feature", "geometry": {"type": "Point", "coordinates": [-61.615586, 15.99356]}, "properties": {"taxon": "Anolis marmoratus", "scientificName": "Anolis marmoratus Dum\u00e9ril & Bibron, 1837", "date": "1992-01-24", "basis": "PRESERVED_SPECIMEN", "dataset": null, "gbifID": "5147070484"}}, {"type": "Feature", "geometry": {"type": "Point", "coordinates": [-61.751696, 16.35652]}, "properties": {"taxon": "Anolis marmoratus", "scientificName": "Anolis marmoratus Dum\u00e9ril & Bibron, 1837", "date": "1992-01-06", "basis": "PRESERVED_SPECIMEN", "dataset": null, "gbifID": "5147072477"}}, {"type": "Feature", "geometry": {"type": "Point", "coordinates": [-61.751696, 16.35652]}, "properties": {"taxon": "Anolis marmoratus", "scientificName": "Anolis marmoratus Dum\u00e9ril & Bibron, 1837", "date": "1992-01-06", "basis": "PRESERVED_SPECIMEN", "dataset": null, "gbifID": "5147072478"}}, {"type": "Feature", "geometry": {"type": "Point", "coordinates": [-61.447996, 16.39448]}, "properties": {"taxon": "Anolis marmoratus", "scientificName": "Anolis marmoratus Dum\u00e9ril & Bibron, 1837", "date": "1992-01-09", "basis": "PRESERVED_SPECIMEN", "dataset": null, "gbifID": "5147072479"}}, {"type": "Feature", "geometry": {"type": "Point", "coordinates": [-61.440586, 16.30374]}, "properties": {"taxon": "Anolis marmoratus", "scientificName": "Anolis marmoratus Dum\u00e9ril & Bibron, 1837", "date": "1992-01-09", "basis": "PRESERVED_SPECIMEN", "dataset": null, "gbifID": "5147072480"}}, {"type": "Feature", "geometry": {"type": "Point", "coordinates": [-61.783176, 16.32319]}, "properties": {"taxon": "Anolis marmoratus", "scientificName": "Anolis marmoratus Dum\u00e9ril & Bibron, 1837", "date": "1992-01-13", "basis": "PRESERVED_SPECIMEN", "dataset": null, "gbifID": "5147072481"}}, {"type": "Feature", "geometry": {"type": "Point", "coordinates": [-61.783176, 16.32319]}, "properties": {"taxon": "Anolis marmoratus", "scientificName": "Anolis marmoratus Dum\u00e9ril & Bibron, 1837", "date": "1992-01-13", "basis": "PRESERVED_SPECIMEN", "dataset": null, "gbifID": "5147072482"}}, {"type": "Feature", "geometry": {"type": "Point", "coordinates": [-61.735036, 16.02319]}, "properties": {"taxon": "Anolis marmoratus", "scientificName": "Anolis marmoratus Dum\u00e9ril & Bibron, 1837", "date": "1992-01-14", "basis": "PRESERVED_SPECIMEN", "dataset": null, "gbifID": "5147072483"}}, {"type": "Feature", "geometry": {"type": "Point", "coordinates": [-61.776696, 16.22597]}, "properties": {"taxon": "Anolis marmoratus", "scientificName": "Anolis marmoratus Dum\u00e9ril & Bibron, 1837", "date": "1992-01-16", "basis": "PRESERVED_SPECIMEN", "dataset": null, "gbifID": "5147072484"}}, {"type": "Feature", "geometry": {"type": "Point", "coordinates": [-61.730406, 16.1806]}, "properties": {"taxon": "Anolis marmoratus", "scientificName": "Anolis marmoratus Dum\u00e9ril & Bibron, 1837", "date": "1992-01-21", "basis": "PRESERVED_SPECIMEN", "dataset": null, "gbifID": "5147072485"}}, {"type": "Feature", "geometry": {"type": "Point", "coordinates": [-61.730406, 16.1806]}, "properties": {"taxon": "Anolis marmoratus", "scientificName": "Anolis marmoratus Dum\u00e9ril & Bibron, 1837", "date": "1992-01-21", "basis": "PRESERVED_SPECIMEN", "dataset": null, "gbifID": "5147072486"}}, {"type": "Feature", "geometry": {"type": "Point", "coordinates": [-61.559106, 16.10374]}, "properties": {"taxon": "Anolis marmoratus", "scientificName": "Anolis marmoratus Dum\u00e9ril & Bibron, 1837", "date": "1992-01-24", "basis": "PRESERVED_SPECIMEN", "dataset": null, "gbifID": "5147072488"}}, {"type": "Feature", "geometry": {"type": "Point", "coordinates": [-61.297996, 16.27319]}, "properties": {"taxon": "Anolis marmoratus", "scientificName": "Anolis marmoratus Dum\u00e9ril & Bibron, 1837", "date": "1992-01-06", "basis": "PRESERVED_SPECIMEN", "dataset": null, "gbifID": "5147073469"}}, {"type": "Feature", "geometry": {"type": "Point", "coordinates": [-61.297996, 16.27319]}, "properties": {"taxon": "Anolis marmoratus", "scientificName": "Anolis marmoratus Dum\u00e9ril & Bibron, 1837", "date": "1992-01-06", "basis": "PRESERVED_SPECIMEN", "dataset": null, "gbifID": "5147073470"}}, {"type": "Feature", "geometry": {"type": "Point", "coordinates": [-61.462806, 16.31856]}, "properties": {"taxon": "Anolis marmoratus", "scientificName": "Anolis marmoratus Dum\u00e9ril & Bibron, 1837", "date": "1992-01-09", "basis": "PRESERVED_SPECIMEN", "dataset": null, "gbifID": "5147073471"}}, {"type": "Feature", "geometry": {"type": "Point", "coordinates": [-61.472996, 16.27504]}, "properties": {"taxon": "Anolis marmoratus", "scientificName": "Anolis marmoratus Dum\u00e9ril & Bibron, 1837", "date": "1992-01-09", "basis": "PRESERVED_SPECIMEN", "dataset": null, "gbifID": "5147073472"}}, {"type": "Feature", "geometry": {"type": "Point", "coordinates": [-61.588736, 16.013]}, "properties": {"taxon": "Anolis marmoratus", "scientificName": "Anolis marmoratus Dum\u00e9ril & Bibron, 1837", "date": "1992-01-12", "basis": "PRESERVED_SPECIMEN", "dataset": null, "gbifID": "5147073473"}}, {"type": "Feature", "geometry": {"type": "Point", "coordinates": [-61.803546, 16.27226]}, "properties": {"taxon": "Anolis marmoratus", "scientificName": "Anolis marmoratus Dum\u00e9ril & Bibron, 1837", "date": "1992-01-16", "basis": "PRESERVED_SPECIMEN", "dataset": null, "gbifID": "5147073474"}}, {"type": "Feature", "geometry": {"type": "Point", "coordinates": [-61.803546, 16.27226]}, "properties": {"taxon": "Anolis marmoratus", "scientificName": "Anolis marmoratus Dum\u00e9ril & Bibron, 1837", "date": "1992-01-16", "basis": "PRESERVED_SPECIMEN", "dataset": null, "gbifID": "5147073475"}}, {"type": "Feature", "geometry": {"type": "Point", "coordinates": [-61.675776, 16.0343]}, "properties": {"taxon": "Anolis marmoratus", "scientificName": "Anolis marmoratus Dum\u00e9ril & Bibron, 1837", "date": "1992-01-17", "basis": "PRESERVED_SPECIMEN", "dataset": null, "gbifID": "5147073476"}}, {"type": "Feature", "geometry": {"type": "Point", "coordinates": [-61.675776, 16.0343]}, "properties": {"taxon": "Anolis marmoratus", "scientificName": "Anolis marmoratus Dum\u00e9ril & Bibron, 1837", "date": "1992-01-17", "basis": "PRESERVED_SPECIMEN", "dataset": null, "gbifID": "5147073477"}}, {"type": "Feature", "geometry": {"type": "Point", "coordinates": [-61.755406, 16.28893]}, "properties": {"taxon": "Anolis marmoratus", "scientificName": "Anolis marmoratus Dum\u00e9ril & Bibron, 1837", "date": "1992-01-21", "basis": "PRESERVED_SPECIMEN", "dataset": null, "gbifID": "5147073478"}}, {"type": "Feature", "geometry": {"type": "Point", "coordinates": [-61.661886, 16.00189]}, "properties": {"taxon": "Anolis marmoratus", "scientificName": "Anolis marmoratus Dum\u00e9ril & Bibron, 1837", "date": "1992-01-24", "basis": "PRESERVED_SPECIMEN", "dataset": null, "gbifID": "5147073481"}}, {"type": "Feature", "geometry": {"type": "Point", "coordinates": [-61.661886, 16.00189]}, "properties": {"taxon": "Anolis marmoratus", "scientificName": "Anolis marmoratus Dum\u00e9ril & Bibron, 1837", "date": "1992-01-24", "basis": "PRESERVED_SPECIMEN", "dataset": null, "gbifID": "5147073482"}}, {"type": "Feature", "geometry": {"type": "Point", "coordinates": [-61.635956, 16.14263]}, "properties": {"taxon": "Anolis marmoratus", "scientificName": "Anolis marmoratus Dum\u00e9ril & Bibron, 1837", "date": "1992-01-05", "basis": "PRESERVED_SPECIMEN", "dataset": null, "gbifID": "5147186479"}}, {"type": "Feature", "geometry": {"type": "Point", "coordinates": [-61.751696, 16.35652]}, "properties": {"taxon": "Anolis marmoratus", "scientificName": "Anolis marmoratus Dum\u00e9ril & Bibron, 1837", "date": "1992-01-06", "basis": "PRESERVED_SPECIMEN", "dataset": null, "gbifID": "5147186480"}}, {"type": "Feature", "geometry": {"type": "Point", "coordinates": [-61.447996, 16.39448]}, "properties": {"taxon": "Anolis marmoratus", "scientificName": "Anolis marmoratus Dum\u00e9ril & Bibron, 1837", "date": "1992-01-09", "basis": "PRESERVED_SPECIMEN", "dataset": null, "gbifID": "5147186481"}}, {"type": "Feature", "geometry": {"type": "Point", "coordinates": [-61.440586, 16.30374]}, "properties": {"taxon": "Anolis marmoratus", "scientificName": "Anolis marmoratus Dum\u00e9ril & Bibron, 1837", "date": "1992-01-09", "basis": "PRESERVED_SPECIMEN", "dataset": null, "gbifID": "5147186482"}}, {"type": "Feature", "geometry": {"type": "Point", "coordinates": [-61.697996, 16.32597]}, "properties": {"taxon": "Anolis marmoratus", "scientificName": "Anolis marmoratus Dum\u00e9ril & Bibron, 1837", "date": "1992-01-11", "basis": "PRESERVED_SPECIMEN", "dataset": null, "gbifID": "5147186483"}}, {"type": "Feature", "geometry": {"type": "Point", "coordinates": [-61.757256, 16.08337]}, "properties": {"taxon": "Anolis marmoratus", "scientificName": "Anolis marmoratus Dum\u00e9ril & Bibron, 1837", "date": "1992-01-14", "basis": "PRESERVED_SPECIMEN", "dataset": null, "gbifID": "5147186484"}}, {"type": "Feature", "geometry": {"type": "Point", "coordinates": [-61.735036, 16.02319]}, "properties": {"taxon": "Anolis marmoratus", "scientificName": "Anolis marmoratus Dum\u00e9ril & Bibron, 1837", "date": "1992-01-14", "basis": "PRESERVED_SPECIMEN", "dataset": null, "gbifID": "5147186485"}}, {"type": "Feature", "geometry": {"type": "Point", "coordinates": [-61.776696, 16.22597]}, "properties": {"taxon": "Anolis marmoratus", "scientificName": "Anolis marmoratus Dum\u00e9ril & Bibron, 1837", "date": "1992-01-16", "basis": "PRESERVED_SPECIMEN", "dataset": null, "gbifID": "5147186486"}}, {"type": "Feature", "geometry": {"type": "Point", "coordinates": [-61.686886, 16.05282]}, "properties": {"taxon": "Anolis marmoratus", "scientificName": "Anolis marmoratus Dum\u00e9ril & Bibron, 1837", "date": "1992-01-17", "basis": "PRESERVED_SPECIMEN", "dataset": null, "gbifID": "5147186487"}}, {"type": "Feature", "geometry": {"type": "Point", "coordinates": [-61.559106, 16.10374]}, "properties": {"taxon": "Anolis marmoratus", "scientificName": "Anolis marmoratus Dum\u00e9ril & Bibron, 1837", "date": "1992-01-24", "basis": "PRESERVED_SPECIMEN", "dataset": null, "gbifID": "5147186490"}}, {"type": "Feature", "geometry": {"type": "Point", "coordinates": [-61.751696, 16.35652]}, "properties": {"taxon": "Anolis marmoratus", "scientificName": "Anolis marmoratus Dum\u00e9ril & Bibron, 1837", "date": "1992-01-06", "basis": "PRESERVED_SPECIMEN", "dataset": null, "gbifID": "5147188471"}}, {"type": "Feature", "geometry": {"type": "Point", "coordinates": [-61.297996, 16.27319]}, "properties": {"taxon": "Anolis marmoratus", "scientificName": "Anolis marmoratus Dum\u00e9ril & Bibron, 1837", "date": "1992-01-06", "basis": "PRESERVED_SPECIMEN", "dataset": null, "gbifID": "5147188472"}}, {"type": "Feature", "geometry": {"type": "Point", "coordinates": [-61.466516, 16.34819]}, "properties": {"taxon": "Anolis marmoratus", "scientificName": "Anolis marmoratus Dum\u00e9ril & Bibron, 1837", "date": "1992-01-09", "basis": "PRESERVED_SPECIMEN", "dataset": null, "gbifID": "5147188473"}}, {"type": "Feature", "geometry": {"type": "Point", "coordinates": [-61.472996, 16.27504]}, "properties": {"taxon": "Anolis marmoratus", "scientificName": "Anolis marmoratus Dum\u00e9ril & Bibron, 1837", "date": "1992-01-09", "basis": "PRESERVED_SPECIMEN", "dataset": null, "gbifID": "5147188474"}}, {"type": "Feature", "geometry": {"type": "Point", "coordinates": [-61.769286, 16.11671]}, "properties": {"taxon": "Anolis marmoratus", "scientificName": "Anolis marmoratus Dum\u00e9ril & Bibron, 1837", "date": "1992-01-13", "basis": "PRESERVED_SPECIMEN", "dataset": null, "gbifID": "5147188475"}}, {"type": "Feature", "geometry": {"type": "Point", "coordinates": [-61.782256, 16.29078]}, "properties": {"taxon": "Anolis marmoratus", "scientificName": "Anolis marmoratus Dum\u00e9ril & Bibron, 1837", "date": "1992-01-16", "basis": "PRESERVED_SPECIMEN", "dataset": null, "gbifID": "5147188476"}}, {"type": "Feature", "geometry": {"type": "Point", "coordinates": [-61.782256, 16.29078]}, "properties": {"taxon": "Anolis marmoratus", "scientificName": "Anolis marmoratus Dum\u00e9ril & Bibron, 1837", "date": "1992-01-16", "basis": "PRESERVED_SPECIMEN", "dataset": null, "gbifID": "5147188477"}}, {"type": "Feature", "geometry": {"type": "Point", "coordinates": [-61.778546, 16.20189]}, "properties": {"taxon": "Anolis marmoratus", "scientificName": "Anolis marmoratus Dum\u00e9ril & Bibron, 1837", "date": "1992-01-16", "basis": "PRESERVED_SPECIMEN", "dataset": null, "gbifID": "5147188478"}}, {"type": "Feature", "geometry": {"type": "Point", "coordinates": [-61.730406, 16.1806]}, "properties": {"taxon": "Anolis marmoratus", "scientificName": "Anolis marmoratus Dum\u00e9ril & Bibron, 1837", "date": "1992-01-21", "basis": "PRESERVED_SPECIMEN", "dataset": null, "gbifID": "5147188479"}}, {"type": "Feature", "geometry": {"type": "Point", "coordinates": [-61.615586, 15.99356]}, "properties": {"taxon": "Anolis marmoratus", "scientificName": "Anolis marmoratus Dum\u00e9ril & Bibron, 1837", "date": "1992-01-24", "basis": "PRESERVED_SPECIMEN", "dataset": null, "gbifID": "5147188482"}}, {"type": "Feature", "geometry": {"type": "Point", "coordinates": [-61.635956, 16.14263]}, "properties": {"taxon": "Anolis marmoratus", "scientificName": "Anolis marmoratus Dum\u00e9ril & Bibron, 1837", "date": "1992-01-05", "basis": "PRESERVED_SPECIMEN", "dataset": null, "gbifID": "5147189481"}}, {"type": "Feature", "geometry": {"type": "Point", "coordinates": [-61.751696, 16.35652]}, "properties": {"taxon": "Anolis marmoratus", "scientificName": "Anolis marmoratus Dum\u00e9ril & Bibron, 1837", "date": "1992-01-06", "basis": "PRESERVED_SPECIMEN", "dataset": null, "gbifID": "5147189482"}}, {"type": "Feature", "geometry": {"type": "Point", "coordinates": [-61.447996, 16.39448]}, "properties": {"taxon": "Anolis marmoratus", "scientificName": "Anolis marmoratus Dum\u00e9ril & Bibron, 1837", "date": "1992-01-09", "basis": "PRESERVED_SPECIMEN", "dataset": null, "gbifID": "5147189483"}}, {"type": "Feature", "geometry": {"type": "Point", "coordinates": [-61.440586, 16.30374]}, "properties": {"taxon": "Anolis marmoratus", "scientificName": "Anolis marmoratus Dum\u00e9ril & Bibron, 1837", "date": "1992-01-09", "basis": "PRESERVED_SPECIMEN", "dataset": null, "gbifID": "5147189484"}}, {"type": "Feature", "geometry": {"type": "Point", "coordinates": [-61.783176, 16.32319]}, "properties": {"taxon": "Anolis marmoratus", "scientificName": "Anolis marmoratus Dum\u00e9ril & Bibron, 1837", "date": "1992-01-13", "basis": "PRESERVED_SPECIMEN", "dataset": null, "gbifID": "5147189485"}}, {"type": "Feature", "geometry": {"type": "Point", "coordinates": [-61.783176, 16.32319]}, "properties": {"taxon": "Anolis marmoratus", "scientificName": "Anolis marmoratus Dum\u00e9ril & Bibron, 1837", "date": "1992-01-13", "basis": "PRESERVED_SPECIMEN", "dataset": null, "gbifID": "5147189486"}}, {"type": "Feature", "geometry": {"type": "Point", "coordinates": [-61.735036, 16.02319]}, "properties": {"taxon": "Anolis marmoratus", "scientificName": "Anolis marmoratus Dum\u00e9ril & Bibron, 1837", "date": "1992-01-14", "basis": "PRESERVED_SPECIMEN", "dataset": null, "gbifID": "5147189487"}}, {"type": "Feature", "geometry": {"type": "Point", "coordinates": [-61.776696, 16.22597]}, "properties": {"taxon": "Anolis marmoratus", "scientificName": "Anolis marmoratus Dum\u00e9ril & Bibron, 1837", "date": "1992-01-16", "basis": "PRESERVED_SPECIMEN", "dataset": null, "gbifID": "5147189488"}}, {"type": "Feature", "geometry": {"type": "Point", "coordinates": [-61.686886, 16.05282]}, "properties": {"taxon": "Anolis marmoratus", "scientificName": "Anolis marmoratus Dum\u00e9ril & Bibron, 1837", "date": "1992-01-17", "basis": "PRESERVED_SPECIMEN", "dataset": null, "gbifID": "5147189489"}}, {"type": "Feature", "geometry": {"type": "Point", "coordinates": [-61.559106, 16.10374]}, "properties": {"taxon": "Anolis marmoratus", "scientificName": "Anolis marmoratus Dum\u00e9ril & Bibron, 1837", "date": "1992-01-24", "basis": "PRESERVED_SPECIMEN", "dataset": null, "gbifID": "5147189492"}}, {"type": "Feature", "geometry": {"type": "Point", "coordinates": [-61.297996, 16.27319]}, "properties": {"taxon": "Anolis marmoratus", "scientificName": "Anolis marmoratus Dum\u00e9ril & Bibron, 1837", "date": "1992-01-06", "basis": "PRESERVED_SPECIMEN", "dataset": null, "gbifID": "5147193470"}}, {"type": "Feature", "geometry": {"type": "Point", "coordinates": [-61.466516, 16.34819]}, "properties": {"taxon": "Anolis marmoratus", "scientificName": "Anolis marmoratus Dum\u00e9ril & Bibron, 1837", "date": "1992-01-09", "basis": "PRESERVED_SPECIMEN", "dataset": null, "gbifID": "5147193471"}}, {"type": "Feature", "geometry": {"type": "Point", "coordinates": [-61.466516, 16.34819]}, "properties": {"taxon": "Anolis marmoratus", "scientificName": "Anolis marmoratus Dum\u00e9ril & Bibron, 1837", "date": "1992-01-09", "basis": "PRESERVED_SPECIMEN", "dataset": null, "gbifID": "5147193472"}}, {"type": "Feature", "geometry": {"type": "Point", "coordinates": [-61.472996, 16.27504]}, "properties": {"taxon": "Anolis marmoratus", "scientificName": "Anolis marmoratus Dum\u00e9ril & Bibron, 1837", "date": "1992-01-09", "basis": "PRESERVED_SPECIMEN", "dataset": null, "gbifID": "5147193473"}}, {"type": "Feature", "geometry": {"type": "Point", "coordinates": [-61.472996, 16.27504]}, "properties": {"taxon": "Anolis marmoratus", "scientificName": "Anolis marmoratus Dum\u00e9ril & Bibron, 1837", "date": "1992-01-09", "basis": "PRESERVED_SPECIMEN", "dataset": null, "gbifID": "5147193474"}}, {"type": "Feature", "geometry": {"type": "Point", "coordinates": [-61.588736, 16.013]}, "properties": {"taxon": "Anolis marmoratus", "scientificName": "Anolis marmoratus Dum\u00e9ril & Bibron, 1837", "date": "1992-01-12", "basis": "PRESERVED_SPECIMEN", "dataset": null, "gbifID": "5147193475"}}, {"type": "Feature", "geometry": {"type": "Point", "coordinates": [-61.803546, 16.27226]}, "properties": {"taxon": "Anolis marmoratus", "scientificName": "Anolis marmoratus Dum\u00e9ril & Bibron, 1837", "date": "1992-01-16", "basis": "PRESERVED_SPECIMEN", "dataset": null, "gbifID": "5147193476"}}, {"type": "Feature", "geometry": {"type": "Point", "coordinates": [-61.803546, 16.27226]}, "properties": {"taxon": "Anolis marmoratus", "scientificName": "Anolis marmoratus Dum\u00e9ril & Bibron, 1837", "date": "1992-01-16", "basis": "PRESERVED_SPECIMEN", "dataset": null, "gbifID": "5147193477"}}, {"type": "Feature", "geometry": {"type": "Point", "coordinates": [-61.778546, 16.20189]}, "properties": {"taxon": "Anolis marmoratus", "scientificName": "Anolis marmoratus Dum\u00e9ril & Bibron, 1837", "date": "1992-01-16", "basis": "PRESERVED_SPECIMEN", "dataset": null, "gbifID": "5147193478"}}, {"type": "Feature", "geometry": {"type": "Point", "coordinates": [-61.675776, 16.0343]}, "properties": {"taxon": "Anolis marmoratus", "scientificName": "Anolis marmoratus Dum\u00e9ril & Bibron, 1837", "date": "1992-01-17", "basis": "PRESERVED_SPECIMEN", "dataset": null, "gbifID": "5147193479"}}, {"type": "Feature", "geometry": {"type": "Point", "coordinates": [-61.755406, 16.28893]}, "properties": {"taxon": "Anolis marmoratus", "scientificName": "Anolis marmoratus Dum\u00e9ril & Bibron, 1837", "date": "1992-01-21", "basis": "PRESERVED_SPECIMEN", "dataset": null, "gbifID": "5147193480"}}, {"type": "Feature", "geometry": {"type": "Point", "coordinates": [-61.615586, 15.99356]}, "properties": {"taxon": "Anolis marmoratus", "scientificName": "Anolis marmoratus Dum\u00e9ril & Bibron, 1837", "date": "1992-01-24", "basis": "PRESERVED_SPECIMEN", "dataset": null, "gbifID": "5147193482"}}, {"type": "Feature", "geometry": {"type": "Point", "coordinates": [-61.297996, 16.27319]}, "properties": {"taxon": "Anolis marmoratus", "scientificName": "Anolis marmoratus Dum\u00e9ril & Bibron, 1837", "date": "1992-01-06", "basis": "PRESERVED_SPECIMEN", "dataset": null, "gbifID": "5147197470"}}, {"type": "Feature", "geometry": {"type": "Point", "coordinates": [-61.297996, 16.27319]}, "properties": {"taxon": "Anolis marmoratus", "scientificName": "Anolis marmoratus Dum\u00e9ril & Bibron, 1837", "date": "1992-01-06", "basis": "PRESERVED_SPECIMEN", "dataset": null, "gbifID": "5147197471"}}, {"type": "Feature", "geometry": {"type": "Point", "coordinates": [-61.462806, 16.31856]}, "properties": {"taxon": "Anolis marmoratus", "scientificName": "Anolis marmoratus Dum\u00e9ril & Bibron, 1837", "date": "1992-01-09", "basis": "PRESERVED_SPECIMEN", "dataset": null, "gbifID": "5147197472"}}, {"type": "Feature", "geometry": {"type": "Point", "coordinates": [-61.472996, 16.27504]}, "properties": {"taxon": "Anolis marmoratus", "scientificName": "Anolis marmoratus Dum\u00e9ril & Bibron, 1837", "date": "1992-01-09", "basis": "PRESERVED_SPECIMEN", "dataset": null, "gbifID": "5147197473"}}, {"type": "Feature", "geometry": {"type": "Point", "coordinates": [-61.588736, 16.013]}, "properties": {"taxon": "Anolis marmoratus", "scientificName": "Anolis marmoratus Dum\u00e9ril & Bibron, 1837", "date": "1992-01-12", "basis": "PRESERVED_SPECIMEN", "dataset": null, "gbifID": "5147197474"}}, {"type": "Feature", "geometry": {"type": "Point", "coordinates": [-61.767436, 16.163]}, "properties": {"taxon": "Anolis marmoratus", "scientificName": "Anolis marmoratus Dum\u00e9ril & Bibron, 1837", "date": "1992-01-14", "basis": "PRESERVED_SPECIMEN", "dataset": null, "gbifID": "5147197475"}}, {"type": "Feature", "geometry": {"type": "Point", "coordinates": [-61.803546, 16.27226]}, "properties": {"taxon": "Anolis marmoratus", "scientificName": "Anolis marmoratus Dum\u00e9ril & Bibron, 1837", "date": "1992-01-16", "basis": "PRESERVED_SPECIMEN", "dataset": null, "gbifID": "5147197476"}}, {"type": "Feature", "geometry": {"type": "Point", "coordinates": [-61.675776, 16.0343]}, "properties": {"taxon": "Anolis marmoratus", "scientificName": "Anolis marmoratus Dum\u00e9ril & Bibron, 1837", "date": "1992-01-17", "basis": "PRESERVED_SPECIMEN", "dataset": null, "gbifID": "5147197477"}}, {"type": "Feature", "geometry": {"type": "Point", "coordinates": [-61.755406, 16.28893]}, "properties": {"taxon": "Anolis marmoratus", "scientificName": "Anolis marmoratus Dum\u00e9ril & Bibron, 1837", "date": "1992-01-21", "basis": "PRESERVED_SPECIMEN", "dataset": null, "gbifID": "5147197478"}}, {"type": "Feature", "geometry": {"type": "Point", "coordinates": [-61.732256, 16.34541]}, "properties": {"taxon": "Anolis marmoratus", "scientificName": "Anolis marmoratus Dum\u00e9ril & Bibron, 1837", "date": "1992-01-24", "basis": "PRESERVED_SPECIMEN", "dataset": null, "gbifID": "5147197480"}}, {"type": "Feature", "geometry": {"type": "Point", "coordinates": [-61.661886, 16.00189]}, "properties": {"taxon": "Anolis marmoratus", "scientificName": "Anolis marmoratus Dum\u00e9ril & Bibron, 1837", "date": "1992-01-24", "basis": "PRESERVED_SPECIMEN", "dataset": null, "gbifID": "5147197481"}}, {"type": "Feature", "geometry": {"type": "Point", "coordinates": [-61.661886, 16.00189]}, "properties": {"taxon": "Anolis marmoratus", "scientificName": "Anolis marmoratus Dum\u00e9ril & Bibron, 1837", "date": "1992-01-24", "basis": "PRESERVED_SPECIMEN", "dataset": null, "gbifID": "5147197482"}}, {"type": "Feature", "geometry": {"type": "Point", "coordinates": [-61.474846, 16.2343]}, "properties": {"taxon": "Anolis marmoratus", "scientificName": "Anolis marmoratus Dum\u00e9ril & Bibron, 1837", "date": "1992-01-07", "basis": "PRESERVED_SPECIMEN", "dataset": null, "gbifID": "5147305476"}}, {"type": "Feature", "geometry": {"type": "Point", "coordinates": [-61.462806, 16.31856]}, "properties": {"taxon": "Anolis marmoratus", "scientificName": "Anolis marmoratus Dum\u00e9ril & Bibron, 1837", "date": "1992-01-09", "basis": "PRESERVED_SPECIMEN", "dataset": null, "gbifID": "5147305477"}}, {"type": "Feature", "geometry": {"type": "Point", "coordinates": [-61.641516, 16.263]}, "properties": {"taxon": "Anolis marmoratus", "scientificName": "Anolis marmoratus Dum\u00e9ril & Bibron, 1837", "date": "1992-01-11", "basis": "PRESERVED_SPECIMEN", "dataset": null, "gbifID": "5147305478"}}, {"type": "Feature", "geometry": {"type": "Point", "coordinates": [-61.588736, 16.013]}, "properties": {"taxon": "Anolis marmoratus", "scientificName": "Anolis marmoratus Dum\u00e9ril & Bibron, 1837", "date": "1992-01-12", "basis": "PRESERVED_SPECIMEN", "dataset": null, "gbifID": "5147305479"}}, {"type": "Feature", "geometry": {"type": "Point", "coordinates": [-61.767436, 16.163]}, "properties": {"taxon": "Anolis marmoratus", "scientificName": "Anolis marmoratus Dum\u00e9ril & Bibron, 1837", "date": "1992-01-14", "basis": "PRESERVED_SPECIMEN", "dataset": null, "gbifID": "5147305480"}}, {"type": "Feature", "geometry": {"type": "Point", "coordinates": [-61.783176, 16.25004]}, "properties": {"taxon": "Anolis marmoratus", "scientificName": "Anolis marmoratus Dum\u00e9ril & Bibron, 1837", "date": "1992-01-16", "basis": "PRESERVED_SPECIMEN", "dataset": null, "gbifID": "5147305481"}}, {"type": "Feature", "geometry": {"type": "Point", "coordinates": [-61.675776, 16.0343]}, "properties": {"taxon": "Anolis marmoratus", "scientificName": "Anolis marmoratus Dum\u00e9ril & Bibron, 1837", "date": "1992-01-17", "basis": "PRESERVED_SPECIMEN", "dataset": null, "gbifID": "5147305482"}}, {"type": "Feature", "geometry": {"type": "Point", "coordinates": [-61.750586, 16.18523]}, "properties": {"taxon": "Anolis marmoratus", "scientificName": "Anolis marmoratus Dum\u00e9ril & Bibron, 1837", "date": "1992-01-21", "basis": "PRESERVED_SPECIMEN", "dataset": null, "gbifID": "5147305483"}}, {"type": "Feature", "geometry": {"type": "Point", "coordinates": [-61.743366, 16.1806]}, "properties": {"taxon": "Anolis marmoratus", "scientificName": "Anolis marmoratus Dum\u00e9ril & Bibron, 1837", "date": "1992-01-21", "basis": "PRESERVED_SPECIMEN", "dataset": null, "gbifID": "5147305484"}}, {"type": "Feature", "geometry": {"type": "Point", "coordinates": [-61.732256, 16.34541]}, "properties": {"taxon": "Anolis marmoratus", "scientificName": "Anolis marmoratus Dum\u00e9ril & Bibron, 1837", "date": "1992-01-24", "basis": "PRESERVED_SPECIMEN", "dataset": null, "gbifID": "5147305485"}}, {"type": "Feature", "geometry": {"type": "Point", "coordinates": [-61.661886, 16.00189]}, "properties": {"taxon": "Anolis marmoratus", "scientificName": "Anolis marmoratus Dum\u00e9ril & Bibron, 1837", "date": "1992-01-24", "basis": "PRESERVED_SPECIMEN", "dataset": null, "gbifID": "5147305486"}}, {"type": "Feature", "geometry": {"type": "Point", "coordinates": [-61.751696, 16.35652]}, "properties": {"taxon": "Anolis marmoratus", "scientificName": "Anolis marmoratus Dum\u00e9ril & Bibron, 1837", "date": "1992-01-06", "basis": "PRESERVED_SPECIMEN", "dataset": null, "gbifID": "5147307469"}}, {"type": "Feature", "geometry": {"type": "Point", "coordinates": [-61.447996, 16.39448]}, "properties": {"taxon": "Anolis marmoratus", "scientificName": "Anolis marmoratus Dum\u00e9ril & Bibron, 1837", "date": "1992-01-09", "basis": "PRESERVED_SPECIMEN", "dataset": null, "gbifID": "5147307470"}}, {"type": "Feature", "geometry": {"type": "Point", "coordinates": [-61.447996, 16.39448]}, "properties": {"taxon": "Anolis marmoratus", "scientificName": "Anolis marmoratus Dum\u00e9ril & Bibron, 1837", "date": "1992-01-09", "basis": "PRESERVED_SPECIMEN", "dataset": null, "gbifID": "5147307471"}}, {"type": "Feature", "geometry": {"type": "Point", "coordinates": [-61.440586, 16.30374]}, "properties": {"taxon": "Anolis marmoratus", "scientificName": "Anolis marmoratus Dum\u00e9ril & Bibron, 1837", "date": "1992-01-09", "basis": "PRESERVED_SPECIMEN", "dataset": null, "gbifID": "5147307472"}}, {"type": "Feature", "geometry": {"type": "Point", "coordinates": [-61.769286, 16.11671]}, "properties": {"taxon": "Anolis marmoratus", "scientificName": "Anolis marmoratus Dum\u00e9ril & Bibron, 1837", "date": "1992-01-13", "basis": "PRESERVED_SPECIMEN", "dataset": null, "gbifID": "5147307473"}}, {"type": "Feature", "geometry": {"type": "Point", "coordinates": [-61.782256, 16.29078]}, "properties": {"taxon": "Anolis marmoratus", "scientificName": "Anolis marmoratus Dum\u00e9ril & Bibron, 1837", "date": "1992-01-16", "basis": "PRESERVED_SPECIMEN", "dataset": null, "gbifID": "5147307474"}}, {"type": "Feature", "geometry": {"type": "Point", "coordinates": [-61.776696, 16.22597]}, "properties": {"taxon": "Anolis marmoratus", "scientificName": "Anolis marmoratus Dum\u00e9ril & Bibron, 1837", "date": "1992-01-16", "basis": "PRESERVED_SPECIMEN", "dataset": null, "gbifID": "5147307475"}}, {"type": "Feature", "geometry": {"type": "Point", "coordinates": [-61.730406, 16.1806]}, "properties": {"taxon": "Anolis marmoratus", "scientificName": "Anolis marmoratus Dum\u00e9ril & Bibron, 1837", "date": "1992-01-21", "basis": "PRESERVED_SPECIMEN", "dataset": null, "gbifID": "5147307476"}}, {"type": "Feature", "geometry": {"type": "Point", "coordinates": [-61.730406, 16.1806]}, "properties": {"taxon": "Anolis marmoratus", "scientificName": "Anolis marmoratus Dum\u00e9ril & Bibron, 1837", "date": "1992-01-21", "basis": "PRESERVED_SPECIMEN", "dataset": null, "gbifID": "5147307477"}}, {"type": "Feature", "geometry": {"type": "Point", "coordinates": [-61.615586, 15.99356]}, "properties": {"taxon": "Anolis marmoratus", "scientificName": "Anolis marmoratus Dum\u00e9ril & Bibron, 1837", "date": "1992-01-24", "basis": "PRESERVED_SPECIMEN", "dataset": null, "gbifID": "5147307479"}}, {"type": "Feature", "geometry": {"type": "Point", "coordinates": [-61.751696, 16.35652]}, "properties": {"taxon": "Anolis marmoratus", "scientificName": "Anolis marmoratus Dum\u00e9ril & Bibron, 1837", "date": "1992-01-06", "basis": "PRESERVED_SPECIMEN", "dataset": null, "gbifID": "5147308473"}}, {"type": "Feature", "geometry": {"type": "Point", "coordinates": [-61.447996, 16.39448]}, "properties": {"taxon": "Anolis marmoratus", "scientificName": "Anolis marmoratus Dum\u00e9ril & Bibron, 1837", "date": "1992-01-09", "basis": "PRESERVED_SPECIMEN", "dataset": null, "gbifID": "5147308474"}}, {"type": "Feature", "geometry": {"type": "Point", "coordinates": [-61.440586, 16.30374]}, "properties": {"taxon": "Anolis marmoratus", "scientificName": "Anolis marmoratus Dum\u00e9ril & Bibron, 1837", "date": "1992-01-09", "basis": "PRESERVED_SPECIMEN", "dataset": null, "gbifID": "5147308475"}}, {"type": "Feature", "geometry": {"type": "Point", "coordinates": [-61.783176, 16.32319]}, "properties": {"taxon": "Anolis marmoratus", "scientificName": "Anolis marmoratus Dum\u00e9ril & Bibron, 1837", "date": "1992-01-13", "basis": "PRESERVED_SPECIMEN", "dataset": null, "gbifID": "5147308476"}}, {"type": "Feature", "geometry": {"type": "Point", "coordinates": [-61.769286, 16.11671]}, "properties": {"taxon": "Anolis marmoratus", "scientificName": "Anolis marmoratus Dum\u00e9ril & Bibron, 1837", "date": "1992-01-13", "basis": "PRESERVED_SPECIMEN", "dataset": null, "gbifID": "5147308477"}}, {"type": "Feature", "geometry": {"type": "Point", "coordinates": [-61.782256, 16.29078]}, "properties": {"taxon": "Anolis marmoratus", "scientificName": "Anolis marmoratus Dum\u00e9ril & Bibron, 1837", "date": "1992-01-16", "basis": "PRESERVED_SPECIMEN", "dataset": null, "gbifID": "5147308478"}}, {"type": "Feature", "geometry": {"type": "Point", "coordinates": [-61.776696, 16.22597]}, "properties": {"taxon": "Anolis marmoratus", "scientificName": "Anolis marmoratus Dum\u00e9ril & Bibron, 1837", "date": "1992-01-16", "basis": "PRESERVED_SPECIMEN", "dataset": null, "gbifID": "5147308479"}}, {"type": "Feature", "geometry": {"type": "Point", "coordinates": [-61.730406, 16.1806]}, "properties": {"taxon": "Anolis marmoratus", "scientificName": "Anolis marmoratus Dum\u00e9ril & Bibron, 1837", "date": "1992-01-21", "basis": "PRESERVED_SPECIMEN", "dataset": null, "gbifID": "5147308480"}}, {"type": "Feature", "geometry": {"type": "Point", "coordinates": [-61.730406, 16.1806]}, "properties": {"taxon": "Anolis marmoratus", "scientificName": "Anolis marmoratus Dum\u00e9ril & Bibron, 1837", "date": "1992-01-21", "basis": "PRESERVED_SPECIMEN", "dataset": null, "gbifID": "5147308481"}}, {"type": "Feature", "geometry": {"type": "Point", "coordinates": [-61.559106, 16.10374]}, "properties": {"taxon": "Anolis marmoratus", "scientificName": "Anolis marmoratus Dum\u00e9ril & Bibron, 1837", "date": "1992-01-24", "basis": "PRESERVED_SPECIMEN", "dataset": null, "gbifID": "5147308483"}}, {"type": "Feature", "geometry": {"type": "Point", "coordinates": [-61.474846, 16.2343]}, "properties": {"taxon": "Anolis marmoratus", "scientificName": "Anolis marmoratus Dum\u00e9ril & Bibron, 1837", "date": "1992-01-07", "basis": "PRESERVED_SPECIMEN", "dataset": null, "gbifID": "5147313475"}}, {"type": "Feature", "geometry": {"type": "Point", "coordinates": [-61.462806, 16.31856]}, "properties": {"taxon": "Anolis marmoratus", "scientificName": "Anolis marmoratus Dum\u00e9ril & Bibron, 1837", "date": "1992-01-09", "basis": "PRESERVED_SPECIMEN", "dataset": null, "gbifID": "5147313476"}}, {"type": "Feature", "geometry": {"type": "Point", "coordinates": [-61.462806, 16.31856]}, "properties": {"taxon": "Anolis marmoratus", "scientificName": "Anolis marmoratus Dum\u00e9ril & Bibron, 1837", "date": "1992-01-09", "basis": "PRESERVED_SPECIMEN", "dataset": null, "gbifID": "5147313477"}}, {"type": "Feature", "geometry": {"type": "Point", "coordinates": [-61.641516, 16.263]}, "properties": {"taxon": "Anolis marmoratus", "scientificName": "Anolis marmoratus Dum\u00e9ril & Bibron, 1837", "date": "1992-01-11", "basis": "PRESERVED_SPECIMEN", "dataset": null, "gbifID": "5147313478"}}, {"type": "Feature", "geometry": {"type": "Point", "coordinates": [-61.641516, 16.263]}, "properties": {"taxon": "Anolis marmoratus", "scientificName": "Anolis marmoratus Dum\u00e9ril & Bibron, 1837", "date": "1992-01-11", "basis": "PRESERVED_SPECIMEN", "dataset": null, "gbifID": "5147313479"}}, {"type": "Feature", "geometry": {"type": "Point", "coordinates": [-61.767436, 16.163]}, "properties": {"taxon": "Anolis marmoratus", "scientificName": "Anolis marmoratus Dum\u00e9ril & Bibron, 1837", "date": "1992-01-14", "basis": "PRESERVED_SPECIMEN", "dataset": null, "gbifID": "5147313480"}}, {"type": "Feature", "geometry": {"type": "Point", "coordinates": [-61.783176, 16.25004]}, "properties": {"taxon": "Anolis marmoratus", "scientificName": "Anolis marmoratus Dum\u00e9ril & Bibron, 1837", "date": "1992-01-16", "basis": "PRESERVED_SPECIMEN", "dataset": null, "gbifID": "5147313481"}}, {"type": "Feature", "geometry": {"type": "Point", "coordinates": [-61.675776, 16.0343]}, "properties": {"taxon": "Anolis marmoratus", "scientificName": "Anolis marmoratus Dum\u00e9ril & Bibron, 1837", "date": "1992-01-17", "basis": "PRESERVED_SPECIMEN", "dataset": null, "gbifID": "5147313482"}}, {"type": "Feature", "geometry": {"type": "Point", "coordinates": [-61.750586, 16.18523]}, "properties": {"taxon": "Anolis marmoratus", "scientificName": "Anolis marmoratus Dum\u00e9ril & Bibron, 1837", "date": "1992-01-21", "basis": "PRESERVED_SPECIMEN", "dataset": null, "gbifID": "5147313483"}}, {"type": "Feature", "geometry": {"type": "Point", "coordinates": [-61.743366, 16.1806]}, "properties": {"taxon": "Anolis marmoratus", "scientificName": "Anolis marmoratus Dum\u00e9ril & Bibron, 1837", "date": "1992-01-21", "basis": "PRESERVED_SPECIMEN", "dataset": null, "gbifID": "5147313484"}}, {"type": "Feature", "geometry": {"type": "Point", "coordinates": [-61.732256, 16.34541]}, "properties": {"taxon": "Anolis marmoratus", "scientificName": "Anolis marmoratus Dum\u00e9ril & Bibron, 1837", "date": "1992-01-24", "basis": "PRESERVED_SPECIMEN", "dataset": null, "gbifID": "5147313485"}}, {"type": "Feature", "geometry": {"type": "Point", "coordinates": [-61.661886, 16.00189]}, "properties": {"taxon": "Anolis marmoratus", "scientificName": "Anolis marmoratus Dum\u00e9ril & Bibron, 1837", "date": "1992-01-24", "basis": "PRESERVED_SPECIMEN", "dataset": null, "gbifID": "5147313486"}}, {"type": "Feature", "geometry": {"type": "Point", "coordinates": [-61.297996, 16.27319]}, "properties": {"taxon": "Anolis marmoratus", "scientificName": "Anolis marmoratus Dum\u00e9ril & Bibron, 1837", "date": "1992-01-06", "basis": "PRESERVED_SPECIMEN", "dataset": null, "gbifID": "5147320471"}}, {"type": "Feature", "geometry": {"type": "Point", "coordinates": [-61.466516, 16.34819]}, "properties": {"taxon": "Anolis marmoratus", "scientificName": "Anolis marmoratus Dum\u00e9ril & Bibron, 1837", "date": "1992-01-09", "basis": "PRESERVED_SPECIMEN", "dataset": null, "gbifID": "5147320472"}}, {"type": "Feature", "geometry": {"type": "Point", "coordinates": [-61.466516, 16.34819]}, "properties": {"taxon": "Anolis marmoratus", "scientificName": "Anolis marmoratus Dum\u00e9ril & Bibron, 1837", "date": "1992-01-09", "basis": "PRESERVED_SPECIMEN", "dataset": null, "gbifID": "5147320473"}}, {"type": "Feature", "geometry": {"type": "Point", "coordinates": [-61.472996, 16.27504]}, "properties": {"taxon": "Anolis marmoratus", "scientificName": "Anolis marmoratus Dum\u00e9ril & Bibron, 1837", "date": "1992-01-09", "basis": "PRESERVED_SPECIMEN", "dataset": null, "gbifID": "5147320474"}}, {"type": "Feature", "geometry": {"type": "Point", "coordinates": [-61.472996, 16.27504]}, "properties": {"taxon": "Anolis marmoratus", "scientificName": "Anolis marmoratus Dum\u00e9ril & Bibron, 1837", "date": "1992-01-09", "basis": "PRESERVED_SPECIMEN", "dataset": null, "gbifID": "5147320475"}}, {"type": "Feature", "geometry": {"type": "Point", "coordinates": [-61.588736, 16.013]}, "properties": {"taxon": "Anolis marmoratus", "scientificName": "Anolis marmoratus Dum\u00e9ril & Bibron, 1837", "date": "1992-01-12", "basis": "PRESERVED_SPECIMEN", "dataset": null, "gbifID": "5147320476"}}, {"type": "Feature", "geometry": {"type": "Point", "coordinates": [-61.803546, 16.27226]}, "properties": {"taxon": "Anolis marmoratus", "scientificName": "Anolis marmoratus Dum\u00e9ril & Bibron, 1837", "date": "1992-01-16", "basis": "PRESERVED_SPECIMEN", "dataset": null, "gbifID": "5147320477"}}, {"type": "Feature", "geometry": {"type": "Point", "coordinates": [-61.778546, 16.20189]}, "properties": {"taxon": "Anolis marmoratus", "scientificName": "Anolis marmoratus Dum\u00e9ril & Bibron, 1837", "date": "1992-01-16", "basis": "PRESERVED_SPECIMEN", "dataset": null, "gbifID": "5147320478"}}, {"type": "Feature", "geometry": {"type": "Point", "coordinates": [-61.755406, 16.28893]}, "properties": {"taxon": "Anolis marmoratus", "scientificName": "Anolis marmoratus Dum\u00e9ril & Bibron, 1837", "date": "1992-01-21", "basis": "PRESERVED_SPECIMEN", "dataset": null, "gbifID": "5147320479"}}, {"type": "Feature", "geometry": {"type": "Point", "coordinates": [-61.755406, 16.28893]}, "properties": {"taxon": "Anolis marmoratus", "scientificName": "Anolis marmoratus Dum\u00e9ril & Bibron, 1837", "date": "1992-01-21", "basis": "PRESERVED_SPECIMEN", "dataset": null, "gbifID": "5147320480"}}, {"type": "Feature", "geometry": {"type": "Point", "coordinates": [-61.615586, 15.99356]}, "properties": {"taxon": "Anolis marmoratus", "scientificName": "Anolis marmoratus Dum\u00e9ril & Bibron, 1837", "date": "1992-01-24", "basis": "PRESERVED_SPECIMEN", "dataset": null, "gbifID": "5147320482"}}, {"type": "Feature", "geometry": {"type": "Point", "coordinates": [-61.751696, 16.35652]}, "properties": {"taxon": "Anolis marmoratus", "scientificName": "Anolis marmoratus Dum\u00e9ril & Bibron, 1837", "date": "1992-01-06", "basis": "PRESERVED_SPECIMEN", "dataset": null, "gbifID": "5147419470"}}, {"type": "Feature", "geometry": {"type": "Point", "coordinates": [-61.447996, 16.39448]}, "properties": {"taxon": "Anolis marmoratus", "scientificName": "Anolis marmoratus Dum\u00e9ril & Bibron, 1837", "date": "1992-01-09", "basis": "PRESERVED_SPECIMEN", "dataset": null, "gbifID": "5147419471"}}, {"type": "Feature", "geometry": {"type": "Point", "coordinates": [-61.466516, 16.34819]}, "properties": {"taxon": "Anolis marmoratus", "scientificName": "Anolis marmoratus Dum\u00e9ril & Bibron, 1837", "date": "1992-01-09", "basis": "PRESERVED_SPECIMEN", "dataset": null, "gbifID": "5147419472"}}, {"type": "Feature", "geometry": {"type": "Point", "coordinates": [-61.440586, 16.30374]}, "properties": {"taxon": "Anolis marmoratus", "scientificName": "Anolis marmoratus Dum\u00e9ril & Bibron, 1837", "date": "1992-01-09", "basis": "PRESERVED_SPECIMEN", "dataset": null, "gbifID": "5147419473"}}, {"type": "Feature", "geometry": {"type": "Point", "coordinates": [-61.769286, 16.11671]}, "properties": {"taxon": "Anolis marmoratus", "scientificName": "Anolis marmoratus Dum\u00e9ril & Bibron, 1837", "date": "1992-01-13", "basis": "PRESERVED_SPECIMEN", "dataset": null, "gbifID": "5147419474"}}, {"type": "Feature", "geometry": {"type": "Point", "coordinates": [-61.782256, 16.29078]}, "properties": {"taxon": "Anolis marmoratus", "scientificName": "Anolis marmoratus Dum\u00e9ril & Bibron, 1837", "date": "1992-01-16", "basis": "PRESERVED_SPECIMEN", "dataset": null, "gbifID": "5147419475"}}, {"type": "Feature", "geometry": {"type": "Point", "coordinates": [-61.782256, 16.29078]}, "properties": {"taxon": "Anolis marmoratus", "scientificName": "Anolis marmoratus Dum\u00e9ril & Bibron, 1837", "date": "1992-01-16", "basis": "PRESERVED_SPECIMEN", "dataset": null, "gbifID": "5147419476"}}, {"type": "Feature", "geometry": {"type": "Point", "coordinates": [-61.778546, 16.20189]}, "properties": {"taxon": "Anolis marmoratus", "scientificName": "Anolis marmoratus Dum\u00e9ril & Bibron, 1837", "date": "1992-01-16", "basis": "PRESERVED_SPECIMEN", "dataset": null, "gbifID": "5147419477"}}, {"type": "Feature", "geometry": {"type": "Point", "coordinates": [-61.730406, 16.1806]}, "properties": {"taxon": "Anolis marmoratus", "scientificName": "Anolis marmoratus Dum\u00e9ril & Bibron, 1837", "date": "1992-01-21", "basis": "PRESERVED_SPECIMEN", "dataset": null, "gbifID": "5147419478"}}, {"type": "Feature", "geometry": {"type": "Point", "coordinates": [-61.615586, 15.99356]}, "properties": {"taxon": "Anolis marmoratus", "scientificName": "Anolis marmoratus Dum\u00e9ril & Bibron, 1837", "date": "1992-01-24", "basis": "PRESERVED_SPECIMEN", "dataset": null, "gbifID": "5147419481"}}, {"type": "Feature", "geometry": {"type": "Point", "coordinates": [-61.751696, 16.35652]}, "properties": {"taxon": "Anolis marmoratus", "scientificName": "Anolis marmoratus Dum\u00e9ril & Bibron, 1837", "date": "1992-01-06", "basis": "PRESERVED_SPECIMEN", "dataset": null, "gbifID": "5147421474"}}, {"type": "Feature", "geometry": {"type": "Point", "coordinates": [-61.297996, 16.27319]}, "properties": {"taxon": "Anolis marmoratus", "scientificName": "Anolis marmoratus Dum\u00e9ril & Bibron, 1837", "date": "1992-01-06", "basis": "PRESERVED_SPECIMEN", "dataset": null, "gbifID": "5147421475"}}, {"type": "Feature", "geometry": {"type": "Point", "coordinates": [-61.466516, 16.34819]}, "properties": {"taxon": "Anolis marmoratus", "scientificName": "Anolis marmoratus Dum\u00e9ril & Bibron, 1837", "date": "1992-01-09", "basis": "PRESERVED_SPECIMEN", "dataset": null, "gbifID": "5147421476"}}, {"type": "Feature", "geometry": {"type": "Point", "coordinates": [-61.472996, 16.27504]}, "properties": {"taxon": "Anolis marmoratus", "scientificName": "Anolis marmoratus Dum\u00e9ril & Bibron, 1837", "date": "1992-01-09", "basis": "PRESERVED_SPECIMEN", "dataset": null, "gbifID": "5147421477"}}, {"type": "Feature", "geometry": {"type": "Point", "coordinates": [-61.769286, 16.11671]}, "properties": {"taxon": "Anolis marmoratus", "scientificName": "Anolis marmoratus Dum\u00e9ril & Bibron, 1837", "date": "1992-01-13", "basis": "PRESERVED_SPECIMEN", "dataset": null, "gbifID": "5147421478"}}, {"type": "Feature", "geometry": {"type": "Point", "coordinates": [-61.560956, 16.06208]}, "properties": {"taxon": "Anolis marmoratus", "scientificName": "Anolis marmoratus Dum\u00e9ril & Bibron, 1837", "date": "1992-01-12", "basis": "PRESERVED_SPECIMEN", "dataset": null, "gbifID": "5147421479"}}, {"type": "Feature", "geometry": {"type": "Point", "coordinates": [-61.803546, 16.27226]}, "properties": {"taxon": "Anolis marmoratus", "scientificName": "Anolis marmoratus Dum\u00e9ril & Bibron, 1837", "date": "1992-01-16", "basis": "PRESERVED_SPECIMEN", "dataset": null, "gbifID": "5147421480"}}, {"type": "Feature", "geometry": {"type": "Point", "coordinates": [-61.778546, 16.20189]}, "properties": {"taxon": "Anolis marmoratus", "scientificName": "Anolis marmoratus Dum\u00e9ril & Bibron, 1837", "date": "1992-01-16", "basis": "PRESERVED_SPECIMEN", "dataset": null, "gbifID": "5147421481"}}, {"type": "Feature", "geometry": {"type": "Point", "coordinates": [-61.730406, 16.1806]}, "properties": {"taxon": "Anolis marmoratus", "scientificName": "Anolis marmoratus Dum\u00e9ril & Bibron, 1837", "date": "1992-01-21", "basis": "PRESERVED_SPECIMEN", "dataset": null, "gbifID": "5147421482"}}, {"type": "Feature", "geometry": {"type": "Point", "coordinates": [-61.615586, 15.99356]}, "properties": {"taxon": "Anolis marmoratus", "scientificName": "Anolis marmoratus Dum\u00e9ril & Bibron, 1837", "date": "1992-01-24", "basis": "PRESERVED_SPECIMEN", "dataset": null, "gbifID": "5147421485"}}, {"type": "Feature", "geometry": {"type": "Point", "coordinates": [-61.297996, 16.27319]}, "properties": {"taxon": "Anolis marmoratus", "scientificName": "Anolis marmoratus Dum\u00e9ril & Bibron, 1837", "date": "1992-01-06", "basis": "PRESERVED_SPECIMEN", "dataset": null, "gbifID": "5147422473"}}, {"type": "Feature", "geometry": {"type": "Point", "coordinates": [-61.466516, 16.34819]}, "properties": {"taxon": "Anolis marmoratus", "scientificName": "Anolis marmoratus Dum\u00e9ril & Bibron, 1837", "date": "1992-01-09", "basis": "PRESERVED_SPECIMEN", "dataset": null, "gbifID": "5147422474"}}, {"type": "Feature", "geometry": {"type": "Point", "coordinates": [-61.472996, 16.27504]}, "properties": {"taxon": "Anolis marmoratus", "scientificName": "Anolis marmoratus Dum\u00e9ril & Bibron, 1837", "date": "1992-01-09", "basis": "PRESERVED_SPECIMEN", "dataset": null, "gbifID": "5147422475"}}, {"type": "Feature", "geometry": {"type": "Point", "coordinates": [-61.560956, 16.06208]}, "properties": {"taxon": "Anolis marmoratus", "scientificName": "Anolis marmoratus Dum\u00e9ril & Bibron, 1837", "date": "1992-01-12", "basis": "PRESERVED_SPECIMEN", "dataset": null, "gbifID": "5147422476"}}, {"type": "Feature", "geometry": {"type": "Point", "coordinates": [-61.560956, 16.06208]}, "properties": {"taxon": "Anolis marmoratus", "scientificName": "Anolis marmoratus Dum\u00e9ril & Bibron, 1837", "date": "1992-01-12", "basis": "PRESERVED_SPECIMEN", "dataset": null, "gbifID": "5147422477"}}, {"type": "Feature", "geometry": {"type": "Point", "coordinates": [-61.803546, 16.27226]}, "properties": {"taxon": "Anolis marmoratus", "scientificName": "Anolis marmoratus Dum\u00e9ril & Bibron, 1837", "date": "1992-01-16", "basis": "PRESERVED_SPECIMEN", "dataset": null, "gbifID": "5147422478"}}, {"type": "Feature", "geometry": {"type": "Point", "coordinates": [-61.778546, 16.20189]}, "properties": {"taxon": "Anolis marmoratus", "scientificName": "Anolis marmoratus Dum\u00e9ril & Bibron, 1837", "date": "1992-01-16", "basis": "PRESERVED_SPECIMEN", "dataset": null, "gbifID": "5147422479"}}, {"type": "Feature", "geometry": {"type": "Point", "coordinates": [-61.730406, 16.1806]}, "properties": {"taxon": "Anolis marmoratus", "scientificName": "Anolis marmoratus Dum\u00e9ril & Bibron, 1837", "date": "1992-01-21", "basis": "PRESERVED_SPECIMEN", "dataset": null, "gbifID": "5147422480"}}, {"type": "Feature", "geometry": {"type": "Point", "coordinates": [-61.755406, 16.28893]}, "properties": {"taxon": "Anolis marmoratus", "scientificName": "Anolis marmoratus Dum\u00e9ril & Bibron, 1837", "date": "1992-01-21", "basis": "PRESERVED_SPECIMEN", "dataset": null, "gbifID": "5147422481"}}, {"type": "Feature", "geometry": {"type": "Point", "coordinates": [-61.615586, 15.99356]}, "properties": {"taxon": "Anolis marmoratus", "scientificName": "Anolis marmoratus Dum\u00e9ril & Bibron, 1837", "date": "1992-01-24", "basis": "PRESERVED_SPECIMEN", "dataset": null, "gbifID": "5147422483"}}, {"type": "Feature", "geometry": {"type": "Point", "coordinates": [-61.635956, 16.14263]}, "properties": {"taxon": "Anolis marmoratus", "scientificName": "Anolis marmoratus Dum\u00e9ril & Bibron, 1837", "date": "1992-01-05", "basis": "PRESERVED_SPECIMEN", "dataset": null, "gbifID": "5147426474"}}, {"type": "Feature", "geometry": {"type": "Point", "coordinates": [-61.474846, 16.24356]}, "properties": {"taxon": "Anolis marmoratus", "scientificName": "Anolis marmoratus Dum\u00e9ril & Bibron, 1837", "date": "1992-01-07", "basis": "PRESERVED_SPECIMEN", "dataset": null, "gbifID": "5147426475"}}, {"type": "Feature", "geometry": {"type": "Point", "coordinates": [-61.447996, 16.39448]}, "properties": {"taxon": "Anolis marmoratus", "scientificName": "Anolis marmoratus Dum\u00e9ril & Bibron, 1837", "date": "1992-01-09", "basis": "PRESERVED_SPECIMEN", "dataset": null, "gbifID": "5147426476"}}, {"type": "Feature", "geometry": {"type": "Point", "coordinates": [-61.440586, 16.30374]}, "properties": {"taxon": "Anolis marmoratus", "scientificName": "Anolis marmoratus Dum\u00e9ril & Bibron, 1837", "date": "1992-01-09", "basis": "PRESERVED_SPECIMEN", "dataset": null, "gbifID": "5147426477"}}, {"type": "Feature", "geometry": {"type": "Point", "coordinates": [-61.697996, 16.32597]}, "properties": {"taxon": "Anolis marmoratus", "scientificName": "Anolis marmoratus Dum\u00e9ril & Bibron, 1837", "date": "1992-01-11", "basis": "PRESERVED_SPECIMEN", "dataset": null, "gbifID": "5147426478"}}, {"type": "Feature", "geometry": {"type": "Point", "coordinates": [-61.757256, 16.08337]}, "properties": {"taxon": "Anolis marmoratus", "scientificName": "Anolis marmoratus Dum\u00e9ril & Bibron, 1837", "date": "1992-01-14", "basis": "PRESERVED_SPECIMEN", "dataset": null, "gbifID": "5147426479"}}, {"type": "Feature", "geometry": {"type": "Point", "coordinates": [-61.735036, 16.02319]}, "properties": {"taxon": "Anolis marmoratus", "scientificName": "Anolis marmoratus Dum\u00e9ril & Bibron, 1837", "date": "1992-01-14", "basis": "PRESERVED_SPECIMEN", "dataset": null, "gbifID": "5147426480"}}, {"type": "Feature", "geometry": {"type": "Point", "coordinates": [-61.776696, 16.22597]}, "properties": {"taxon": "Anolis marmoratus", "scientificName": "Anolis marmoratus Dum\u00e9ril & Bibron, 1837", "date": "1992-01-16", "basis": "PRESERVED_SPECIMEN", "dataset": null, "gbifID": "5147426481"}}, {"type": "Feature", "geometry": {"type": "Point", "coordinates": [-61.686886, 16.05282]}, "properties": {"taxon": "Anolis marmoratus", "scientificName": "Anolis marmoratus Dum\u00e9ril & Bibron, 1837", "date": "1992-01-17", "basis": "PRESERVED_SPECIMEN", "dataset": null, "gbifID": "5147426482"}}, {"type": "Feature", "geometry": {"type": "Point", "coordinates": [-61.743366, 16.1806]}, "properties": {"taxon": "Anolis marmoratus", "scientificName": "Anolis marmoratus Dum\u00e9ril & Bibron, 1837", "date": "1992-01-21", "basis": "PRESERVED_SPECIMEN", "dataset": null, "gbifID": "5147426483"}}, {"type": "Feature", "geometry": {"type": "Point", "coordinates": [-61.559106, 16.10374]}, "properties": {"taxon": "Anolis marmoratus", "scientificName": "Anolis marmoratus Dum\u00e9ril & Bibron, 1837", "date": "1992-01-24", "basis": "PRESERVED_SPECIMEN", "dataset": null, "gbifID": "5147426485"}}, {"type": "Feature", "geometry": {"type": "Point", "coordinates": [-61.474846, 16.24356]}, "properties": {"taxon": "Anolis marmoratus", "scientificName": "Anolis marmoratus Dum\u00e9ril & Bibron, 1837", "date": "1992-01-07", "basis": "PRESERVED_SPECIMEN", "dataset": null, "gbifID": "5147437471"}}, {"type": "Feature", "geometry": {"type": "Point", "coordinates": [-61.474846, 16.24356]}, "properties": {"taxon": "Anolis marmoratus", "scientificName": "Anolis marmoratus Dum\u00e9ril & Bibron, 1837", "date": "1992-01-07", "basis": "PRESERVED_SPECIMEN", "dataset": null, "gbifID": "5147437472"}}, {"type": "Feature", "geometry": {"type": "Point", "coordinates": [-61.440586, 16.30374]}, "properties": {"taxon": "Anolis marmoratus", "scientificName": "Anolis marmoratus Dum\u00e9ril & Bibron, 1837", "date": "1992-01-09", "basis": "PRESERVED_SPECIMEN", "dataset": null, "gbifID": "5147437473"}}, {"type": "Feature", "geometry": {"type": "Point", "coordinates": [-61.697996, 16.32597]}, "properties": {"taxon": "Anolis marmoratus", "scientificName": "Anolis marmoratus Dum\u00e9ril & Bibron, 1837", "date": "1992-01-11", "basis": "PRESERVED_SPECIMEN", "dataset": null, "gbifID": "5147437474"}}, {"type": "Feature", "geometry": {"type": "Point", "coordinates": [-61.757256, 16.08337]}, "properties": {"taxon": "Anolis marmoratus", "scientificName": "Anolis marmoratus Dum\u00e9ril & Bibron, 1837", "date": "1992-01-14", "basis": "PRESERVED_SPECIMEN", "dataset": null, "gbifID": "5147437475"}}, {"type": "Feature", "geometry": {"type": "Point", "coordinates": [-61.783176, 16.25004]}, "properties": {"taxon": "Anolis marmoratus", "scientificName": "Anolis marmoratus Dum\u00e9ril & Bibron, 1837", "date": "1992-01-16", "basis": "PRESERVED_SPECIMEN", "dataset": null, "gbifID": "5147437476"}}, {"type": "Feature", "geometry": {"type": "Point", "coordinates": [-61.783176, 16.25004]}, "properties": {"taxon": "Anolis marmoratus", "scientificName": "Anolis marmoratus Dum\u00e9ril & Bibron, 1837", "date": "1992-01-16", "basis": "PRESERVED_SPECIMEN", "dataset": null, "gbifID": "5147437477"}}, {"type": "Feature", "geometry": {"type": "Point", "coordinates": [-61.686886, 16.05282]}, "properties": {"taxon": "Anolis marmoratus", "scientificName": "Anolis marmoratus Dum\u00e9ril & Bibron, 1837", "date": "1992-01-17", "basis": "PRESERVED_SPECIMEN", "dataset": null, "gbifID": "5147437478"}}, {"type": "Feature", "geometry": {"type": "Point", "coordinates": [-61.686886, 16.05282]}, "properties": {"taxon": "Anolis marmoratus", "scientificName": "Anolis marmoratus Dum\u00e9ril & Bibron, 1837", "date": "1992-01-17", "basis": "PRESERVED_SPECIMEN", "dataset": null, "gbifID": "5147437479"}}, {"type": "Feature", "geometry": {"type": "Point", "coordinates": [-61.743366, 16.1806]}, "properties": {"taxon": "Anolis marmoratus", "scientificName": "Anolis marmoratus Dum\u00e9ril & Bibron, 1837", "date": "1992-01-21", "basis": "PRESERVED_SPECIMEN", "dataset": null, "gbifID": "5147437480"}}, {"type": "Feature", "geometry": {"type": "Point", "coordinates": [-61.572996, 16.13523]}, "properties": {"taxon": "Anolis marmoratus", "scientificName": "Anolis marmoratus Dum\u00e9ril & Bibron, 1837", "date": "1992-01-24", "basis": "PRESERVED_SPECIMEN", "dataset": null, "gbifID": "5147437481"}}, {"type": "Feature", "geometry": {"type": "Point", "coordinates": [-61.572996, 16.13523]}, "properties": {"taxon": "Anolis marmoratus", "scientificName": "Anolis marmoratus Dum\u00e9ril & Bibron, 1837", "date": "1992-01-24", "basis": "PRESERVED_SPECIMEN", "dataset": null, "gbifID": "5147437482"}}, {"type": "Feature", "geometry": {"type": "Point", "coordinates": [-61.701696, 15.97319]}, "properties": {"taxon": "Anolis marmoratus", "scientificName": "Anolis marmoratus Dum\u00e9ril & Bibron, 1837", "date": "1992-01-24", "basis": "PRESERVED_SPECIMEN", "dataset": null, "gbifID": "5147437483"}}, {"type": "Feature", "geometry": {"type": "Point", "coordinates": [-61.701696, 15.97319]}, "properties": {"taxon": "Anolis marmoratus", "scientificName": "Anolis marmoratus Dum\u00e9ril & Bibron, 1837", "date": "1992-01-24", "basis": "PRESERVED_SPECIMEN", "dataset": null, "gbifID": "5147437484"}}, {"type": "Feature", "geometry": {"type": "Point", "coordinates": [-61.297996, 16.27319]}, "properties": {"taxon": "Anolis marmoratus", "scientificName": "Anolis marmoratus Dum\u00e9ril & Bibron, 1837", "date": "1992-01-06", "basis": "PRESERVED_SPECIMEN", "dataset": null, "gbifID": "5147496472"}}, {"type": "Feature", "geometry": {"type": "Point", "coordinates": [-61.474846, 16.2343]}, "properties": {"taxon": "Anolis marmoratus", "scientificName": "Anolis marmoratus Dum\u00e9ril & Bibron, 1837", "date": "1992-01-07", "basis": "PRESERVED_SPECIMEN", "dataset": null, "gbifID": "5147496473"}}, {"type": "Feature", "geometry": {"type": "Point", "coordinates": [-61.462806, 16.31856]}, "properties": {"taxon": "Anolis marmoratus", "scientificName": "Anolis marmoratus Dum\u00e9ril & Bibron, 1837", "date": "1992-01-09", "basis": "PRESERVED_SPECIMEN", "dataset": null, "gbifID": "5147496474"}}, {"type": "Feature", "geometry": {"type": "Point", "coordinates": [-61.641516, 16.263]}, "properties": {"taxon": "Anolis marmoratus", "scientificName": "Anolis marmoratus Dum\u00e9ril & Bibron, 1837", "date": "1992-01-11", "basis": "PRESERVED_SPECIMEN", "dataset": null, "gbifID": "5147496475"}}, {"type": "Feature", "geometry": {"type": "Point", "coordinates": [-61.588736, 16.013]}, "properties": {"taxon": "Anolis marmoratus", "scientificName": "Anolis marmoratus Dum\u00e9ril & Bibron, 1837", "date": "1992-01-12", "basis": "PRESERVED_SPECIMEN", "dataset": null, "gbifID": "5147496476"}}, {"type": "Feature", "geometry": {"type": "Point", "coordinates": [-61.767436, 16.163]}, "properties": {"taxon": "Anolis marmoratus", "scientificName": "Anolis marmoratus Dum\u00e9ril & Bibron, 1837", "date": "1992-01-14", "basis": "PRESERVED_SPECIMEN", "dataset": null, "gbifID": "5147496477"}}, {"type": "Feature", "geometry": {"type": "Point", "coordinates": [-61.783176, 16.25004]}, "properties": {"taxon": "Anolis marmoratus", "scientificName": "Anolis marmoratus Dum\u00e9ril & Bibron, 1837", "date": "1992-01-16", "basis": "PRESERVED_SPECIMEN", "dataset": null, "gbifID": "5147496478"}}, {"type": "Feature", "geometry": {"type": "Point", "coordinates": [-61.675776, 16.0343]}, "properties": {"taxon": "Anolis marmoratus", "scientificName": "Anolis marmoratus Dum\u00e9ril & Bibron, 1837", "date": "1992-01-17", "basis": "PRESERVED_SPECIMEN", "dataset": null, "gbifID": "5147496479"}}, {"type": "Feature", "geometry": {"type": "Point", "coordinates": [-61.750586, 16.18523]}, "properties": {"taxon": "Anolis marmoratus", "scientificName": "Anolis marmoratus Dum\u00e9ril & Bibron, 1837", "date": "1992-01-21", "basis": "PRESERVED_SPECIMEN", "dataset": null, "gbifID": "5147496480"}}, {"type": "Feature", "geometry": {"type": "Point", "coordinates": [-61.750586, 16.18523]}, "properties": {"taxon": "Anolis marmoratus", "scientificName": "Anolis marmoratus Dum\u00e9ril & Bibron, 1837", "date": "1992-01-21", "basis": "PRESERVED_SPECIMEN", "dataset": null, "gbifID": "5147496481"}}, {"type": "Feature", "geometry": {"type": "Point", "coordinates": [-61.732256, 16.34541]}, "properties": {"taxon": "Anolis marmoratus", "scientificName": "Anolis marmoratus Dum\u00e9ril & Bibron, 1837", "date": "1992-01-24", "basis": "PRESERVED_SPECIMEN", "dataset": null, "gbifID": "5147496482"}}, {"type": "Feature", "geometry": {"type": "Point", "coordinates": [-61.661886, 16.00189]}, "properties": {"taxon": "Anolis marmoratus", "scientificName": "Anolis marmoratus Dum\u00e9ril & Bibron, 1837", "date": "1992-01-24", "basis": "PRESERVED_SPECIMEN", "dataset": null, "gbifID": "5147496483"}}, {"type": "Feature", "geometry": {"type": "Point", "coordinates": [-61.474846, 16.2343]}, "properties": {"taxon": "Anolis marmoratus", "scientificName": "Anolis marmoratus Dum\u00e9ril & Bibron, 1837", "date": "1992-01-07", "basis": "PRESERVED_SPECIMEN", "dataset": null, "gbifID": "5147498474"}}, {"type": "Feature", "geometry": {"type": "Point", "coordinates": [-61.462806, 16.31856]}, "properties": {"taxon": "Anolis marmoratus", "scientificName": "Anolis marmoratus Dum\u00e9ril & Bibron, 1837", "date": "1992-01-09", "basis": "PRESERVED_SPECIMEN", "dataset": null, "gbifID": "5147498475"}}, {"type": "Feature", "geometry": {"type": "Point", "coordinates": [-61.462806, 16.31856]}, "properties": {"taxon": "Anolis marmoratus", "scientificName": "Anolis marmoratus Dum\u00e9ril & Bibron, 1837", "date": "1992-01-09", "basis": "PRESERVED_SPECIMEN", "dataset": null, "gbifID": "5147498476"}}, {"type": "Feature", "geometry": {"type": "Point", "coordinates": [-61.641516, 16.263]}, "properties": {"taxon": "Anolis marmoratus", "scientificName": "Anolis marmoratus Dum\u00e9ril & Bibron, 1837", "date": "1992-01-11", "basis": "PRESERVED_SPECIMEN", "dataset": null, "gbifID": "5147498477"}}, {"type": "Feature", "geometry": {"type": "Point", "coordinates": [-61.641516, 16.263]}, "properties": {"taxon": "Anolis marmoratus", "scientificName": "Anolis marmoratus Dum\u00e9ril & Bibron, 1837", "date": "1992-01-11", "basis": "PRESERVED_SPECIMEN", "dataset": null, "gbifID": "5147498478"}}, {"type": "Feature", "geometry": {"type": "Point", "coordinates": [-61.767436, 16.163]}, "properties": {"taxon": "Anolis marmoratus", "scientificName": "Anolis marmoratus Dum\u00e9ril & Bibron, 1837", "date": "1992-01-14", "basis": "PRESERVED_SPECIMEN", "dataset": null, "gbifID": "5147498479"}}, {"type": "Feature", "geometry": {"type": "Point", "coordinates": [-61.783176, 16.25004]}, "properties": {"taxon": "Anolis marmoratus", "scientificName": "Anolis marmoratus Dum\u00e9ril & Bibron, 1837", "date": "1992-01-16", "basis": "PRESERVED_SPECIMEN", "dataset": null, "gbifID": "5147498480"}}, {"type": "Feature", "geometry": {"type": "Point", "coordinates": [-61.783176, 16.25004]}, "properties": {"taxon": "Anolis marmoratus", "scientificName": "Anolis marmoratus Dum\u00e9ril & Bibron, 1837", "date": "1992-01-16", "basis": "PRESERVED_SPECIMEN", "dataset": null, "gbifID": "5147498481"}}, {"type": "Feature", "geometry": {"type": "Point", "coordinates": [-61.675776, 16.0343]}, "properties": {"taxon": "Anolis marmoratus", "scientificName": "Anolis marmoratus Dum\u00e9ril & Bibron, 1837", "date": "1992-01-17", "basis": "PRESERVED_SPECIMEN", "dataset": null, "gbifID": "5147498482"}}, {"type": "Feature", "geometry": {"type": "Point", "coordinates": [-61.686886, 16.05282]}, "properties": {"taxon": "Anolis marmoratus", "scientificName": "Anolis marmoratus Dum\u00e9ril & Bibron, 1837", "date": "1992-01-17", "basis": "PRESERVED_SPECIMEN", "dataset": null, "gbifID": "5147498483"}}, {"type": "Feature", "geometry": {"type": "Point", "coordinates": [-61.743366, 16.1806]}, "properties": {"taxon": "Anolis marmoratus", "scientificName": "Anolis marmoratus Dum\u00e9ril & Bibron, 1837", "date": "1992-01-21", "basis": "PRESERVED_SPECIMEN", "dataset": null, "gbifID": "5147498484"}}, {"type": "Feature", "geometry": {"type": "Point", "coordinates": [-61.732256, 16.34541]}, "properties": {"taxon": "Anolis marmoratus", "scientificName": "Anolis marmoratus Dum\u00e9ril & Bibron, 1837", "date": "1992-01-24", "basis": "PRESERVED_SPECIMEN", "dataset": null, "gbifID": "5147498485"}}, {"type": "Feature", "geometry": {"type": "Point", "coordinates": [-61.701696, 15.97319]}, "properties": {"taxon": "Anolis marmoratus", "scientificName": "Anolis marmoratus Dum\u00e9ril & Bibron, 1837", "date": "1992-01-24", "basis": "PRESERVED_SPECIMEN", "dataset": null, "gbifID": "5147498486"}}, {"type": "Feature", "geometry": {"type": "Point", "coordinates": [-61.474846, 16.24356]}, "properties": {"taxon": "Anolis marmoratus", "scientificName": "Anolis marmoratus Dum\u00e9ril & Bibron, 1837", "date": "1992-01-07", "basis": "PRESERVED_SPECIMEN", "dataset": null, "gbifID": "5147499472"}}, {"type": "Feature", "geometry": {"type": "Point", "coordinates": [-61.462806, 16.31856]}, "properties": {"taxon": "Anolis marmoratus", "scientificName": "Anolis marmoratus Dum\u00e9ril & Bibron, 1837", "date": "1992-01-09", "basis": "PRESERVED_SPECIMEN", "dataset": null, "gbifID": "5147499473"}}, {"type": "Feature", "geometry": {"type": "Point", "coordinates": [-61.440586, 16.30374]}, "properties": {"taxon": "Anolis marmoratus", "scientificName": "Anolis marmoratus Dum\u00e9ril & Bibron, 1837", "date": "1992-01-09", "basis": "PRESERVED_SPECIMEN", "dataset": null, "gbifID": "5147499474"}}, {"type": "Feature", "geometry": {"type": "Point", "coordinates": [-61.641516, 16.263]}, "properties": {"taxon": "Anolis marmoratus", "scientificName": "Anolis marmoratus Dum\u00e9ril & Bibron, 1837", "date": "1992-01-11", "basis": "PRESERVED_SPECIMEN", "dataset": null, "gbifID": "5147499475"}}, {"type": "Feature", "geometry": {"type": "Point", "coordinates": [-61.697996, 16.32597]}, "properties": {"taxon": "Anolis marmoratus", "scientificName": "Anolis marmoratus Dum\u00e9ril & Bibron, 1837", "date": "1992-01-11", "basis": "PRESERVED_SPECIMEN", "dataset": null, "gbifID": "5147499476"}}, {"type": "Feature", "geometry": {"type": "Point", "coordinates": [-61.757256, 16.08337]}, "properties": {"taxon": "Anolis marmoratus", "scientificName": "Anolis marmoratus Dum\u00e9ril & Bibron, 1837", "date": "1992-01-14", "basis": "PRESERVED_SPECIMEN", "dataset": null, "gbifID": "5147499477"}}, {"type": "Feature", "geometry": {"type": "Point", "coordinates": [-61.783176, 16.25004]}, "properties": {"taxon": "Anolis marmoratus", "scientificName": "Anolis marmoratus Dum\u00e9ril & Bibron, 1837", "date": "1992-01-16", "basis": "PRESERVED_SPECIMEN", "dataset": null, "gbifID": "5147499478"}}, {"type": "Feature", "geometry": {"type": "Point", "coordinates": [-61.783176, 16.25004]}, "properties": {"taxon": "Anolis marmoratus", "scientificName": "Anolis marmoratus Dum\u00e9ril & Bibron, 1837", "date": "1992-01-16", "basis": "PRESERVED_SPECIMEN", "dataset": null, "gbifID": "5147499479"}}, {"type": "Feature", "geometry": {"type": "Point", "coordinates": [-61.675776, 16.0343]}, "properties": {"taxon": "Anolis marmoratus", "scientificName": "Anolis marmoratus Dum\u00e9ril & Bibron, 1837", "date": "1992-01-17", "basis": "PRESERVED_SPECIMEN", "dataset": null, "gbifID": "5147499480"}}, {"type": "Feature", "geometry": {"type": "Point", "coordinates": [-61.686886, 16.05282]}, "properties": {"taxon": "Anolis marmoratus", "scientificName": "Anolis marmoratus Dum\u00e9ril & Bibron, 1837", "date": "1992-01-17", "basis": "PRESERVED_SPECIMEN", "dataset": null, "gbifID": "5147499481"}}, {"type": "Feature", "geometry": {"type": "Point", "coordinates": [-61.743366, 16.1806]}, "properties": {"taxon": "Anolis marmoratus", "scientificName": "Anolis marmoratus Dum\u00e9ril & Bibron, 1837", "date": "1992-01-21", "basis": "PRESERVED_SPECIMEN", "dataset": null, "gbifID": "5147499482"}}, {"type": "Feature", "geometry": {"type": "Point", "coordinates": [-61.572996, 16.13523]}, "properties": {"taxon": "Anolis marmoratus", "scientificName": "Anolis marmoratus Dum\u00e9ril & Bibron, 1837", "date": "1992-01-24", "basis": "PRESERVED_SPECIMEN", "dataset": null, "gbifID": "5147499483"}}, {"type": "Feature", "geometry": {"type": "Point", "coordinates": [-61.572996, 16.13523]}, "properties": {"taxon": "Anolis marmoratus", "scientificName": "Anolis marmoratus Dum\u00e9ril & Bibron, 1837", "date": "1992-01-24", "basis": "PRESERVED_SPECIMEN", "dataset": null, "gbifID": "5147499484"}}, {"type": "Feature", "geometry": {"type": "Point", "coordinates": [-61.701696, 15.97319]}, "properties": {"taxon": "Anolis marmoratus", "scientificName": "Anolis marmoratus Dum\u00e9ril & Bibron, 1837", "date": "1992-01-24", "basis": "PRESERVED_SPECIMEN", "dataset": null, "gbifID": "5147499485"}}, {"type": "Feature", "geometry": {"type": "Point", "coordinates": [-61.701696, 15.97319]}, "properties": {"taxon": "Anolis marmoratus", "scientificName": "Anolis marmoratus Dum\u00e9ril & Bibron, 1837", "date": "1992-01-24", "basis": "PRESERVED_SPECIMEN", "dataset": null, "gbifID": "5147499486"}}, {"type": "Feature", "geometry": {"type": "Point", "coordinates": [-61.297996, 16.27319]}, "properties": {"taxon": "Anolis marmoratus", "scientificName": "Anolis marmoratus Dum\u00e9ril & Bibron, 1837", "date": "1992-01-06", "basis": "PRESERVED_SPECIMEN", "dataset": null, "gbifID": "5147501470"}}, {"type": "Feature", "geometry": {"type": "Point", "coordinates": [-61.466516, 16.34819]}, "properties": {"taxon": "Anolis marmoratus", "scientificName": "Anolis marmoratus Dum\u00e9ril & Bibron, 1837", "date": "1992-01-09", "basis": "PRESERVED_SPECIMEN", "dataset": null, "gbifID": "5147501471"}}, {"type": "Feature", "geometry": {"type": "Point", "coordinates": [-61.462806, 16.31856]}, "properties": {"taxon": "Anolis marmoratus", "scientificName": "Anolis marmoratus Dum\u00e9ril & Bibron, 1837", "date": "1992-01-09", "basis": "PRESERVED_SPECIMEN", "dataset": null, "gbifID": "5147501472"}}, {"type": "Feature", "geometry": {"type": "Point", "coordinates": [-61.472996, 16.27504]}, "properties": {"taxon": "Anolis marmoratus", "scientificName": "Anolis marmoratus Dum\u00e9ril & Bibron, 1837", "date": "1992-01-09", "basis": "PRESERVED_SPECIMEN", "dataset": null, "gbifID": "5147501473"}}, {"type": "Feature", "geometry": {"type": "Point", "coordinates": [-61.472996, 16.27504]}, "properties": {"taxon": "Anolis marmoratus", "scientificName": "Anolis marmoratus Dum\u00e9ril & Bibron, 1837", "date": "1992-01-09", "basis": "PRESERVED_SPECIMEN", "dataset": null, "gbifID": "5147501474"}}, {"type": "Feature", "geometry": {"type": "Point", "coordinates": [-61.588736, 16.013]}, "properties": {"taxon": "Anolis marmoratus", "scientificName": "Anolis marmoratus Dum\u00e9ril & Bibron, 1837", "date": "1992-01-12", "basis": "PRESERVED_SPECIMEN", "dataset": null, "gbifID": "5147501475"}}, {"type": "Feature", "geometry": {"type": "Point", "coordinates": [-61.803546, 16.27226]}, "properties": {"taxon": "Anolis marmoratus", "scientificName": "Anolis marmoratus Dum\u00e9ril & Bibron, 1837", "date": "1992-01-16", "basis": "PRESERVED_SPECIMEN", "dataset": null, "gbifID": "5147501476"}}, {"type": "Feature", "geometry": {"type": "Point", "coordinates": [-61.803546, 16.27226]}, "properties": {"taxon": "Anolis marmoratus", "scientificName": "Anolis marmoratus Dum\u00e9ril & Bibron, 1837", "date": "1992-01-16", "basis": "PRESERVED_SPECIMEN", "dataset": null, "gbifID": "5147501477"}}, {"type": "Feature", "geometry": {"type": "Point", "coordinates": [-61.675776, 16.0343]}, "properties": {"taxon": "Anolis marmoratus", "scientificName": "Anolis marmoratus Dum\u00e9ril & Bibron, 1837", "date": "1992-01-17", "basis": "PRESERVED_SPECIMEN", "dataset": null, "gbifID": "5147501478"}}, {"type": "Feature", "geometry": {"type": "Point", "coordinates": [-61.675776, 16.0343]}, "properties": {"taxon": "Anolis marmoratus", "scientificName": "Anolis marmoratus Dum\u00e9ril & Bibron, 1837", "date": "1992-01-17", "basis": "PRESERVED_SPECIMEN", "dataset": null, "gbifID": "5147501479"}}, {"type": "Feature", "geometry": {"type": "Point", "coordinates": [-61.755406, 16.28893]}, "properties": {"taxon": "Anolis marmoratus", "scientificName": "Anolis marmoratus Dum\u00e9ril & Bibron, 1837", "date": "1992-01-21", "basis": "PRESERVED_SPECIMEN", "dataset": null, "gbifID": "5147501480"}}, {"type": "Feature", "geometry": {"type": "Point", "coordinates": [-61.615586, 15.99356]}, "properties": {"taxon": "Anolis marmoratus", "scientificName": "Anolis marmoratus Dum\u00e9ril & Bibron, 1837", "date": "1992-01-24", "basis": "PRESERVED_SPECIMEN", "dataset": null, "gbifID": "5147501483"}}, {"type": "Feature", "geometry": {"type": "Point", "coordinates": [-61.661886, 16.00189]}, "properties": {"taxon": "Anolis marmoratus", "scientificName": "Anolis marmoratus Dum\u00e9ril & Bibron, 1837", "date": "1992-01-24", "basis": "PRESERVED_SPECIMEN", "dataset": null, "gbifID": "5147501484"}}, {"type": "Feature", "geometry": {"type": "Point", "coordinates": [-61.51, 16.46]}, "properties": {"taxon": "Anolis marmoratus", "scientificName": "Anolis marmoratus Dum\u00e9ril & Bibron, 1837", "date": "1992-08-01", "basis": "PRESERVED_SPECIMEN", "dataset": null, "gbifID": "3351518077"}}, {"type": "Feature", "geometry": {"type": "Point", "coordinates": [-61.511284, 16.459953]}, "properties": {"taxon": "Anolis marmoratus", "scientificName": "BOLD:ADI1493", "date": "1992-08-01", "basis": "MATERIAL_SAMPLE", "dataset": null, "gbifID": "4038822339"}}, {"type": "Feature", "geometry": {"type": "Point", "coordinates": [-61.273517, 16.252559]}, "properties": {"taxon": "Anolis marmoratus", "scientificName": "Anolis marmoratus Dum\u00e9ril & Bibron, 1837", "date": "1989-02-12", "basis": "HUMAN_OBSERVATION", "dataset": "iNaturalist research-grade observations", "gbifID": "3456032296"}}, {"type": "Feature", "geometry": {"type": "Point", "coordinates": [-61.284106, 16.25467]}, "properties": {"taxon": "Anolis marmoratus", "scientificName": "Anolis marmoratus Dum\u00e9ril & Bibron, 1837", "date": "1988-07-22", "basis": "PRESERVED_SPECIMEN", "dataset": null, "gbifID": "5147067467"}}, {"type": "Feature", "geometry": {"type": "Point", "coordinates": [-61.290586, 16.263]}, "properties": {"taxon": "Anolis marmoratus", "scientificName": "Anolis marmoratus Dum\u00e9ril & Bibron, 1837", "date": "1988-07-22", "basis": "PRESERVED_SPECIMEN", "dataset": null, "gbifID": "5147068464"}}, {"type": "Feature", "geometry": {"type": "Point", "coordinates": [-61.559106, 16.05374]}, "properties": {"taxon": "Anolis marmoratus", "scientificName": "Anolis marmoratus Dum\u00e9ril & Bibron, 1837", "date": "1988-07-24", "basis": "PRESERVED_SPECIMEN", "dataset": null, "gbifID": "5147070470"}}, {"type": "Feature", "geometry": {"type": "Point", "coordinates": [-61.284106, 16.25467]}, "properties": {"taxon": "Anolis marmoratus", "scientificName": "Anolis marmoratus Dum\u00e9ril & Bibron, 1837", "date": "1988-07-22", "basis": "PRESERVED_SPECIMEN", "dataset": null, "gbifID": "5147072474"}}, {"type": "Feature", "geometry": {"type": "Point", "coordinates": [-61.527626, 16.22874]}, "properties": {"taxon": "Anolis marmoratus", "scientificName": "Anolis marmoratus Dum\u00e9ril & Bibron, 1837", "date": "1988-07-23", "basis": "PRESERVED_SPECIMEN", "dataset": null, "gbifID": "5147073464"}}, {"type": "Feature", "geometry": {"type": "Point", "coordinates": [-61.559106, 16.05374]}, "properties": {"taxon": "Anolis marmoratus", "scientificName": "Anolis marmoratus Dum\u00e9ril & Bibron, 1837", "date": "1988-07-24", "basis": "PRESERVED_SPECIMEN", "dataset": null, "gbifID": "5147073465"}}, {"type": "Feature", "geometry": {"type": "Point", "coordinates": [-61.592436, 16.19726]}, "properties": {"taxon": "Anolis marmoratus", "scientificName": "Anolis marmoratus Dum\u00e9ril & Bibron, 1837", "date": "1988-07-24", "basis": "PRESERVED_SPECIMEN", "dataset": null, "gbifID": "5147073466"}}, {"type": "Feature", "geometry": {"type": "Point", "coordinates": [-61.284106, 16.25467]}, "properties": {"taxon": "Anolis marmoratus", "scientificName": "Anolis marmoratus Dum\u00e9ril & Bibron, 1837", "date": "1988-07-22", "basis": "PRESERVED_SPECIMEN", "dataset": null, "gbifID": "5147186475"}}, {"type": "Feature", "geometry": {"type": "Point", "coordinates": [-61.284106, 16.25467]}, "properties": {"taxon": "Anolis marmoratus", "scientificName": "Anolis marmoratus Dum\u00e9ril & Bibron, 1837", "date": "1988-07-22", "basis": "PRESERVED_SPECIMEN", "dataset": null, "gbifID": "5147186476"}}, {"type": "Feature", "geometry": {"type": "Point", "coordinates": [-61.316516, 16.2556]}, "properties": {"taxon": "Anolis marmoratus", "scientificName": "Anolis marmoratus Dum\u00e9ril & Bibron, 1837", "date": "1988-07-22", "basis": "PRESERVED_SPECIMEN", "dataset": null, "gbifID": "5147188467"}}, {"type": "Feature", "geometry": {"type": "Point", "coordinates": [-61.559106, 16.05374]}, "properties": {"taxon": "Anolis marmoratus", "scientificName": "Anolis marmoratus Dum\u00e9ril & Bibron, 1837", "date": "1988-07-24", "basis": "PRESERVED_SPECIMEN", "dataset": null, "gbifID": "5147188468"}}, {"type": "Feature", "geometry": {"type": "Point", "coordinates": [-61.284106, 16.25467]}, "properties": {"taxon": "Anolis marmoratus", "scientificName": "Anolis marmoratus Dum\u00e9ril & Bibron, 1837", "date": "1988-07-22", "basis": "PRESERVED_SPECIMEN", "dataset": null, "gbifID": "5147189477"}}, {"type": "Feature", "geometry": {"type": "Point", "coordinates": [-61.284106, 16.25467]}, "properties": {"taxon": "Anolis marmoratus", "scientificName": "Anolis marmoratus Dum\u00e9ril & Bibron, 1837", "date": "1988-07-22", "basis": "PRESERVED_SPECIMEN", "dataset": null, "gbifID": "5147189478"}}, {"type": "Feature", "geometry": {"type": "Point", "coordinates": [-61.559106, 16.05374]}, "properties": {"taxon": "Anolis marmoratus", "scientificName": "Anolis marmoratus Dum\u00e9ril & Bibron, 1837", "date": "1988-07-24", "basis": "PRESERVED_SPECIMEN", "dataset": null, "gbifID": "5147193465"}}, {"type": "Feature", "geometry": {"type": "Point", "coordinates": [-61.527626, 16.22874]}, "properties": {"taxon": "Anolis marmoratus", "scientificName": "Anolis marmoratus Dum\u00e9ril & Bibron, 1837", "date": "1988-07-23", "basis": "PRESERVED_SPECIMEN", "dataset": null, "gbifID": "5147197465"}}, {"type": "Feature", "geometry": {"type": "Point", "coordinates": [-61.559106, 16.05374]}, "properties": {"taxon": "Anolis marmoratus", "scientificName": "Anolis marmoratus Dum\u00e9ril & Bibron, 1837", "date": "1988-07-24", "basis": "PRESERVED_SPECIMEN", "dataset": null, "gbifID": "5147197466"}}, {"type": "Feature", "geometry": {"type": "Point", "coordinates": [-61.592436, 16.19726]}, "properties": {"taxon": "Anolis marmoratus", "scientificName": "Anolis marmoratus Dum\u00e9ril & Bibron, 1837", "date": "1988-07-24", "basis": "PRESERVED_SPECIMEN", "dataset": null, "gbifID": "5147197467"}}, {"type": "Feature", "geometry": {"type": "Point", "coordinates": [-61.527626, 16.22874]}, "properties": {"taxon": "Anolis marmoratus", "scientificName": "Anolis marmoratus Dum\u00e9ril & Bibron, 1837", "date": "1988-07-23", "basis": "PRESERVED_SPECIMEN", "dataset": null, "gbifID": "5147305469"}}, {"type": "Feature", "geometry": {"type": "Point", "coordinates": [-61.527626, 16.22874]}, "properties": {"taxon": "Anolis marmoratus", "scientificName": "Anolis marmoratus Dum\u00e9ril & Bibron, 1837", "date": "1988-07-23", "basis": "PRESERVED_SPECIMEN", "dataset": null, "gbifID": "5147305470"}}, {"type": "Feature", "geometry": {"type": "Point", "coordinates": [-61.592436, 16.19726]}, "properties": {"taxon": "Anolis marmoratus", "scientificName": "Anolis marmoratus Dum\u00e9ril & Bibron, 1837", "date": "1988-07-24", "basis": "PRESERVED_SPECIMEN", "dataset": null, "gbifID": "5147305471"}}, {"type": "Feature", "geometry": {"type": "Point", "coordinates": [-61.285036, 16.2556]}, "properties": {"taxon": "Anolis marmoratus", "scientificName": "Anolis marmoratus Dum\u00e9ril & Bibron, 1837", "date": "1988-07-22", "basis": "PRESERVED_SPECIMEN", "dataset": null, "gbifID": "5147307465"}}, {"type": "Feature", "geometry": {"type": "Point", "coordinates": [-61.284106, 16.25467]}, "properties": {"taxon": "Anolis marmoratus", "scientificName": "Anolis marmoratus Dum\u00e9ril & Bibron, 1837", "date": "1988-07-22", "basis": "PRESERVED_SPECIMEN", "dataset": null, "gbifID": "5147308469"}}, {"type": "Feature", "geometry": {"type": "Point", "coordinates": [-61.527626, 16.22874]}, "properties": {"taxon": "Anolis marmoratus", "scientificName": "Anolis marmoratus Dum\u00e9ril & Bibron, 1837", "date": "1988-07-23", "basis": "PRESERVED_SPECIMEN", "dataset": null, "gbifID": "5147313468"}}, {"type": "Feature", "geometry": {"type": "Point", "coordinates": [-61.527626, 16.22874]}, "properties": {"taxon": "Anolis marmoratus", "scientificName": "Anolis marmoratus Dum\u00e9ril & Bibron, 1837", "date": "1988-07-23", "basis": "PRESERVED_SPECIMEN", "dataset": null, "gbifID": "5147313469"}}, {"type": "Feature", "geometry": {"type": "Point", "coordinates": [-61.592436, 16.19726]}, "properties": {"taxon": "Anolis marmoratus", "scientificName": "Anolis marmoratus Dum\u00e9ril & Bibron, 1837", "date": "1988-07-24", "basis": "PRESERVED_SPECIMEN", "dataset": null, "gbifID": "5147313470"}}, {"type": "Feature", "geometry": {"type": "Point", "coordinates": [-61.559106, 16.05374]}, "properties": {"taxon": "Anolis marmoratus", "scientificName": "Anolis marmoratus Dum\u00e9ril & Bibron, 1837", "date": "1988-07-24", "basis": "PRESERVED_SPECIMEN", "dataset": null, "gbifID": "5147320466"}}, {"type": "Feature", "geometry": {"type": "Point", "coordinates": [-61.316516, 16.2556]}, "properties": {"taxon": "Anolis marmoratus", "scientificName": "Anolis marmoratus Dum\u00e9ril & Bibron, 1837", "date": "1988-07-22", "basis": "PRESERVED_SPECIMEN", "dataset": null, "gbifID": "5147419466"}}, {"type": "Feature", "geometry": {"type": "Point", "coordinates": [-61.329476, 16.25467]}, "properties": {"taxon": "Anolis marmoratus", "scientificName": "Anolis marmoratus Dum\u00e9ril & Bibron, 1837", "date": "1988-07-22", "basis": "PRESERVED_SPECIMEN", "dataset": null, "gbifID": "5147419467"}}, {"type": "Feature", "geometry": {"type": "Point", "coordinates": [-61.331326, 16.25374]}, "properties": {"taxon": "Anolis marmoratus", "scientificName": "Anolis marmoratus Dum\u00e9ril & Bibron, 1837", "date": "1988-07-22", "basis": "PRESERVED_SPECIMEN", "dataset": null, "gbifID": "5147421470"}}, {"type": "Feature", "geometry": {"type": "Point", "coordinates": [-61.559106, 16.05374]}, "properties": {"taxon": "Anolis marmoratus", "scientificName": "Anolis marmoratus Dum\u00e9ril & Bibron, 1837", "date": "1988-07-24", "basis": "PRESERVED_SPECIMEN", "dataset": null, "gbifID": "5147421471"}}, {"type": "Feature", "geometry": {"type": "Point", "coordinates": [-61.559106, 16.05374]}, "properties": {"taxon": "Anolis marmoratus", "scientificName": "Anolis marmoratus Dum\u00e9ril & Bibron, 1837", "date": "1988-07-24", "basis": "PRESERVED_SPECIMEN", "dataset": null, "gbifID": "5147422468"}}, {"type": "Feature", "geometry": {"type": "Point", "coordinates": [-61.284106, 16.25467]}, "properties": {"taxon": "Anolis marmoratus", "scientificName": "Anolis marmoratus Dum\u00e9ril & Bibron, 1837", "date": "1988-07-22", "basis": "PRESERVED_SPECIMEN", "dataset": null, "gbifID": "5147426470"}}, {"type": "Feature", "geometry": {"type": "Point", "coordinates": [-61.284106, 16.25467]}, "properties": {"taxon": "Anolis marmoratus", "scientificName": "Anolis marmoratus Dum\u00e9ril & Bibron, 1837", "date": "1988-07-22", "basis": "PRESERVED_SPECIMEN", "dataset": null, "gbifID": "5147426471"}}, {"type": "Feature", "geometry": {"type": "Point", "coordinates": [-61.284106, 16.25467]}, "properties": {"taxon": "Anolis marmoratus", "scientificName": "Anolis marmoratus Dum\u00e9ril & Bibron, 1837", "date": "1988-07-22", "basis": "PRESERVED_SPECIMEN", "dataset": null, "gbifID": "5147437466"}}, {"type": "Feature", "geometry": {"type": "Point", "coordinates": [-61.527626, 16.22874]}, "properties": {"taxon": "Anolis marmoratus", "scientificName": "Anolis marmoratus Dum\u00e9ril & Bibron, 1837", "date": "1988-07-23", "basis": "PRESERVED_SPECIMEN", "dataset": null, "gbifID": "5147496467"}}, {"type": "Feature", "geometry": {"type": "Point", "coordinates": [-61.527626, 16.22874]}, "properties": {"taxon": "Anolis marmoratus", "scientificName": "Anolis marmoratus Dum\u00e9ril & Bibron, 1837", "date": "1988-07-23", "basis": "PRESERVED_SPECIMEN", "dataset": null, "gbifID": "5147496468"}}, {"type": "Feature", "geometry": {"type": "Point", "coordinates": [-61.592436, 16.19726]}, "properties": {"taxon": "Anolis marmoratus", "scientificName": "Anolis marmoratus Dum\u00e9ril & Bibron, 1837", "date": "1988-07-24", "basis": "PRESERVED_SPECIMEN", "dataset": null, "gbifID": "5147496469"}}, {"type": "Feature", "geometry": {"type": "Point", "coordinates": [-61.527626, 16.22874]}, "properties": {"taxon": "Anolis marmoratus", "scientificName": "Anolis marmoratus Dum\u00e9ril & Bibron, 1837", "date": "1988-07-23", "basis": "PRESERVED_SPECIMEN", "dataset": null, "gbifID": "5147498468"}}, {"type": "Feature", "geometry": {"type": "Point", "coordinates": [-61.592436, 16.19726]}, "properties": {"taxon": "Anolis marmoratus", "scientificName": "Anolis marmoratus Dum\u00e9ril & Bibron, 1837", "date": "1988-07-24", "basis": "PRESERVED_SPECIMEN", "dataset": null, "gbifID": "5147498469"}}, {"type": "Feature", "geometry": {"type": "Point", "coordinates": [-61.284106, 16.25467]}, "properties": {"taxon": "Anolis marmoratus", "scientificName": "Anolis marmoratus Dum\u00e9ril & Bibron, 1837", "date": "1988-07-22", "basis": "PRESERVED_SPECIMEN", "dataset": null, "gbifID": "5147499467"}}, {"type": "Feature", "geometry": {"type": "Point", "coordinates": [-61.527626, 16.22874]}, "properties": {"taxon": "Anolis marmoratus", "scientificName": "Anolis marmoratus Dum\u00e9ril & Bibron, 1837", "date": "1988-07-23", "basis": "PRESERVED_SPECIMEN", "dataset": null, "gbifID": "5147501465"}}, {"type": "Feature", "geometry": {"type": "Point", "coordinates": [-61.559106, 16.05374]}, "properties": {"taxon": "Anolis marmoratus", "scientificName": "Anolis marmoratus Dum\u00e9ril & Bibron, 1837", "date": "1988-07-24", "basis": "PRESERVED_SPECIMEN", "dataset": null, "gbifID": "5147501466"}}, {"type": "Feature", "geometry": {"type": "Point", "coordinates": [-61.559106, 16.05374]}, "properties": {"taxon": "Anolis marmoratus", "scientificName": "Anolis marmoratus Dum\u00e9ril & Bibron, 1837", "date": "1988-07-24", "basis": "PRESERVED_SPECIMEN", "dataset": null, "gbifID": "5147501467"}}, {"type": "Feature", "geometry": {"type": "Point", "coordinates": [-61.773916, 16.22782]}, "properties": {"taxon": "Anolis marmoratus", "scientificName": "Anolis marmoratus Dum\u00e9ril & Bibron, 1837", "date": "1988-08-01", "basis": "PRESERVED_SPECIMEN", "dataset": null, "gbifID": "5147067468"}}, {"type": "Feature", "geometry": {"type": "Point", "coordinates": [-61.773916, 16.22782]}, "properties": {"taxon": "Anolis marmoratus", "scientificName": "Anolis marmoratus Dum\u00e9ril & Bibron, 1837", "date": "1988-08-01", "basis": "PRESERVED_SPECIMEN", "dataset": null, "gbifID": "5147067469"}}, {"type": "Feature", "geometry": {"type": "Point", "coordinates": [-61.760956, 16.08615]}, "properties": {"taxon": "Anolis marmoratus", "scientificName": "Anolis marmoratus Dum\u00e9ril & Bibron, 1837", "date": "1988-08-05", "basis": "PRESERVED_SPECIMEN", "dataset": null, "gbifID": "5147067470"}}, {"type": "Feature", "geometry": {"type": "Point", "coordinates": [-61.689656, 16.3306]}, "properties": {"taxon": "Anolis marmoratus", "scientificName": "Anolis marmoratus Dum\u00e9ril & Bibron, 1837", "date": "1988-08-01", "basis": "PRESERVED_SPECIMEN", "dataset": null, "gbifID": "5147068465"}}, {"type": "Feature", "geometry": {"type": "Point", "coordinates": [-61.689656, 16.3306]}, "properties": {"taxon": "Anolis marmoratus", "scientificName": "Anolis marmoratus Dum\u00e9ril & Bibron, 1837", "date": "1988-08-01", "basis": "PRESERVED_SPECIMEN", "dataset": null, "gbifID": "5147068466"}}, {"type": "Feature", "geometry": {"type": "Point", "coordinates": [-61.772066, 16.15837]}, "properties": {"taxon": "Anolis marmoratus", "scientificName": "Anolis marmoratus Dum\u00e9ril & Bibron, 1837", "date": "1988-08-05", "basis": "PRESERVED_SPECIMEN", "dataset": null, "gbifID": "5147068467"}}, {"type": "Feature", "geometry": {"type": "Point", "coordinates": [-61.567436, 16.11485]}, "properties": {"taxon": "Anolis marmoratus", "scientificName": "Anolis marmoratus Dum\u00e9ril & Bibron, 1837", "date": "1988-08-04", "basis": "PRESERVED_SPECIMEN", "dataset": null, "gbifID": "5147070471"}}, {"type": "Feature", "geometry": {"type": "Point", "coordinates": [-61.614656, 15.99171]}, "properties": {"taxon": "Anolis marmoratus", "scientificName": "Anolis marmoratus Dum\u00e9ril & Bibron, 1837", "date": "1988-08-09", "basis": "PRESERVED_SPECIMEN", "dataset": null, "gbifID": "5147070472"}}, {"type": "Feature", "geometry": {"type": "Point", "coordinates": [-61.788736, 16.30374]}, "properties": {"taxon": "Anolis marmoratus", "scientificName": "Anolis marmoratus Dum\u00e9ril & Bibron, 1837", "date": "1988-08-01", "basis": "PRESERVED_SPECIMEN", "dataset": null, "gbifID": "5147072475"}}, {"type": "Feature", "geometry": {"type": "Point", "coordinates": [-61.772066, 16.15837]}, "properties": {"taxon": "Anolis marmoratus", "scientificName": "Anolis marmoratus Dum\u00e9ril & Bibron, 1837", "date": "1988-08-05", "basis": "PRESERVED_SPECIMEN", "dataset": null, "gbifID": "5147072476"}}, {"type": "Feature", "geometry": {"type": "Point", "coordinates": [-61.572996, 16.11208]}, "properties": {"taxon": "Anolis marmoratus", "scientificName": "Anolis marmoratus Dum\u00e9ril & Bibron, 1837", "date": "1988-08-04", "basis": "PRESERVED_SPECIMEN", "dataset": null, "gbifID": "5147073467"}}, {"type": "Feature", "geometry": {"type": "Point", "coordinates": [-61.622996, 16.0343]}, "properties": {"taxon": "Anolis marmoratus", "scientificName": "Anolis marmoratus Dum\u00e9ril & Bibron, 1837", "date": "1988-08-11", "basis": "PRESERVED_SPECIMEN", "dataset": null, "gbifID": "5147073468"}}, {"type": "Feature", "geometry": {"type": "Point", "coordinates": [-61.788736, 16.30374]}, "properties": {"taxon": "Anolis marmoratus", "scientificName": "Anolis marmoratus Dum\u00e9ril & Bibron, 1837", "date": "1988-08-01", "basis": "PRESERVED_SPECIMEN", "dataset": null, "gbifID": "5147186477"}}, {"type": "Feature", "geometry": {"type": "Point", "coordinates": [-61.760956, 16.08615]}, "properties": {"taxon": "Anolis marmoratus", "scientificName": "Anolis marmoratus Dum\u00e9ril & Bibron, 1837", "date": "1988-08-05", "basis": "PRESERVED_SPECIMEN", "dataset": null, "gbifID": "5147186478"}}, {"type": "Feature", "geometry": {"type": "Point", "coordinates": [-61.567436, 16.11485]}, "properties": {"taxon": "Anolis marmoratus", "scientificName": "Anolis marmoratus Dum\u00e9ril & Bibron, 1837", "date": "1988-08-04", "basis": "PRESERVED_SPECIMEN", "dataset": null, "gbifID": "5147188469"}}, {"type": "Feature", "geometry": {"type": "Point", "coordinates": [-61.580406, 16.01485]}, "properties": {"taxon": "Anolis marmoratus", "scientificName": "Anolis marmoratus Dum\u00e9ril & Bibron, 1837", "date": "1988-08-09", "basis": "PRESERVED_SPECIMEN", "dataset": null, "gbifID": "5147188470"}}, {"type": "Feature", "geometry": {"type": "Point", "coordinates": [-61.788736, 16.30374]}, "properties": {"taxon": "Anolis marmoratus", "scientificName": "Anolis marmoratus Dum\u00e9ril & Bibron, 1837", "date": "1988-08-01", "basis": "PRESERVED_SPECIMEN", "dataset": null, "gbifID": "5147189479"}}, {"type": "Feature", "geometry": {"type": "Point", "coordinates": [-61.760956, 16.08615]}, "properties": {"taxon": "Anolis marmoratus", "scientificName": "Anolis marmoratus Dum\u00e9ril & Bibron, 1837", "date": "1988-08-05", "basis": "PRESERVED_SPECIMEN", "dataset": null, "gbifID": "5147189480"}}, {"type": "Feature", "geometry": {"type": "Point", "coordinates": [-61.561886, 16.10745]}, "properties": {"taxon": "Anolis marmoratus", "scientificName": "Anolis marmoratus Dum\u00e9ril & Bibron, 1837", "date": "1988-08-04", "basis": "PRESERVED_SPECIMEN", "dataset": null, "gbifID": "5147193466"}}, {"type": "Feature", "geometry": {"type": "Point", "coordinates": [-61.561886, 16.10745]}, "properties": {"taxon": "Anolis marmoratus", "scientificName": "Anolis marmoratus Dum\u00e9ril & Bibron, 1837", "date": "1988-08-04", "basis": "PRESERVED_SPECIMEN", "dataset": null, "gbifID": "5147193467"}}, {"type": "Feature", "geometry": {"type": "Point", "coordinates": [-61.710956, 15.98708]}, "properties": {"taxon": "Anolis marmoratus", "scientificName": "Anolis marmoratus Dum\u00e9ril & Bibron, 1837", "date": "1988-08-09", "basis": "PRESERVED_SPECIMEN", "dataset": null, "gbifID": "5147193468"}}, {"type": "Feature", "geometry": {"type": "Point", "coordinates": [-61.775776, 16.188]}, "properties": {"taxon": "Anolis marmoratus", "scientificName": "Anolis marmoratus Dum\u00e9ril & Bibron, 1837", "date": "1988-08-10", "basis": "PRESERVED_SPECIMEN", "dataset": null, "gbifID": "5147193469"}}, {"type": "Feature", "geometry": {"type": "Point", "coordinates": [-61.572996, 16.11208]}, "properties": {"taxon": "Anolis marmoratus", "scientificName": "Anolis marmoratus Dum\u00e9ril & Bibron, 1837", "date": "1988-08-04", "basis": "PRESERVED_SPECIMEN", "dataset": null, "gbifID": "5147197468"}}, {"type": "Feature", "geometry": {"type": "Point", "coordinates": [-61.673916, 16.0093]}, "properties": {"taxon": "Anolis marmoratus", "scientificName": "Anolis marmoratus Dum\u00e9ril & Bibron, 1837", "date": "1988-08-11", "basis": "PRESERVED_SPECIMEN", "dataset": null, "gbifID": "5147197469"}}, {"type": "Feature", "geometry": {"type": "Point", "coordinates": [-61.572996, 16.11208]}, "properties": {"taxon": "Anolis marmoratus", "scientificName": "Anolis marmoratus Dum\u00e9ril & Bibron, 1837", "date": "1988-08-04", "basis": "PRESERVED_SPECIMEN", "dataset": null, "gbifID": "5147305472"}}, {"type": "Feature", "geometry": {"type": "Point", "coordinates": [-61.749106, 16.02689]}, "properties": {"taxon": "Anolis marmoratus", "scientificName": "Anolis marmoratus Dum\u00e9ril & Bibron, 1837", "date": "1988-08-05", "basis": "PRESERVED_SPECIMEN", "dataset": null, "gbifID": "5147305473"}}, {"type": "Feature", "geometry": {"type": "Point", "coordinates": [-61.659106, 16.04263]}, "properties": {"taxon": "Anolis marmoratus", "scientificName": "Anolis marmoratus Dum\u00e9ril & Bibron, 1837", "date": "1988-08-11", "basis": "PRESERVED_SPECIMEN", "dataset": null, "gbifID": "5147305474"}}, {"type": "Feature", "geometry": {"type": "Point", "coordinates": [-61.749106, 16.02689]}, "properties": {"taxon": "Anolis marmoratus", "scientificName": "Anolis marmoratus Dum\u00e9ril & Bibron, 1837", "date": "1988-08-13", "basis": "PRESERVED_SPECIMEN", "dataset": null, "gbifID": "5147305475"}}, {"type": "Feature", "geometry": {"type": "Point", "coordinates": [-61.788736, 16.30374]}, "properties": {"taxon": "Anolis marmoratus", "scientificName": "Anolis marmoratus Dum\u00e9ril & Bibron, 1837", "date": "1988-08-01", "basis": "PRESERVED_SPECIMEN", "dataset": null, "gbifID": "5147307466"}}, {"type": "Feature", "geometry": {"type": "Point", "coordinates": [-61.689656, 16.3306]}, "properties": {"taxon": "Anolis marmoratus", "scientificName": "Anolis marmoratus Dum\u00e9ril & Bibron, 1837", "date": "1988-08-01", "basis": "PRESERVED_SPECIMEN", "dataset": null, "gbifID": "5147307467"}}, {"type": "Feature", "geometry": {"type": "Point", "coordinates": [-61.772066, 16.15837]}, "properties": {"taxon": "Anolis marmoratus", "scientificName": "Anolis marmoratus Dum\u00e9ril & Bibron, 1837", "date": "1988-08-05", "basis": "PRESERVED_SPECIMEN", "dataset": null, "gbifID": "5147307468"}}, {"type": "Feature", "geometry": {"type": "Point", "coordinates": [-61.788736, 16.30374]}, "properties": {"taxon": "Anolis marmoratus", "scientificName": "Anolis marmoratus Dum\u00e9ril & Bibron, 1837", "date": "1988-08-01", "basis": "PRESERVED_SPECIMEN", "dataset": null, "gbifID": "5147308470"}}, {"type": "Feature", "geometry": {"type": "Point", "coordinates": [-61.689656, 16.3306]}, "properties": {"taxon": "Anolis marmoratus", "scientificName": "Anolis marmoratus Dum\u00e9ril & Bibron, 1837", "date": "1988-08-01", "basis": "PRESERVED_SPECIMEN", "dataset": null, "gbifID": "5147308471"}}, {"type": "Feature", "geometry": {"type": "Point", "coordinates": [-61.772066, 16.15837]}, "properties": {"taxon": "Anolis marmoratus", "scientificName": "Anolis marmoratus Dum\u00e9ril & Bibron, 1837", "date": "1988-08-05", "basis": "PRESERVED_SPECIMEN", "dataset": null, "gbifID": "5147308472"}}, {"type": "Feature", "geometry": {"type": "Point", "coordinates": [-61.572996, 16.11208]}, "properties": {"taxon": "Anolis marmoratus", "scientificName": "Anolis marmoratus Dum\u00e9ril & Bibron, 1837", "date": "1988-08-04", "basis": "PRESERVED_SPECIMEN", "dataset": null, "gbifID": "5147313471"}}, {"type": "Feature", "geometry": {"type": "Point", "coordinates": [-61.749106, 16.02689]}, "properties": {"taxon": "Anolis marmoratus", "scientificName": "Anolis marmoratus Dum\u00e9ril & Bibron, 1837", "date": "1988-08-05", "basis": "PRESERVED_SPECIMEN", "dataset": null, "gbifID": "5147313472"}}, {"type": "Feature", "geometry": {"type": "Point", "coordinates": [-61.659106, 16.04263]}, "properties": {"taxon": "Anolis marmoratus", "scientificName": "Anolis marmoratus Dum\u00e9ril & Bibron, 1837", "date": "1988-08-11", "basis": "PRESERVED_SPECIMEN", "dataset": null, "gbifID": "5147313473"}}, {"type": "Feature", "geometry": {"type": "Point", "coordinates": [-61.749106, 16.02689]}, "properties": {"taxon": "Anolis marmoratus", "scientificName": "Anolis marmoratus Dum\u00e9ril & Bibron, 1837", "date": "1988-08-13", "basis": "PRESERVED_SPECIMEN", "dataset": null, "gbifID": "5147313474"}}, {"type": "Feature", "geometry": {"type": "Point", "coordinates": [-61.567436, 16.11485]}, "properties": {"taxon": "Anolis marmoratus", "scientificName": "Anolis marmoratus Dum\u00e9ril & Bibron, 1837", "date": "1988-08-04", "basis": "PRESERVED_SPECIMEN", "dataset": null, "gbifID": "5147320467"}}, {"type": "Feature", "geometry": {"type": "Point", "coordinates": [-61.561886, 16.10745]}, "properties": {"taxon": "Anolis marmoratus", "scientificName": "Anolis marmoratus Dum\u00e9ril & Bibron, 1837", "date": "1988-08-04", "basis": "PRESERVED_SPECIMEN", "dataset": null, "gbifID": "5147320468"}}, {"type": "Feature", "geometry": {"type": "Point", "coordinates": [-61.666516, 15.99263]}, "properties": {"taxon": "Anolis marmoratus", "scientificName": "Anolis marmoratus Dum\u00e9ril & Bibron, 1837", "date": "1988-08-09", "basis": "PRESERVED_SPECIMEN", "dataset": null, "gbifID": "5147320469"}}, {"type": "Feature", "geometry": {"type": "Point", "coordinates": [-61.775776, 16.188]}, "properties": {"taxon": "Anolis marmoratus", "scientificName": "Anolis marmoratus Dum\u00e9ril & Bibron, 1837", "date": "1988-08-10", "basis": "PRESERVED_SPECIMEN", "dataset": null, "gbifID": "5147320470"}}, {"type": "Feature", "geometry": {"type": "Point", "coordinates": [-61.689656, 16.3306]}, "properties": {"taxon": "Anolis marmoratus", "scientificName": "Anolis marmoratus Dum\u00e9ril & Bibron, 1837", "date": "1988-08-01", "basis": "PRESERVED_SPECIMEN", "dataset": null, "gbifID": "5147419468"}}, {"type": "Feature", "geometry": {"type": "Point", "coordinates": [-61.772066, 16.15837]}, "properties": {"taxon": "Anolis marmoratus", "scientificName": "Anolis marmoratus Dum\u00e9ril & Bibron, 1837", "date": "1988-08-05", "basis": "PRESERVED_SPECIMEN", "dataset": null, "gbifID": "5147419469"}}, {"type": "Feature", "geometry": {"type": "Point", "coordinates": [-61.567436, 16.11485]}, "properties": {"taxon": "Anolis marmoratus", "scientificName": "Anolis marmoratus Dum\u00e9ril & Bibron, 1837", "date": "1988-08-04", "basis": "PRESERVED_SPECIMEN", "dataset": null, "gbifID": "5147421472"}}, {"type": "Feature", "geometry": {"type": "Point", "coordinates": [-61.614656, 15.99171]}, "properties": {"taxon": "Anolis marmoratus", "scientificName": "Anolis marmoratus Dum\u00e9ril & Bibron, 1837", "date": "1988-08-09", "basis": "PRESERVED_SPECIMEN", "dataset": null, "gbifID": "5147421473"}}, {"type": "Feature", "geometry": {"type": "Point", "coordinates": [-61.567436, 16.11485]}, "properties": {"taxon": "Anolis marmoratus", "scientificName": "Anolis marmoratus Dum\u00e9ril & Bibron, 1837", "date": "1988-08-04", "basis": "PRESERVED_SPECIMEN", "dataset": null, "gbifID": "5147422469"}}, {"type": "Feature", "geometry": {"type": "Point", "coordinates": [-61.561886, 16.10745]}, "properties": {"taxon": "Anolis marmoratus", "scientificName": "Anolis marmoratus Dum\u00e9ril & Bibron, 1837", "date": "1988-08-04", "basis": "PRESERVED_SPECIMEN", "dataset": null, "gbifID": "5147422470"}}, {"type": "Feature", "geometry": {"type": "Point", "coordinates": [-61.666516, 15.99263]}, "properties": {"taxon": "Anolis marmoratus", "scientificName": "Anolis marmoratus Dum\u00e9ril & Bibron, 1837", "date": "1988-08-09", "basis": "PRESERVED_SPECIMEN", "dataset": null, "gbifID": "5147422471"}}, {"type": "Feature", "geometry": {"type": "Point", "coordinates": [-61.710956, 15.98708]}, "properties": {"taxon": "Anolis marmoratus", "scientificName": "Anolis marmoratus Dum\u00e9ril & Bibron, 1837", "date": "1988-08-09", "basis": "PRESERVED_SPECIMEN", "dataset": null, "gbifID": "5147422472"}}, {"type": "Feature", "geometry": {"type": "Point", "coordinates": [-61.773916, 16.22782]}, "properties": {"taxon": "Anolis marmoratus", "scientificName": "Anolis marmoratus Dum\u00e9ril & Bibron, 1837", "date": "1988-08-01", "basis": "PRESERVED_SPECIMEN", "dataset": null, "gbifID": "5147426472"}}, {"type": "Feature", "geometry": {"type": "Point", "coordinates": [-61.760956, 16.08615]}, "properties": {"taxon": "Anolis marmoratus", "scientificName": "Anolis marmoratus Dum\u00e9ril & Bibron, 1837", "date": "1988-08-05", "basis": "PRESERVED_SPECIMEN", "dataset": null, "gbifID": "5147426473"}}, {"type": "Feature", "geometry": {"type": "Point", "coordinates": [-61.773916, 16.22782]}, "properties": {"taxon": "Anolis marmoratus", "scientificName": "Anolis marmoratus Dum\u00e9ril & Bibron, 1837", "date": "1988-08-01", "basis": "PRESERVED_SPECIMEN", "dataset": null, "gbifID": "5147437467"}}, {"type": "Feature", "geometry": {"type": "Point", "coordinates": [-61.773916, 16.22782]}, "properties": {"taxon": "Anolis marmoratus", "scientificName": "Anolis marmoratus Dum\u00e9ril & Bibron, 1837", "date": "1988-08-01", "basis": "PRESERVED_SPECIMEN", "dataset": null, "gbifID": "5147437468"}}, {"type": "Feature", "geometry": {"type": "Point", "coordinates": [-61.760956, 16.08615]}, "properties": {"taxon": "Anolis marmoratus", "scientificName": "Anolis marmoratus Dum\u00e9ril & Bibron, 1837", "date": "1988-08-05", "basis": "PRESERVED_SPECIMEN", "dataset": null, "gbifID": "5147437469"}}, {"type": "Feature", "geometry": {"type": "Point", "coordinates": [-61.572996, 16.11208]}, "properties": {"taxon": "Anolis marmoratus", "scientificName": "Anolis marmoratus Dum\u00e9ril & Bibron, 1837", "date": "1988-08-04", "basis": "PRESERVED_SPECIMEN", "dataset": null, "gbifID": "5147496470"}}, {"type": "Feature", "geometry": {"type": "Point", "coordinates": [-61.659106, 16.04263]}, "properties": {"taxon": "Anolis marmoratus", "scientificName": "Anolis marmoratus Dum\u00e9ril & Bibron, 1837", "date": "1988-08-11", "basis": "PRESERVED_SPECIMEN", "dataset": null, "gbifID": "5147496471"}}, {"type": "Feature", "geometry": {"type": "Point", "coordinates": [-61.749106, 16.02689]}, "properties": {"taxon": "Anolis marmoratus", "scientificName": "Anolis marmoratus Dum\u00e9ril & Bibron, 1837", "date": "1988-08-05", "basis": "PRESERVED_SPECIMEN", "dataset": null, "gbifID": "5147498470"}}, {"type": "Feature", "geometry": {"type": "Point", "coordinates": [-61.749106, 16.02689]}, "properties": {"taxon": "Anolis marmoratus", "scientificName": "Anolis marmoratus Dum\u00e9ril & Bibron, 1837", "date": "1988-08-05", "basis": "PRESERVED_SPECIMEN", "dataset": null, "gbifID": "5147498471"}}, {"type": "Feature", "geometry": {"type": "Point", "coordinates": [-61.749106, 16.02689]}, "properties": {"taxon": "Anolis marmoratus", "scientificName": "Anolis marmoratus Dum\u00e9ril & Bibron, 1837", "date": "1988-08-13", "basis": "PRESERVED_SPECIMEN", "dataset": null, "gbifID": "5147498472"}}, {"type": "Feature", "geometry": {"type": "Point", "coordinates": [-61.559106, 16.05374]}, "properties": {"taxon": "Anolis marmoratus", "scientificName": "Anolis marmoratus Dum\u00e9ril & Bibron, 1837", "date": "1988-08-13", "basis": "PRESERVED_SPECIMEN", "dataset": null, "gbifID": "5147498473"}}, {"type": "Feature", "geometry": {"type": "Point", "coordinates": [-61.773916, 16.22782]}, "properties": {"taxon": "Anolis marmoratus", "scientificName": "Anolis marmoratus Dum\u00e9ril & Bibron, 1837", "date": "1988-08-01", "basis": "PRESERVED_SPECIMEN", "dataset": null, "gbifID": "5147499468"}}, {"type": "Feature", "geometry": {"type": "Point", "coordinates": [-61.773916, 16.22782]}, "properties": {"taxon": "Anolis marmoratus", "scientificName": "Anolis marmoratus Dum\u00e9ril & Bibron, 1837", "date": "1988-08-01", "basis": "PRESERVED_SPECIMEN", "dataset": null, "gbifID": "5147499469"}}, {"type": "Feature", "geometry": {"type": "Point", "coordinates": [-61.749106, 16.02689]}, "properties": {"taxon": "Anolis marmoratus", "scientificName": "Anolis marmoratus Dum\u00e9ril & Bibron, 1837", "date": "1988-08-05", "basis": "PRESERVED_SPECIMEN", "dataset": null, "gbifID": "5147499470"}}, {"type": "Feature", "geometry": {"type": "Point", "coordinates": [-61.561886, 16.10745]}, "properties": {"taxon": "Anolis marmoratus", "scientificName": "Anolis marmoratus Dum\u00e9ril & Bibron, 1837", "date": "1988-08-04", "basis": "PRESERVED_SPECIMEN", "dataset": null, "gbifID": "5147501468"}}, {"type": "Feature", "geometry": {"type": "Point", "coordinates": [-61.775776, 16.188]}, "properties": {"taxon": "Anolis marmoratus", "scientificName": "Anolis marmoratus Dum\u00e9ril & Bibron, 1837", "date": "1988-08-10", "basis": "PRESERVED_SPECIMEN", "dataset": null, "gbifID": "5147501469"}}, {"type": "Feature", "geometry": {"type": "Point", "coordinates": [-61.4933, 16.2069]}, "properties": {"taxon": "Anolis marmoratus", "scientificName": "Anolis marmoratus speciosus (Garman, 1887)", "date": "1985-07-10", "basis": "PRESERVED_SPECIMEN", "dataset": "NMNH Extant Biology", "gbifID": "1317531125"}}, {"type": "Feature", "geometry": {"type": "Point", "coordinates": [-61.4933, 16.2069]}, "properties": {"taxon": "Anolis marmoratus", "scientificName": "Anolis marmoratus speciosus (Garman, 1887)", "date": "1985-07-10", "basis": "PRESERVED_SPECIMEN", "dataset": "NMNH Extant Biology", "gbifID": "1317772112"}}, {"type": "Feature", "geometry": {"type": "Point", "coordinates": [-61.4933, 16.2069]}, "properties": {"taxon": "Anolis marmoratus", "scientificName": "Anolis marmoratus speciosus (Garman, 1887)", "date": "1985-07-10", "basis": "PRESERVED_SPECIMEN", "dataset": "NMNH Extant Biology", "gbifID": "1318302237"}}, {"type": "Feature", "geometry": {"type": "Point", "coordinates": [-61.4933, 16.2069]}, "properties": {"taxon": "Anolis marmoratus", "scientificName": "Anolis marmoratus speciosus (Garman, 1887)", "date": "1985-07-10", "basis": "PRESERVED_SPECIMEN", "dataset": "NMNH Extant Biology", "gbifID": "1318371592"}}, {"type": "Feature", "geometry": {"type": "Point", "coordinates": [-61.4933, 16.2069]}, "properties": {"taxon": "Anolis marmoratus", "scientificName": "Anolis marmoratus speciosus (Garman, 1887)", "date": "1985-07-10", "basis": "PRESERVED_SPECIMEN", "dataset": "NMNH Extant Biology", "gbifID": "1318472840"}}, {"type": "Feature", "geometry": {"type": "Point", "coordinates": [-61.4933, 16.2069]}, "properties": {"taxon": "Anolis marmoratus", "scientificName": "Anolis marmoratus speciosus (Garman, 1887)", "date": "1985-07-10", "basis": "PRESERVED_SPECIMEN", "dataset": "NMNH Extant Biology", "gbifID": "1319262038"}}, {"type": "Feature", "geometry": {"type": "Point", "coordinates": [-61.4933, 16.2069]}, "properties": {"taxon": "Anolis marmoratus", "scientificName": "Anolis marmoratus speciosus (Garman, 1887)", "date": "1985-07-10", "basis": "PRESERVED_SPECIMEN", "dataset": "NMNH Extant Biology", "gbifID": "1319534392"}}, {"type": "Feature", "geometry": {"type": "Point", "coordinates": [-61.4933, 16.2069]}, "properties": {"taxon": "Anolis marmoratus", "scientificName": "Anolis marmoratus speciosus (Garman, 1887)", "date": "1985-07-10", "basis": "PRESERVED_SPECIMEN", "dataset": "NMNH Extant Biology", "gbifID": "1320424873"}}, {"type": "Feature", "geometry": {"type": "Point", "coordinates": [-61.4933, 16.2069]}, "properties": {"taxon": "Anolis marmoratus", "scientificName": "Anolis marmoratus speciosus (Garman, 1887)", "date": "1985-07-10", "basis": "PRESERVED_SPECIMEN", "dataset": "NMNH Extant Biology", "gbifID": "1320654280"}}, {"type": "Feature", "geometry": {"type": "Point", "coordinates": [-61.4933, 16.2069]}, "properties": {"taxon": "Anolis marmoratus", "scientificName": "Anolis marmoratus speciosus (Garman, 1887)", "date": "1985-07-10", "basis": "PRESERVED_SPECIMEN", "dataset": "NMNH Extant Biology", "gbifID": "1320707768"}}, {"type": "Feature", "geometry": {"type": "Point", "coordinates": [-61.4933, 16.2069]}, "properties": {"taxon": "Anolis marmoratus", "scientificName": "Anolis marmoratus speciosus (Garman, 1887)", "date": "1985-07-10", "basis": "PRESERVED_SPECIMEN", "dataset": "NMNH Extant Biology", "gbifID": "1320823982"}}, {"type": "Feature", "geometry": {"type": "Point", "coordinates": [-61.4933, 16.2069]}, "properties": {"taxon": "Anolis marmoratus", "scientificName": "Anolis marmoratus speciosus (Garman, 1887)", "date": "1985-07-10", "basis": "PRESERVED_SPECIMEN", "dataset": "NMNH Extant Biology", "gbifID": "1321140126"}}, {"type": "Feature", "geometry": {"type": "Point", "coordinates": [-61.4933, 16.2069]}, "properties": {"taxon": "Anolis marmoratus", "scientificName": "Anolis marmoratus speciosus (Garman, 1887)", "date": "1985-07-10", "basis": "PRESERVED_SPECIMEN", "dataset": "NMNH Extant Biology", "gbifID": "1321293973"}}, {"type": "Feature", "geometry": {"type": "Point", "coordinates": [-61.4933, 16.2069]}, "properties": {"taxon": "Anolis marmoratus", "scientificName": "Anolis marmoratus speciosus (Garman, 1887)", "date": "1985-07-10", "basis": "PRESERVED_SPECIMEN", "dataset": "NMNH Extant Biology", "gbifID": "1322337038"}}, {"type": "Feature", "geometry": {"type": "Point", "coordinates": [-61.4933, 16.2069]}, "properties": {"taxon": "Anolis marmoratus", "scientificName": "Anolis marmoratus speciosus (Garman, 1887)", "date": "1985-07-10", "basis": "PRESERVED_SPECIMEN", "dataset": "NMNH Extant Biology", "gbifID": "1322661599"}}, {"type": "Feature", "geometry": {"type": "Point", "coordinates": [-61.4933, 16.2069]}, "properties": {"taxon": "Anolis marmoratus", "scientificName": "Anolis marmoratus speciosus (Garman, 1887)", "date": "1985-07-10", "basis": "PRESERVED_SPECIMEN", "dataset": "NMNH Extant Biology", "gbifID": "1322900274"}}, {"type": "Feature", "geometry": {"type": "Point", "coordinates": [-61.4242, 16.2635]}, "properties": {"taxon": "Anolis marmoratus", "scientificName": "Anolis marmoratus speciosus (Garman, 1887)", "date": "1981-10-20", "basis": "PRESERVED_SPECIMEN", "dataset": "NMNH Extant Biology", "gbifID": "1319532364"}}, {"type": "Feature", "geometry": {"type": "Point", "coordinates": [-61.4242, 16.2635]}, "properties": {"taxon": "Anolis marmoratus", "scientificName": "Anolis marmoratus speciosus (Garman, 1887)", "date": "1981-10-20", "basis": "PRESERVED_SPECIMEN", "dataset": "NMNH Extant Biology", "gbifID": "1320000526"}}, {"type": "Feature", "geometry": {"type": "Point", "coordinates": [-61.55111, 16.25939]}, "properties": {"taxon": "Anolis marmoratus", "scientificName": "Anolis marmoratus girafus Lazell, 1964", "date": "1978-07-06", "basis": "PRESERVED_SPECIMEN", "dataset": null, "gbifID": "476499285"}}, {"type": "Feature", "geometry": {"type": "Point", "coordinates": [-61.55111, 16.25939]}, "properties": {"taxon": "Anolis marmoratus", "scientificName": "Anolis marmoratus girafus Lazell, 1964", "date": "1978-07-06", "basis": "PRESERVED_SPECIMEN", "dataset": null, "gbifID": "476701529"}}, {"type": "Feature", "geometry": {"type": "Point", "coordinates": [-61.55111, 16.25939]}, "properties": {"taxon": "Anolis marmoratus", "scientificName": "Anolis marmoratus girafus Lazell, 1964", "date": "1978-07-06", "basis": "PRESERVED_SPECIMEN", "dataset": null, "gbifID": "476701530"}}, {"type": "Feature", "geometry": {"type": "Point", "coordinates": [-61.55111, 16.25939]}, "properties": {"taxon": "Anolis marmoratus", "scientificName": "Anolis marmoratus girafus Lazell, 1964", "date": "1978-07-06", "basis": "PRESERVED_SPECIMEN", "dataset": null, "gbifID": "476701531"}}, {"type": "Feature", "geometry": {"type": "Point", "coordinates": [-61.55111, 16.25939]}, "properties": {"taxon": "Anolis marmoratus", "scientificName": "Anolis marmoratus girafus Lazell, 1964", "date": "1978-07-06", "basis": "PRESERVED_SPECIMEN", "dataset": null, "gbifID": "476701532"}}, {"type": "Feature", "geometry": {"type": "Point", "coordinates": [-61.55111, 16.25939]}, "properties": {"taxon": "Anolis marmoratus", "scientificName": "Anolis marmoratus girafus Lazell, 1964", "date": "1978-07-06", "basis": "PRESERVED_SPECIMEN", "dataset": null, "gbifID": "476701533"}}, {"type": "Feature", "geometry": {"type": "Point", "coordinates": [-61.55111, 16.25939]}, "properties": {"taxon": "Anolis marmoratus", "scientificName": "Anolis marmoratus girafus Lazell, 1964", "date": "1978-07-06", "basis": "PRESERVED_SPECIMEN", "dataset": null, "gbifID": "476701534"}}, {"type": "Feature", "geometry": {"type": "Point", "coordinates": [-61.55111, 16.25939]}, "properties": {"taxon": "Anolis marmoratus", "scientificName": "Anolis marmoratus girafus Lazell, 1964", "date": "1978-07-06", "basis": "PRESERVED_SPECIMEN", "dataset": null, "gbifID": "476701631"}}, {"type": "Feature", "geometry": {"type": "Point", "coordinates": [-61.55111, 16.25939]}, "properties": {"taxon": "Anolis marmoratus", "scientificName": "Anolis marmoratus girafus Lazell, 1964", "date": "1978-07-06", "basis": "PRESERVED_SPECIMEN", "dataset": null, "gbifID": "476701632"}}, {"type": "Feature", "geometry": {"type": "Point", "coordinates": [-61.55111, 16.25939]}, "properties": {"taxon": "Anolis marmoratus", "scientificName": "Anolis marmoratus girafus Lazell, 1964", "date": "1978-07-06", "basis": "PRESERVED_SPECIMEN", "dataset": null, "gbifID": "476701633"}}, {"type": "Feature", "geometry": {"type": "Point", "coordinates": [-61.55111, 16.25939]}, "properties": {"taxon": "Anolis marmoratus", "scientificName": "Anolis marmoratus girafus Lazell, 1964", "date": "1978-07-06", "basis": "PRESERVED_SPECIMEN", "dataset": null, "gbifID": "476701634"}}, {"type": "Feature", "geometry": {"type": "Point", "coordinates": [-61.55111, 16.25939]}, "properties": {"taxon": "Anolis marmoratus", "scientificName": "Anolis marmoratus girafus Lazell, 1964", "date": "1978-07-06", "basis": "PRESERVED_SPECIMEN", "dataset": null, "gbifID": "476701635"}}, {"type": "Feature", "geometry": {"type": "Point", "coordinates": [-61.55111, 16.25939]}, "properties": {"taxon": "Anolis marmoratus", "scientificName": "Anolis marmoratus girafus Lazell, 1964", "date": "1978-07-06", "basis": "PRESERVED_SPECIMEN", "dataset": null, "gbifID": "476701636"}}, {"type": "Feature", "geometry": {"type": "Point", "coordinates": [-61.55111, 16.25939]}, "properties": {"taxon": "Anolis marmoratus", "scientificName": "Anolis marmoratus girafus Lazell, 1964", "date": "1978-07-06", "basis": "PRESERVED_SPECIMEN", "dataset": null, "gbifID": "476795062"}}, {"type": "Feature", "geometry": {"type": "Point", "coordinates": [-61.5343, 16.2422]}, "properties": {"taxon": "Anolis marmoratus", "scientificName": "Anolis marmoratus speciosus (Garman, 1887)", "date": "1978-08-04", "basis": "PRESERVED_SPECIMEN", "dataset": null, "gbifID": "476496688"}}, {"type": "Feature", "geometry": {"type": "Point", "coordinates": [-61.5343, 16.2422]}, "properties": {"taxon": "Anolis marmoratus", "scientificName": "Anolis marmoratus speciosus (Garman, 1887)", "date": "1978-08-04", "basis": "PRESERVED_SPECIMEN", "dataset": null, "gbifID": "476496689"}}, {"type": "Feature", "geometry": {"type": "Point", "coordinates": [-61.5667, 16.05]}, "properties": {"taxon": "Anolis marmoratus", "scientificName": "Anolis marmoratus marmoratus Dum\u00e9ril & Bibron, 1837", "date": "1978-08-05", "basis": "PRESERVED_SPECIMEN", "dataset": null, "gbifID": "476500731"}}, {"type": "Feature", "geometry": {"type": "Point", "coordinates": [-61.5667, 16.05]}, "properties": {"taxon": "Anolis marmoratus", "scientificName": "Anolis marmoratus marmoratus Dum\u00e9ril & Bibron, 1837", "date": "1978-08-05", "basis": "PRESERVED_SPECIMEN", "dataset": null, "gbifID": "476500732"}}, {"type": "Feature", "geometry": {"type": "Point", "coordinates": [-61.5667, 16.05]}, "properties": {"taxon": "Anolis marmoratus", "scientificName": "Anolis marmoratus marmoratus Dum\u00e9ril & Bibron, 1837", "date": "1978-08-05", "basis": "PRESERVED_SPECIMEN", "dataset": null, "gbifID": "476500733"}}, {"type": "Feature", "geometry": {"type": "Point", "coordinates": [-61.5667, 16.05]}, "properties": {"taxon": "Anolis marmoratus", "scientificName": "Anolis marmoratus marmoratus Dum\u00e9ril & Bibron, 1837", "date": "1978-08-05", "basis": "PRESERVED_SPECIMEN", "dataset": null, "gbifID": "476500734"}}, {"type": "Feature", "geometry": {"type": "Point", "coordinates": [-61.5667, 16.05]}, "properties": {"taxon": "Anolis marmoratus", "scientificName": "Anolis marmoratus marmoratus Dum\u00e9ril & Bibron, 1837", "date": "1978-08-05", "basis": "PRESERVED_SPECIMEN", "dataset": null, "gbifID": "476501236"}}, {"type": "Feature", "geometry": {"type": "Point", "coordinates": [-61.5667, 16.05]}, "properties": {"taxon": "Anolis marmoratus", "scientificName": "Anolis marmoratus marmoratus Dum\u00e9ril & Bibron, 1837", "date": "1978-08-05", "basis": "PRESERVED_SPECIMEN", "dataset": null, "gbifID": "476501257"}}, {"type": "Feature", "geometry": {"type": "Point", "coordinates": [-61.5343, 16.2422]}, "properties": {"taxon": "Anolis marmoratus", "scientificName": "Anolis marmoratus speciosus (Garman, 1887)", "date": "1978-08-04", "basis": "PRESERVED_SPECIMEN", "dataset": null, "gbifID": "476502484"}}, {"type": "Feature", "geometry": {"type": "Point", "coordinates": [-61.5343, 16.2422]}, "properties": {"taxon": "Anolis marmoratus", "scientificName": "Anolis marmoratus speciosus (Garman, 1887)", "date": "1978-08-04", "basis": "PRESERVED_SPECIMEN", "dataset": null, "gbifID": "476502485"}}, {"type": "Feature", "geometry": {"type": "Point", "coordinates": [-61.5343, 16.2422]}, "properties": {"taxon": "Anolis marmoratus", "scientificName": "Anolis marmoratus speciosus (Garman, 1887)", "date": "1978-08-04", "basis": "PRESERVED_SPECIMEN", "dataset": null, "gbifID": "476502503"}}, {"type": "Feature", "geometry": {"type": "Point", "coordinates": [-61.5343, 16.2422]}, "properties": {"taxon": "Anolis marmoratus", "scientificName": "Anolis marmoratus speciosus (Garman, 1887)", "date": "1978-08-04", "basis": "PRESERVED_SPECIMEN", "dataset": null, "gbifID": "476502504"}}, {"type": "Feature", "geometry": {"type": "Point", "coordinates": [-61.5343, 16.2422]}, "properties": {"taxon": "Anolis marmoratus", "scientificName": "Anolis marmoratus speciosus (Garman, 1887)", "date": "1978-08-04", "basis": "PRESERVED_SPECIMEN", "dataset": null, "gbifID": "476503637"}}, {"type": "Feature", "geometry": {"type": "Point", "coordinates": [-61.5343, 16.2422]}, "properties": {"taxon": "Anolis marmoratus", "scientificName": "Anolis marmoratus speciosus (Garman, 1887)", "date": "1978-08-04", "basis": "PRESERVED_SPECIMEN", "dataset": null, "gbifID": "476503638"}}, {"type": "Feature", "geometry": {"type": "Point", "coordinates": [-61.39549, 16.21785]}, "properties": {"taxon": "Anolis marmoratus", "scientificName": "Anolis marmoratus speciosus (Garman, 1887)", "date": "1978-08-04", "basis": "PRESERVED_SPECIMEN", "dataset": null, "gbifID": "476503639"}}, {"type": "Feature", "geometry": {"type": "Point", "coordinates": [-61.5667, 16.05]}, "properties": {"taxon": "Anolis marmoratus", "scientificName": "Anolis marmoratus marmoratus Dum\u00e9ril & Bibron, 1837", "date": "1978-08-05", "basis": "PRESERVED_SPECIMEN", "dataset": null, "gbifID": "476503648"}}, {"type": "Feature", "geometry": {"type": "Point", "coordinates": [-61.5667, 16.05]}, "properties": {"taxon": "Anolis marmoratus", "scientificName": "Anolis marmoratus marmoratus Dum\u00e9ril & Bibron, 1837", "date": "1978-08-05", "basis": "PRESERVED_SPECIMEN", "dataset": null, "gbifID": "476503669"}}, {"type": "Feature", "geometry": {"type": "Point", "coordinates": [-61.5667, 16.05]}, "properties": {"taxon": "Anolis marmoratus", "scientificName": "Anolis marmoratus marmoratus Dum\u00e9ril & Bibron, 1837", "date": "1978-08-05", "basis": "PRESERVED_SPECIMEN", "dataset": null, "gbifID": "476503670"}}, {"type": "Feature", "geometry": {"type": "Point", "coordinates": [-61.5667, 16.05]}, "properties": {"taxon": "Anolis marmoratus", "scientificName": "Anolis marmoratus marmoratus Dum\u00e9ril & Bibron, 1837", "date": "1978-08-05", "basis": "PRESERVED_SPECIMEN", "dataset": null, "gbifID": "476503671"}}, {"type": "Feature", "geometry": {"type": "Point", "coordinates": [-61.5667, 16.05]}, "properties": {"taxon": "Anolis marmoratus", "scientificName": "Anolis marmoratus marmoratus Dum\u00e9ril & Bibron, 1837", "date": "1978-08-05", "basis": "PRESERVED_SPECIMEN", "dataset": null, "gbifID": "476503672"}}, {"type": "Feature", "geometry": {"type": "Point", "coordinates": [-61.5667, 16.05]}, "properties": {"taxon": "Anolis marmoratus", "scientificName": "Anolis marmoratus marmoratus Dum\u00e9ril & Bibron, 1837", "date": "1978-08-05", "basis": "PRESERVED_SPECIMEN", "dataset": null, "gbifID": "476503673"}}, {"type": "Feature", "geometry": {"type": "Point", "coordinates": [-61.5343, 16.2422]}, "properties": {"taxon": "Anolis marmoratus", "scientificName": "Anolis marmoratus speciosus (Garman, 1887)", "date": "1978-08-04", "basis": "PRESERVED_SPECIMEN", "dataset": null, "gbifID": "476691847"}}, {"type": "Feature", "geometry": {"type": "Point", "coordinates": [-61.5343, 16.2422]}, "properties": {"taxon": "Anolis marmoratus", "scientificName": "Anolis marmoratus speciosus (Garman, 1887)", "date": "1978-08-04", "basis": "PRESERVED_SPECIMEN", "dataset": null, "gbifID": "476691943"}}, {"type": "Feature", "geometry": {"type": "Point", "coordinates": [-61.5343, 16.2422]}, "properties": {"taxon": "Anolis marmoratus", "scientificName": "Anolis marmoratus speciosus (Garman, 1887)", "date": "1978-08-04", "basis": "PRESERVED_SPECIMEN", "dataset": null, "gbifID": "476691944"}}, {"type": "Feature", "geometry": {"type": "Point", "coordinates": [-61.5343, 16.2422]}, "properties": {"taxon": "Anolis marmoratus", "scientificName": "Anolis marmoratus speciosus (Garman, 1887)", "date": "1978-08-04", "basis": "PRESERVED_SPECIMEN", "dataset": null, "gbifID": "476691945"}}, {"type": "Feature", "geometry": {"type": "Point", "coordinates": [-61.5343, 16.2422]}, "properties": {"taxon": "Anolis marmoratus", "scientificName": "Anolis marmoratus speciosus (Garman, 1887)", "date": "1978-08-04", "basis": "PRESERVED_SPECIMEN", "dataset": null, "gbifID": "476691946"}}, {"type": "Feature", "geometry": {"type": "Point", "coordinates": [-61.5343, 16.2422]}, "properties": {"taxon": "Anolis marmoratus", "scientificName": "Anolis marmoratus speciosus (Garman, 1887)", "date": "1978-08-04", "basis": "PRESERVED_SPECIMEN", "dataset": null, "gbifID": "476691947"}}, {"type": "Feature", "geometry": {"type": "Point", "coordinates": [-61.5343, 16.2422]}, "properties": {"taxon": "Anolis marmoratus", "scientificName": "Anolis marmoratus speciosus (Garman, 1887)", "date": "1978-08-04", "basis": "PRESERVED_SPECIMEN", "dataset": null, "gbifID": "476691948"}}, {"type": "Feature", "geometry": {"type": "Point", "coordinates": [-61.5343, 16.2422]}, "properties": {"taxon": "Anolis marmoratus", "scientificName": "Anolis marmoratus speciosus (Garman, 1887)", "date": "1978-08-04", "basis": "PRESERVED_SPECIMEN", "dataset": null, "gbifID": "476691949"}}, {"type": "Feature", "geometry": {"type": "Point", "coordinates": [-61.5343, 16.2422]}, "properties": {"taxon": "Anolis marmoratus", "scientificName": "Anolis marmoratus speciosus (Garman, 1887)", "date": "1978-08-04", "basis": "PRESERVED_SPECIMEN", "dataset": null, "gbifID": "476692048"}}, {"type": "Feature", "geometry": {"type": "Point", "coordinates": [-61.5343, 16.2422]}, "properties": {"taxon": "Anolis marmoratus", "scientificName": "Anolis marmoratus speciosus (Garman, 1887)", "date": "1978-08-04", "basis": "PRESERVED_SPECIMEN", "dataset": null, "gbifID": "476692049"}}, {"type": "Feature", "geometry": {"type": "Point", "coordinates": [-61.5343, 16.2422]}, "properties": {"taxon": "Anolis marmoratus", "scientificName": "Anolis marmoratus speciosus (Garman, 1887)", "date": "1978-08-04", "basis": "PRESERVED_SPECIMEN", "dataset": null, "gbifID": "476692050"}}, {"type": "Feature", "geometry": {"type": "Point", "coordinates": [-61.5343, 16.2422]}, "properties": {"taxon": "Anolis marmoratus", "scientificName": "Anolis marmoratus speciosus (Garman, 1887)", "date": "1978-08-04", "basis": "PRESERVED_SPECIMEN", "dataset": null, "gbifID": "476692051"}}, {"type": "Feature", "geometry": {"type": "Point", "coordinates": [-61.5343, 16.2422]}, "properties": {"taxon": "Anolis marmoratus", "scientificName": "Anolis marmoratus speciosus (Garman, 1887)", "date": "1978-08-04", "basis": "PRESERVED_SPECIMEN", "dataset": null, "gbifID": "476692052"}}, {"type": "Feature", "geometry": {"type": "Point", "coordinates": [-61.5343, 16.2422]}, "properties": {"taxon": "Anolis marmoratus", "scientificName": "Anolis marmoratus speciosus (Garman, 1887)", "date": "1978-08-04", "basis": "PRESERVED_SPECIMEN", "dataset": null, "gbifID": "476692053"}}, {"type": "Feature", "geometry": {"type": "Point", "coordinates": [-61.5343, 16.2422]}, "properties": {"taxon": "Anolis marmoratus", "scientificName": "Anolis marmoratus speciosus (Garman, 1887)", "date": "1978-08-04", "basis": "PRESERVED_SPECIMEN", "dataset": null, "gbifID": "476692054"}}, {"type": "Feature", "geometry": {"type": "Point", "coordinates": [-61.5343, 16.2422]}, "properties": {"taxon": "Anolis marmoratus", "scientificName": "Anolis marmoratus speciosus (Garman, 1887)", "date": "1978-08-04", "basis": "PRESERVED_SPECIMEN", "dataset": null, "gbifID": "476692153"}}, {"type": "Feature", "geometry": {"type": "Point", "coordinates": [-61.5343, 16.2422]}, "properties": {"taxon": "Anolis marmoratus", "scientificName": "Anolis marmoratus speciosus (Garman, 1887)", "date": "1978-08-04", "basis": "PRESERVED_SPECIMEN", "dataset": null, "gbifID": "476692154"}}, {"type": "Feature", "geometry": {"type": "Point", "coordinates": [-61.5343, 16.2422]}, "properties": {"taxon": "Anolis marmoratus", "scientificName": "Anolis marmoratus speciosus (Garman, 1887)", "date": "1978-08-04", "basis": "PRESERVED_SPECIMEN", "dataset": null, "gbifID": "476692155"}}, {"type": "Feature", "geometry": {"type": "Point", "coordinates": [-61.5343, 16.2422]}, "properties": {"taxon": "Anolis marmoratus", "scientificName": "Anolis marmoratus speciosus (Garman, 1887)", "date": "1978-08-04", "basis": "PRESERVED_SPECIMEN", "dataset": null, "gbifID": "476692156"}}, {"type": "Feature", "geometry": {"type": "Point", "coordinates": [-61.5343, 16.2422]}, "properties": {"taxon": "Anolis marmoratus", "scientificName": "Anolis marmoratus speciosus (Garman, 1887)", "date": "1978-08-04", "basis": "PRESERVED_SPECIMEN", "dataset": null, "gbifID": "476692157"}}, {"type": "Feature", "geometry": {"type": "Point", "coordinates": [-61.5343, 16.2422]}, "properties": {"taxon": "Anolis marmoratus", "scientificName": "Anolis marmoratus speciosus (Garman, 1887)", "date": "1978-08-04", "basis": "PRESERVED_SPECIMEN", "dataset": null, "gbifID": "476692158"}}, {"type": "Feature", "geometry": {"type": "Point", "coordinates": [-61.5667, 16.05]}, "properties": {"taxon": "Anolis marmoratus", "scientificName": "Anolis marmoratus marmoratus Dum\u00e9ril & Bibron, 1837", "date": "1978-08-05", "basis": "PRESERVED_SPECIMEN", "dataset": null, "gbifID": "476713745"}}, {"type": "Feature", "geometry": {"type": "Point", "coordinates": [-61.5667, 16.05]}, "properties": {"taxon": "Anolis marmoratus", "scientificName": "Anolis marmoratus marmoratus Dum\u00e9ril & Bibron, 1837", "date": "1978-08-05", "basis": "PRESERVED_SPECIMEN", "dataset": null, "gbifID": "476713746"}}, {"type": "Feature", "geometry": {"type": "Point", "coordinates": [-61.5667, 16.05]}, "properties": {"taxon": "Anolis marmoratus", "scientificName": "Anolis marmoratus marmoratus Dum\u00e9ril & Bibron, 1837", "date": "1978-08-05", "basis": "PRESERVED_SPECIMEN", "dataset": null, "gbifID": "476713747"}}, {"type": "Feature", "geometry": {"type": "Point", "coordinates": [-61.5667, 16.05]}, "properties": {"taxon": "Anolis marmoratus", "scientificName": "Anolis marmoratus marmoratus Dum\u00e9ril & Bibron, 1837", "date": "1978-08-05", "basis": "PRESERVED_SPECIMEN", "dataset": null, "gbifID": "476713748"}}, {"type": "Feature", "geometry": {"type": "Point", "coordinates": [-61.5667, 16.05]}, "properties": {"taxon": "Anolis marmoratus", "scientificName": "Anolis marmoratus marmoratus Dum\u00e9ril & Bibron, 1837", "date": "1978-08-05", "basis": "PRESERVED_SPECIMEN", "dataset": null, "gbifID": "476713749"}}, {"type": "Feature", "geometry": {"type": "Point", "coordinates": [-61.5667, 16.05]}, "properties": {"taxon": "Anolis marmoratus", "scientificName": "Anolis marmoratus marmoratus Dum\u00e9ril & Bibron, 1837", "date": "1978-08-05", "basis": "PRESERVED_SPECIMEN", "dataset": null, "gbifID": "476713750"}}, {"type": "Feature", "geometry": {"type": "Point", "coordinates": [-61.5667, 16.05]}, "properties": {"taxon": "Anolis marmoratus", "scientificName": "Anolis marmoratus marmoratus Dum\u00e9ril & Bibron, 1837", "date": "1978-08-05", "basis": "PRESERVED_SPECIMEN", "dataset": null, "gbifID": "476713853"}}, {"type": "Feature", "geometry": {"type": "Point", "coordinates": [-61.5667, 16.05]}, "properties": {"taxon": "Anolis marmoratus", "scientificName": "Anolis marmoratus marmoratus Dum\u00e9ril & Bibron, 1837", "date": "1978-08-05", "basis": "PRESERVED_SPECIMEN", "dataset": null, "gbifID": "476713854"}}, {"type": "Feature", "geometry": {"type": "Point", "coordinates": [-61.5667, 16.05]}, "properties": {"taxon": "Anolis marmoratus", "scientificName": "Anolis marmoratus marmoratus Dum\u00e9ril & Bibron, 1837", "date": "1978-08-05", "basis": "PRESERVED_SPECIMEN", "dataset": null, "gbifID": "476713855"}}, {"type": "Feature", "geometry": {"type": "Point", "coordinates": [-61.5667, 16.05]}, "properties": {"taxon": "Anolis marmoratus", "scientificName": "Anolis marmoratus marmoratus Dum\u00e9ril & Bibron, 1837", "date": "1978-08-05", "basis": "PRESERVED_SPECIMEN", "dataset": null, "gbifID": "476713856"}}, {"type": "Feature", "geometry": {"type": "Point", "coordinates": [-61.5667, 16.05]}, "properties": {"taxon": "Anolis marmoratus", "scientificName": "Anolis marmoratus marmoratus Dum\u00e9ril & Bibron, 1837", "date": "1978-08-05", "basis": "PRESERVED_SPECIMEN", "dataset": null, "gbifID": "476713857"}}, {"type": "Feature", "geometry": {"type": "Point", "coordinates": [-61.5667, 16.05]}, "properties": {"taxon": "Anolis marmoratus", "scientificName": "Anolis marmoratus marmoratus Dum\u00e9ril & Bibron, 1837", "date": "1978-08-05", "basis": "PRESERVED_SPECIMEN", "dataset": null, "gbifID": "476713858"}}, {"type": "Feature", "geometry": {"type": "Point", "coordinates": [-61.5667, 16.05]}, "properties": {"taxon": "Anolis marmoratus", "scientificName": "Anolis marmoratus marmoratus Dum\u00e9ril & Bibron, 1837", "date": "1978-08-05", "basis": "PRESERVED_SPECIMEN", "dataset": null, "gbifID": "476713859"}}, {"type": "Feature", "geometry": {"type": "Point", "coordinates": [-61.5667, 16.05]}, "properties": {"taxon": "Anolis marmoratus", "scientificName": "Anolis marmoratus marmoratus Dum\u00e9ril & Bibron, 1837", "date": "1978-08-05", "basis": "PRESERVED_SPECIMEN", "dataset": null, "gbifID": "476713961"}}, {"type": "Feature", "geometry": {"type": "Point", "coordinates": [-61.5667, 16.05]}, "properties": {"taxon": "Anolis marmoratus", "scientificName": "Anolis marmoratus marmoratus Dum\u00e9ril & Bibron, 1837", "date": "1978-08-05", "basis": "PRESERVED_SPECIMEN", "dataset": null, "gbifID": "476713962"}}, {"type": "Feature", "geometry": {"type": "Point", "coordinates": [-61.5667, 16.05]}, "properties": {"taxon": "Anolis marmoratus", "scientificName": "Anolis marmoratus marmoratus Dum\u00e9ril & Bibron, 1837", "date": "1978-08-05", "basis": "PRESERVED_SPECIMEN", "dataset": null, "gbifID": "476713963"}}, {"type": "Feature", "geometry": {"type": "Point", "coordinates": [-61.5667, 16.05]}, "properties": {"taxon": "Anolis marmoratus", "scientificName": "Anolis marmoratus marmoratus Dum\u00e9ril & Bibron, 1837", "date": "1978-08-05", "basis": "PRESERVED_SPECIMEN", "dataset": null, "gbifID": "476713964"}}, {"type": "Feature", "geometry": {"type": "Point", "coordinates": [-61.5667, 16.05]}, "properties": {"taxon": "Anolis marmoratus", "scientificName": "Anolis marmoratus marmoratus Dum\u00e9ril & Bibron, 1837", "date": "1978-08-05", "basis": "PRESERVED_SPECIMEN", "dataset": null, "gbifID": "476713965"}}, {"type": "Feature", "geometry": {"type": "Point", "coordinates": [-61.5667, 16.05]}, "properties": {"taxon": "Anolis marmoratus", "scientificName": "Anolis marmoratus marmoratus Dum\u00e9ril & Bibron, 1837", "date": "1978-08-05", "basis": "PRESERVED_SPECIMEN", "dataset": null, "gbifID": "476713966"}}, {"type": "Feature", "geometry": {"type": "Point", "coordinates": [-61.5667, 16.05]}, "properties": {"taxon": "Anolis marmoratus", "scientificName": "Anolis marmoratus marmoratus Dum\u00e9ril & Bibron, 1837", "date": "1978-08-05", "basis": "PRESERVED_SPECIMEN", "dataset": null, "gbifID": "476713967"}}, {"type": "Feature", "geometry": {"type": "Point", "coordinates": [-61.53408, 16.23722]}, "properties": {"taxon": "Anolis marmoratus", "scientificName": "Anolis marmoratus speciosus (Garman, 1887)", "date": "1978-08-04", "basis": "PRESERVED_SPECIMEN", "dataset": null, "gbifID": "476714061"}}, {"type": "Feature", "geometry": {"type": "Point", "coordinates": [-61.5667, 16.05]}, "properties": {"taxon": "Anolis marmoratus", "scientificName": "Anolis marmoratus marmoratus Dum\u00e9ril & Bibron, 1837", "date": "1978-08-05", "basis": "PRESERVED_SPECIMEN", "dataset": null, "gbifID": "476714067"}}, {"type": "Feature", "geometry": {"type": "Point", "coordinates": [-61.5667, 16.05]}, "properties": {"taxon": "Anolis marmoratus", "scientificName": "Anolis marmoratus marmoratus Dum\u00e9ril & Bibron, 1837", "date": "1978-08-05", "basis": "PRESERVED_SPECIMEN", "dataset": null, "gbifID": "476714068"}}, {"type": "Feature", "geometry": {"type": "Point", "coordinates": [-61.5667, 16.05]}, "properties": {"taxon": "Anolis marmoratus", "scientificName": "Anolis marmoratus marmoratus Dum\u00e9ril & Bibron, 1837", "date": "1978-08-05", "basis": "PRESERVED_SPECIMEN", "dataset": null, "gbifID": "476718701"}}, {"type": "Feature", "geometry": {"type": "Point", "coordinates": [-61.5667, 16.05]}, "properties": {"taxon": "Anolis marmoratus", "scientificName": "Anolis marmoratus marmoratus Dum\u00e9ril & Bibron, 1837", "date": "1978-08-05", "basis": "PRESERVED_SPECIMEN", "dataset": null, "gbifID": "476718702"}}, {"type": "Feature", "geometry": {"type": "Point", "coordinates": [-61.5667, 16.05]}, "properties": {"taxon": "Anolis marmoratus", "scientificName": "Anolis marmoratus marmoratus Dum\u00e9ril & Bibron, 1837", "date": "1978-08-05", "basis": "PRESERVED_SPECIMEN", "dataset": null, "gbifID": "476719865"}}, {"type": "Feature", "geometry": {"type": "Point", "coordinates": [-61.5343, 16.2422]}, "properties": {"taxon": "Anolis marmoratus", "scientificName": "Anolis marmoratus speciosus (Garman, 1887)", "date": "1978-08-04", "basis": "PRESERVED_SPECIMEN", "dataset": null, "gbifID": "476732543"}}, {"type": "Feature", "geometry": {"type": "Point", "coordinates": [-61.5343, 16.2422]}, "properties": {"taxon": "Anolis marmoratus", "scientificName": "Anolis marmoratus speciosus (Garman, 1887)", "date": "1978-08-04", "basis": "PRESERVED_SPECIMEN", "dataset": null, "gbifID": "476732544"}}, {"type": "Feature", "geometry": {"type": "Point", "coordinates": [-61.5343, 16.2422]}, "properties": {"taxon": "Anolis marmoratus", "scientificName": "Anolis marmoratus speciosus (Garman, 1887)", "date": "1978-08-04", "basis": "PRESERVED_SPECIMEN", "dataset": null, "gbifID": "476732638"}}, {"type": "Feature", "geometry": {"type": "Point", "coordinates": [-61.5343, 16.2422]}, "properties": {"taxon": "Anolis marmoratus", "scientificName": "Anolis marmoratus speciosus (Garman, 1887)", "date": "1978-08-04", "basis": "PRESERVED_SPECIMEN", "dataset": null, "gbifID": "476732639"}}, {"type": "Feature", "geometry": {"type": "Point", "coordinates": [-61.5343, 16.2422]}, "properties": {"taxon": "Anolis marmoratus", "scientificName": "Anolis marmoratus speciosus (Garman, 1887)", "date": "1978-08-04", "basis": "PRESERVED_SPECIMEN", "dataset": null, "gbifID": "476732640"}}, {"type": "Feature", "geometry": {"type": "Point", "coordinates": [-61.5343, 16.2422]}, "properties": {"taxon": "Anolis marmoratus", "scientificName": "Anolis marmoratus speciosus (Garman, 1887)", "date": "1978-08-04", "basis": "PRESERVED_SPECIMEN", "dataset": null, "gbifID": "476732641"}}, {"type": "Feature", "geometry": {"type": "Point", "coordinates": [-61.5343, 16.2422]}, "properties": {"taxon": "Anolis marmoratus", "scientificName": "Anolis marmoratus speciosus (Garman, 1887)", "date": "1978-08-04", "basis": "PRESERVED_SPECIMEN", "dataset": null, "gbifID": "476732642"}}, {"type": "Feature", "geometry": {"type": "Point", "coordinates": [-61.5343, 16.2422]}, "properties": {"taxon": "Anolis marmoratus", "scientificName": "Anolis marmoratus speciosus (Garman, 1887)", "date": "1978-08-04", "basis": "PRESERVED_SPECIMEN", "dataset": null, "gbifID": "476732643"}}, {"type": "Feature", "geometry": {"type": "Point", "coordinates": [-61.5343, 16.2422]}, "properties": {"taxon": "Anolis marmoratus", "scientificName": "Anolis marmoratus speciosus (Garman, 1887)", "date": "1978-08-04", "basis": "PRESERVED_SPECIMEN", "dataset": null, "gbifID": "476732644"}}, {"type": "Feature", "geometry": {"type": "Point", "coordinates": [-61.5343, 16.2422]}, "properties": {"taxon": "Anolis marmoratus", "scientificName": "Anolis marmoratus speciosus (Garman, 1887)", "date": "1978-08-04", "basis": "PRESERVED_SPECIMEN", "dataset": null, "gbifID": "476732744"}}, {"type": "Feature", "geometry": {"type": "Point", "coordinates": [-61.5343, 16.2422]}, "properties": {"taxon": "Anolis marmoratus", "scientificName": "Anolis marmoratus speciosus (Garman, 1887)", "date": "1978-08-04", "basis": "PRESERVED_SPECIMEN", "dataset": null, "gbifID": "476732745"}}, {"type": "Feature", "geometry": {"type": "Point", "coordinates": [-61.5343, 16.2422]}, "properties": {"taxon": "Anolis marmoratus", "scientificName": "Anolis marmoratus speciosus (Garman, 1887)", "date": "1978-08-04", "basis": "PRESERVED_SPECIMEN", "dataset": null, "gbifID": "476732893"}}, {"type": "Feature", "geometry": {"type": "Point", "coordinates": [-61.5343, 16.2422]}, "properties": {"taxon": "Anolis marmoratus", "scientificName": "Anolis marmoratus speciosus (Garman, 1887)", "date": "1978-08-04", "basis": "PRESERVED_SPECIMEN", "dataset": null, "gbifID": "476732894"}}, {"type": "Feature", "geometry": {"type": "Point", "coordinates": [-61.5343, 16.2422]}, "properties": {"taxon": "Anolis marmoratus", "scientificName": "Anolis marmoratus speciosus (Garman, 1887)", "date": "1978-08-04", "basis": "PRESERVED_SPECIMEN", "dataset": null, "gbifID": "476732895"}}, {"type": "Feature", "geometry": {"type": "Point", "coordinates": [-61.5667, 16.05]}, "properties": {"taxon": "Anolis marmoratus", "scientificName": "Anolis marmoratus marmoratus Dum\u00e9ril & Bibron, 1837", "date": "1978-08-05", "basis": "PRESERVED_SPECIMEN", "dataset": null, "gbifID": "476733044"}}, {"type": "Feature", "geometry": {"type": "Point", "coordinates": [-61.5667, 16.05]}, "properties": {"taxon": "Anolis marmoratus", "scientificName": "Anolis marmoratus marmoratus Dum\u00e9ril & Bibron, 1837", "date": "1978-08-05", "basis": "PRESERVED_SPECIMEN", "dataset": null, "gbifID": "476733138"}}, {"type": "Feature", "geometry": {"type": "Point", "coordinates": [-61.5667, 16.05]}, "properties": {"taxon": "Anolis marmoratus", "scientificName": "Anolis marmoratus marmoratus Dum\u00e9ril & Bibron, 1837", "date": "1978-08-05", "basis": "PRESERVED_SPECIMEN", "dataset": null, "gbifID": "476733139"}}, {"type": "Feature", "geometry": {"type": "Point", "coordinates": [-61.5667, 16.05]}, "properties": {"taxon": "Anolis marmoratus", "scientificName": "Anolis marmoratus marmoratus Dum\u00e9ril & Bibron, 1837", "date": "1978-08-05", "basis": "PRESERVED_SPECIMEN", "dataset": null, "gbifID": "476733140"}}, {"type": "Feature", "geometry": {"type": "Point", "coordinates": [-61.5667, 16.05]}, "properties": {"taxon": "Anolis marmoratus", "scientificName": "Anolis marmoratus marmoratus Dum\u00e9ril & Bibron, 1837", "date": "1978-08-05", "basis": "PRESERVED_SPECIMEN", "dataset": null, "gbifID": "476733141"}}, {"type": "Feature", "geometry": {"type": "Point", "coordinates": [-61.5343, 16.2422]}, "properties": {"taxon": "Anolis marmoratus", "scientificName": "Anolis marmoratus speciosus (Garman, 1887)", "date": "1978-08-04", "basis": "PRESERVED_SPECIMEN", "dataset": null, "gbifID": "476733142"}}, {"type": "Feature", "geometry": {"type": "Point", "coordinates": [-61.5343, 16.2422]}, "properties": {"taxon": "Anolis marmoratus", "scientificName": "Anolis marmoratus speciosus (Garman, 1887)", "date": "1978-08-04", "basis": "PRESERVED_SPECIMEN", "dataset": null, "gbifID": "476733143"}}, {"type": "Feature", "geometry": {"type": "Point", "coordinates": [-61.5343, 16.2422]}, "properties": {"taxon": "Anolis marmoratus", "scientificName": "Anolis marmoratus speciosus (Garman, 1887)", "date": "1978-08-04", "basis": "PRESERVED_SPECIMEN", "dataset": null, "gbifID": "476733144"}}, {"type": "Feature", "geometry": {"type": "Point", "coordinates": [-61.5343, 16.2422]}, "properties": {"taxon": "Anolis marmoratus", "scientificName": "Anolis marmoratus speciosus (Garman, 1887)", "date": "1978-08-04", "basis": "PRESERVED_SPECIMEN", "dataset": null, "gbifID": "476733234"}}, {"type": "Feature", "geometry": {"type": "Point", "coordinates": [-61.5343, 16.2422]}, "properties": {"taxon": "Anolis marmoratus", "scientificName": "Anolis marmoratus speciosus (Garman, 1887)", "date": "1978-08-04", "basis": "PRESERVED_SPECIMEN", "dataset": null, "gbifID": "476733235"}}, {"type": "Feature", "geometry": {"type": "Point", "coordinates": [-61.5343, 16.2422]}, "properties": {"taxon": "Anolis marmoratus", "scientificName": "Anolis marmoratus speciosus (Garman, 1887)", "date": "1978-08-04", "basis": "PRESERVED_SPECIMEN", "dataset": null, "gbifID": "476733236"}}, {"type": "Feature", "geometry": {"type": "Point", "coordinates": [-61.5343, 16.2422]}, "properties": {"taxon": "Anolis marmoratus", "scientificName": "Anolis marmoratus speciosus (Garman, 1887)", "date": "1978-08-04", "basis": "PRESERVED_SPECIMEN", "dataset": null, "gbifID": "476733237"}}, {"type": "Feature", "geometry": {"type": "Point", "coordinates": [-61.5343, 16.2422]}, "properties": {"taxon": "Anolis marmoratus", "scientificName": "Anolis marmoratus speciosus (Garman, 1887)", "date": "1978-08-04", "basis": "PRESERVED_SPECIMEN", "dataset": null, "gbifID": "476733238"}}, {"type": "Feature", "geometry": {"type": "Point", "coordinates": [-61.5343, 16.2422]}, "properties": {"taxon": "Anolis marmoratus", "scientificName": "Anolis marmoratus speciosus (Garman, 1887)", "date": "1978-08-04", "basis": "PRESERVED_SPECIMEN", "dataset": null, "gbifID": "476733239"}}, {"type": "Feature", "geometry": {"type": "Point", "coordinates": [-61.5343, 16.2422]}, "properties": {"taxon": "Anolis marmoratus", "scientificName": "Anolis marmoratus speciosus (Garman, 1887)", "date": "1978-08-04", "basis": "PRESERVED_SPECIMEN", "dataset": null, "gbifID": "476733240"}}, {"type": "Feature", "geometry": {"type": "Point", "coordinates": [-61.5343, 16.2422]}, "properties": {"taxon": "Anolis marmoratus", "scientificName": "Anolis marmoratus speciosus (Garman, 1887)", "date": "1978-08-04", "basis": "PRESERVED_SPECIMEN", "dataset": null, "gbifID": "476733332"}}, {"type": "Feature", "geometry": {"type": "Point", "coordinates": [-61.5343, 16.2422]}, "properties": {"taxon": "Anolis marmoratus", "scientificName": "Anolis marmoratus speciosus (Garman, 1887)", "date": "1978-08-04", "basis": "PRESERVED_SPECIMEN", "dataset": null, "gbifID": "476733333"}}, {"type": "Feature", "geometry": {"type": "Point", "coordinates": [-61.5343, 16.2422]}, "properties": {"taxon": "Anolis marmoratus", "scientificName": "Anolis marmoratus speciosus (Garman, 1887)", "date": "1978-08-04", "basis": "PRESERVED_SPECIMEN", "dataset": null, "gbifID": "476733334"}}, {"type": "Feature", "geometry": {"type": "Point", "coordinates": [-61.5343, 16.2422]}, "properties": {"taxon": "Anolis marmoratus", "scientificName": "Anolis marmoratus speciosus (Garman, 1887)", "date": "1978-08-04", "basis": "PRESERVED_SPECIMEN", "dataset": null, "gbifID": "476733335"}}, {"type": "Feature", "geometry": {"type": "Point", "coordinates": [-61.5343, 16.2422]}, "properties": {"taxon": "Anolis marmoratus", "scientificName": "Anolis marmoratus speciosus (Garman, 1887)", "date": "1978-08-04", "basis": "PRESERVED_SPECIMEN", "dataset": null, "gbifID": "476733336"}}, {"type": "Feature", "geometry": {"type": "Point", "coordinates": [-61.5343, 16.2422]}, "properties": {"taxon": "Anolis marmoratus", "scientificName": "Anolis marmoratus speciosus (Garman, 1887)", "date": "1978-08-04", "basis": "PRESERVED_SPECIMEN", "dataset": null, "gbifID": "476733337"}}, {"type": "Feature", "geometry": {"type": "Point", "coordinates": [-61.5667, 16.05]}, "properties": {"taxon": "Anolis marmoratus", "scientificName": "Anolis marmoratus marmoratus Dum\u00e9ril & Bibron, 1837", "date": "1978-08-05", "basis": "PRESERVED_SPECIMEN", "dataset": null, "gbifID": "476733854"}}, {"type": "Feature", "geometry": {"type": "Point", "coordinates": [-61.5667, 16.05]}, "properties": {"taxon": "Anolis marmoratus", "scientificName": "Anolis marmoratus marmoratus Dum\u00e9ril & Bibron, 1837", "date": "1978-08-05", "basis": "PRESERVED_SPECIMEN", "dataset": null, "gbifID": "476737275"}}, {"type": "Feature", "geometry": {"type": "Point", "coordinates": [-61.5667, 16.05]}, "properties": {"taxon": "Anolis marmoratus", "scientificName": "Anolis marmoratus marmoratus Dum\u00e9ril & Bibron, 1837", "date": "1978-08-05", "basis": "PRESERVED_SPECIMEN", "dataset": null, "gbifID": "476737276"}}, {"type": "Feature", "geometry": {"type": "Point", "coordinates": [-61.5667, 16.05]}, "properties": {"taxon": "Anolis marmoratus", "scientificName": "Anolis marmoratus marmoratus Dum\u00e9ril & Bibron, 1837", "date": "1978-08-05", "basis": "PRESERVED_SPECIMEN", "dataset": null, "gbifID": "476737277"}}, {"type": "Feature", "geometry": {"type": "Point", "coordinates": [-61.5667, 16.05]}, "properties": {"taxon": "Anolis marmoratus", "scientificName": "Anolis marmoratus marmoratus Dum\u00e9ril & Bibron, 1837", "date": "1978-08-05", "basis": "PRESERVED_SPECIMEN", "dataset": null, "gbifID": "476737278"}}, {"type": "Feature", "geometry": {"type": "Point", "coordinates": [-61.5667, 16.05]}, "properties": {"taxon": "Anolis marmoratus", "scientificName": "Anolis marmoratus marmoratus Dum\u00e9ril & Bibron, 1837", "date": "1978-08-05", "basis": "PRESERVED_SPECIMEN", "dataset": null, "gbifID": "476737279"}}, {"type": "Feature", "geometry": {"type": "Point", "coordinates": [-61.5667, 16.05]}, "properties": {"taxon": "Anolis marmoratus", "scientificName": "Anolis marmoratus marmoratus Dum\u00e9ril & Bibron, 1837", "date": "1978-08-05", "basis": "PRESERVED_SPECIMEN", "dataset": null, "gbifID": "476737280"}}, {"type": "Feature", "geometry": {"type": "Point", "coordinates": [-61.5667, 16.05]}, "properties": {"taxon": "Anolis marmoratus", "scientificName": "Anolis marmoratus marmoratus Dum\u00e9ril & Bibron, 1837", "date": "1978-08-05", "basis": "PRESERVED_SPECIMEN", "dataset": null, "gbifID": "476737281"}}, {"type": "Feature", "geometry": {"type": "Point", "coordinates": [-61.5667, 16.05]}, "properties": {"taxon": "Anolis marmoratus", "scientificName": "Anolis marmoratus marmoratus Dum\u00e9ril & Bibron, 1837", "date": "1978-08-05", "basis": "PRESERVED_SPECIMEN", "dataset": null, "gbifID": "476737390"}}, {"type": "Feature", "geometry": {"type": "Point", "coordinates": [-61.5667, 16.05]}, "properties": {"taxon": "Anolis marmoratus", "scientificName": "Anolis marmoratus marmoratus Dum\u00e9ril & Bibron, 1837", "date": "1978-08-05", "basis": "PRESERVED_SPECIMEN", "dataset": null, "gbifID": "476737391"}}, {"type": "Feature", "geometry": {"type": "Point", "coordinates": [-61.5667, 16.05]}, "properties": {"taxon": "Anolis marmoratus", "scientificName": "Anolis marmoratus marmoratus Dum\u00e9ril & Bibron, 1837", "date": "1978-08-05", "basis": "PRESERVED_SPECIMEN", "dataset": null, "gbifID": "476737392"}}, {"type": "Feature", "geometry": {"type": "Point", "coordinates": [-61.5667, 16.05]}, "properties": {"taxon": "Anolis marmoratus", "scientificName": "Anolis marmoratus marmoratus Dum\u00e9ril & Bibron, 1837", "date": "1978-08-05", "basis": "PRESERVED_SPECIMEN", "dataset": null, "gbifID": "476737393"}}, {"type": "Feature", "geometry": {"type": "Point", "coordinates": [-61.5667, 16.05]}, "properties": {"taxon": "Anolis marmoratus", "scientificName": "Anolis marmoratus marmoratus Dum\u00e9ril & Bibron, 1837", "date": "1978-08-05", "basis": "PRESERVED_SPECIMEN", "dataset": null, "gbifID": "476737394"}}, {"type": "Feature", "geometry": {"type": "Point", "coordinates": [-61.5667, 16.05]}, "properties": {"taxon": "Anolis marmoratus", "scientificName": "Anolis marmoratus marmoratus Dum\u00e9ril & Bibron, 1837", "date": "1978-08-05", "basis": "PRESERVED_SPECIMEN", "dataset": null, "gbifID": "476737395"}}, {"type": "Feature", "geometry": {"type": "Point", "coordinates": [-61.5667, 16.05]}, "properties": {"taxon": "Anolis marmoratus", "scientificName": "Anolis marmoratus marmoratus Dum\u00e9ril & Bibron, 1837", "date": "1978-08-05", "basis": "PRESERVED_SPECIMEN", "dataset": null, "gbifID": "476737396"}}, {"type": "Feature", "geometry": {"type": "Point", "coordinates": [-61.5667, 16.05]}, "properties": {"taxon": "Anolis marmoratus", "scientificName": "Anolis marmoratus marmoratus Dum\u00e9ril & Bibron, 1837", "date": "1978-08-05", "basis": "PRESERVED_SPECIMEN", "dataset": null, "gbifID": "476737501"}}, {"type": "Feature", "geometry": {"type": "Point", "coordinates": [-61.5667, 16.05]}, "properties": {"taxon": "Anolis marmoratus", "scientificName": "Anolis marmoratus marmoratus Dum\u00e9ril & Bibron, 1837", "date": "1978-08-05", "basis": "PRESERVED_SPECIMEN", "dataset": null, "gbifID": "476737502"}}, {"type": "Feature", "geometry": {"type": "Point", "coordinates": [-61.5667, 16.05]}, "properties": {"taxon": "Anolis marmoratus", "scientificName": "Anolis marmoratus marmoratus Dum\u00e9ril & Bibron, 1837", "date": "1978-08-05", "basis": "PRESERVED_SPECIMEN", "dataset": null, "gbifID": "476737503"}}, {"type": "Feature", "geometry": {"type": "Point", "coordinates": [-61.5667, 16.05]}, "properties": {"taxon": "Anolis marmoratus", "scientificName": "Anolis marmoratus marmoratus Dum\u00e9ril & Bibron, 1837", "date": "1978-08-05", "basis": "PRESERVED_SPECIMEN", "dataset": null, "gbifID": "476737504"}}, {"type": "Feature", "geometry": {"type": "Point", "coordinates": [-61.5667, 16.05]}, "properties": {"taxon": "Anolis marmoratus", "scientificName": "Anolis marmoratus marmoratus Dum\u00e9ril & Bibron, 1837", "date": "1978-08-05", "basis": "PRESERVED_SPECIMEN", "dataset": null, "gbifID": "476737505"}}, {"type": "Feature", "geometry": {"type": "Point", "coordinates": [-61.5667, 16.05]}, "properties": {"taxon": "Anolis marmoratus", "scientificName": "Anolis marmoratus marmoratus Dum\u00e9ril & Bibron, 1837", "date": "1978-08-05", "basis": "PRESERVED_SPECIMEN", "dataset": null, "gbifID": "476737506"}}, {"type": "Feature", "geometry": {"type": "Point", "coordinates": [-61.5667, 16.05]}, "properties": {"taxon": "Anolis marmoratus", "scientificName": "Anolis marmoratus marmoratus Dum\u00e9ril & Bibron, 1837", "date": "1978-08-05", "basis": "PRESERVED_SPECIMEN", "dataset": null, "gbifID": "476737507"}}, {"type": "Feature", "geometry": {"type": "Point", "coordinates": [-61.5343, 16.2422]}, "properties": {"taxon": "Anolis marmoratus", "scientificName": "Anolis marmoratus speciosus (Garman, 1887)", "date": "1978-08-04", "basis": "PRESERVED_SPECIMEN", "dataset": null, "gbifID": "476738794"}}, {"type": "Feature", "geometry": {"type": "Point", "coordinates": [-61.5343, 16.2422]}, "properties": {"taxon": "Anolis marmoratus", "scientificName": "Anolis marmoratus speciosus (Garman, 1887)", "date": "1978-08-04", "basis": "PRESERVED_SPECIMEN", "dataset": null, "gbifID": "476738795"}}, {"type": "Feature", "geometry": {"type": "Point", "coordinates": [-61.5667, 16.05]}, "properties": {"taxon": "Anolis marmoratus", "scientificName": "Anolis marmoratus marmoratus Dum\u00e9ril & Bibron, 1837", "date": "1978-08-05", "basis": "PRESERVED_SPECIMEN", "dataset": null, "gbifID": "476738808"}}, {"type": "Feature", "geometry": {"type": "Point", "coordinates": [-61.5343, 16.2422]}, "properties": {"taxon": "Anolis marmoratus", "scientificName": "Anolis marmoratus speciosus (Garman, 1887)", "date": "1978-08-04", "basis": "PRESERVED_SPECIMEN", "dataset": null, "gbifID": "476738892"}}, {"type": "Feature", "geometry": {"type": "Point", "coordinates": [-61.5343, 16.2422]}, "properties": {"taxon": "Anolis marmoratus", "scientificName": "Anolis marmoratus speciosus (Garman, 1887)", "date": "1978-08-04", "basis": "PRESERVED_SPECIMEN", "dataset": null, "gbifID": "476738893"}}, {"type": "Feature", "geometry": {"type": "Point", "coordinates": [-61.5343, 16.2422]}, "properties": {"taxon": "Anolis marmoratus", "scientificName": "Anolis marmoratus speciosus (Garman, 1887)", "date": "1978-08-04", "basis": "PRESERVED_SPECIMEN", "dataset": null, "gbifID": "476738894"}}, {"type": "Feature", "geometry": {"type": "Point", "coordinates": [-61.39549, 16.21785]}, "properties": {"taxon": "Anolis marmoratus", "scientificName": "Anolis marmoratus speciosus (Garman, 1887)", "date": "1978-08-04", "basis": "PRESERVED_SPECIMEN", "dataset": null, "gbifID": "476738895"}}, {"type": "Feature", "geometry": {"type": "Point", "coordinates": [-61.39549, 16.21785]}, "properties": {"taxon": "Anolis marmoratus", "scientificName": "Anolis marmoratus speciosus (Garman, 1887)", "date": "1978-08-04", "basis": "PRESERVED_SPECIMEN", "dataset": null, "gbifID": "476738896"}}, {"type": "Feature", "geometry": {"type": "Point", "coordinates": [-61.39549, 16.21785]}, "properties": {"taxon": "Anolis marmoratus", "scientificName": "Anolis marmoratus speciosus (Garman, 1887)", "date": "1978-08-04", "basis": "PRESERVED_SPECIMEN", "dataset": null, "gbifID": "476738897"}}, {"type": "Feature", "geometry": {"type": "Point", "coordinates": [-61.39549, 16.21785]}, "properties": {"taxon": "Anolis marmoratus", "scientificName": "Anolis marmoratus speciosus (Garman, 1887)", "date": "1978-08-04", "basis": "PRESERVED_SPECIMEN", "dataset": null, "gbifID": "476738898"}}, {"type": "Feature", "geometry": {"type": "Point", "coordinates": [-61.5667, 16.05]}, "properties": {"taxon": "Anolis marmoratus", "scientificName": "Anolis marmoratus marmoratus Dum\u00e9ril & Bibron, 1837", "date": "1978-08-05", "basis": "PRESERVED_SPECIMEN", "dataset": null, "gbifID": "476738905"}}, {"type": "Feature", "geometry": {"type": "Point", "coordinates": [-61.5667, 16.05]}, "properties": {"taxon": "Anolis marmoratus", "scientificName": "Anolis marmoratus marmoratus Dum\u00e9ril & Bibron, 1837", "date": "1978-08-05", "basis": "PRESERVED_SPECIMEN", "dataset": null, "gbifID": "476738906"}}, {"type": "Feature", "geometry": {"type": "Point", "coordinates": [-61.5667, 16.05]}, "properties": {"taxon": "Anolis marmoratus", "scientificName": "Anolis marmoratus marmoratus Dum\u00e9ril & Bibron, 1837", "date": "1978-08-05", "basis": "PRESERVED_SPECIMEN", "dataset": null, "gbifID": "476738907"}}, {"type": "Feature", "geometry": {"type": "Point", "coordinates": [-61.5667, 16.05]}, "properties": {"taxon": "Anolis marmoratus", "scientificName": "Anolis marmoratus marmoratus Dum\u00e9ril & Bibron, 1837", "date": "1978-08-05", "basis": "PRESERVED_SPECIMEN", "dataset": null, "gbifID": "476738908"}}, {"type": "Feature", "geometry": {"type": "Point", "coordinates": [-61.5667, 16.05]}, "properties": {"taxon": "Anolis marmoratus", "scientificName": "Anolis marmoratus marmoratus Dum\u00e9ril & Bibron, 1837", "date": "1978-08-05", "basis": "PRESERVED_SPECIMEN", "dataset": null, "gbifID": "476738909"}}, {"type": "Feature", "geometry": {"type": "Point", "coordinates": [-61.5667, 16.05]}, "properties": {"taxon": "Anolis marmoratus", "scientificName": "Anolis marmoratus marmoratus Dum\u00e9ril & Bibron, 1837", "date": "1978-08-05", "basis": "PRESERVED_SPECIMEN", "dataset": null, "gbifID": "476738910"}}, {"type": "Feature", "geometry": {"type": "Point", "coordinates": [-61.5667, 16.05]}, "properties": {"taxon": "Anolis marmoratus", "scientificName": "Anolis marmoratus marmoratus Dum\u00e9ril & Bibron, 1837", "date": "1978-08-05", "basis": "PRESERVED_SPECIMEN", "dataset": null, "gbifID": "476738911"}}, {"type": "Feature", "geometry": {"type": "Point", "coordinates": [-61.39549, 16.21785]}, "properties": {"taxon": "Anolis marmoratus", "scientificName": "Anolis marmoratus speciosus (Garman, 1887)", "date": "1978-08-04", "basis": "PRESERVED_SPECIMEN", "dataset": null, "gbifID": "476739001"}}, {"type": "Feature", "geometry": {"type": "Point", "coordinates": [-61.39549, 16.21785]}, "properties": {"taxon": "Anolis marmoratus", "scientificName": "Anolis marmoratus speciosus (Garman, 1887)", "date": "1978-08-04", "basis": "PRESERVED_SPECIMEN", "dataset": null, "gbifID": "476739002"}}, {"type": "Feature", "geometry": {"type": "Point", "coordinates": [-61.5667, 16.05]}, "properties": {"taxon": "Anolis marmoratus", "scientificName": "Anolis marmoratus marmoratus Dum\u00e9ril & Bibron, 1837", "date": "1978-08-05", "basis": "PRESERVED_SPECIMEN", "dataset": null, "gbifID": "476740062"}}, {"type": "Feature", "geometry": {"type": "Point", "coordinates": [-61.5343, 16.2422]}, "properties": {"taxon": "Anolis marmoratus", "scientificName": "Anolis marmoratus speciosus (Garman, 1887)", "date": "1978-08-04", "basis": "PRESERVED_SPECIMEN", "dataset": null, "gbifID": "476789237"}}, {"type": "Feature", "geometry": {"type": "Point", "coordinates": [-61.5667, 16.05]}, "properties": {"taxon": "Anolis marmoratus", "scientificName": "Anolis marmoratus marmoratus Dum\u00e9ril & Bibron, 1837", "date": "1978-08-05", "basis": "PRESERVED_SPECIMEN", "dataset": null, "gbifID": "476796223"}}, {"type": "Feature", "geometry": {"type": "Point", "coordinates": [-61.5667, 16.05]}, "properties": {"taxon": "Anolis marmoratus", "scientificName": "Anolis marmoratus marmoratus Dum\u00e9ril & Bibron, 1837", "date": "1978-08-05", "basis": "PRESERVED_SPECIMEN", "dataset": null, "gbifID": "476797066"}}, {"type": "Feature", "geometry": {"type": "Point", "coordinates": [-61.5343, 16.2422]}, "properties": {"taxon": "Anolis marmoratus", "scientificName": "Anolis marmoratus speciosus (Garman, 1887)", "date": "1978-08-04", "basis": "PRESERVED_SPECIMEN", "dataset": null, "gbifID": "476797152"}}, {"type": "Feature", "geometry": {"type": "Point", "coordinates": [-61.5343, 16.2422]}, "properties": {"taxon": "Anolis marmoratus", "scientificName": "Anolis marmoratus speciosus (Garman, 1887)", "date": "1978-08-04", "basis": "PRESERVED_SPECIMEN", "dataset": null, "gbifID": "476797153"}}, {"type": "Feature", "geometry": {"type": "Point", "coordinates": [-61.63333, 15.85]}, "properties": {"taxon": "Anolis marmoratus", "scientificName": "Anolis marmoratus caryae Lazell, 1964", "date": "1974-01-15", "basis": "PRESERVED_SPECIMEN", "dataset": null, "gbifID": "476488180"}}, {"type": "Feature", "geometry": {"type": "Point", "coordinates": [-61.63333, 15.85]}, "properties": {"taxon": "Anolis marmoratus", "scientificName": "Anolis marmoratus caryae Lazell, 1964", "date": "1974-01-15", "basis": "PRESERVED_SPECIMEN", "dataset": null, "gbifID": "476488181"}}, {"type": "Feature", "geometry": {"type": "Point", "coordinates": [-61.63333, 15.85]}, "properties": {"taxon": "Anolis marmoratus", "scientificName": "Anolis marmoratus caryae Lazell, 1964", "date": "1974-01-15", "basis": "PRESERVED_SPECIMEN", "dataset": null, "gbifID": "476488202"}}, {"type": "Feature", "geometry": {"type": "Point", "coordinates": [-61.63333, 15.85]}, "properties": {"taxon": "Anolis marmoratus", "scientificName": "Anolis marmoratus caryae Lazell, 1964", "date": "1974-01-15", "basis": "PRESERVED_SPECIMEN", "dataset": null, "gbifID": "476635392"}}, {"type": "Feature", "geometry": {"type": "Point", "coordinates": [-61.63333, 15.85]}, "properties": {"taxon": "Anolis marmoratus", "scientificName": "Anolis marmoratus caryae Lazell, 1964", "date": "1974-01-15", "basis": "PRESERVED_SPECIMEN", "dataset": null, "gbifID": "476635393"}}, {"type": "Feature", "geometry": {"type": "Point", "coordinates": [-61.63333, 15.85]}, "properties": {"taxon": "Anolis marmoratus", "scientificName": "Anolis marmoratus caryae Lazell, 1964", "date": "1974-01-15", "basis": "PRESERVED_SPECIMEN", "dataset": null, "gbifID": "476635394"}}, {"type": "Feature", "geometry": {"type": "Point", "coordinates": [-61.63333, 15.85]}, "properties": {"taxon": "Anolis marmoratus", "scientificName": "Anolis marmoratus caryae Lazell, 1964", "date": "1974-01-15", "basis": "PRESERVED_SPECIMEN", "dataset": null, "gbifID": "476635492"}}, {"type": "Feature", "geometry": {"type": "Point", "coordinates": [-61.63333, 15.85]}, "properties": {"taxon": "Anolis marmoratus", "scientificName": "Anolis marmoratus caryae Lazell, 1964", "date": "1974-01-15", "basis": "PRESERVED_SPECIMEN", "dataset": null, "gbifID": "476635493"}}, {"type": "Feature", "geometry": {"type": "Point", "coordinates": [-61.63333, 15.85]}, "properties": {"taxon": "Anolis marmoratus", "scientificName": "Anolis marmoratus caryae Lazell, 1964", "date": "1974-01-15", "basis": "PRESERVED_SPECIMEN", "dataset": null, "gbifID": "476635494"}}, {"type": "Feature", "geometry": {"type": "Point", "coordinates": [-61.63333, 15.85]}, "properties": {"taxon": "Anolis marmoratus", "scientificName": "Anolis marmoratus caryae Lazell, 1964", "date": "1974-01-15", "basis": "PRESERVED_SPECIMEN", "dataset": null, "gbifID": "476635495"}}, {"type": "Feature", "geometry": {"type": "Point", "coordinates": [-61.63333, 15.85]}, "properties": {"taxon": "Anolis marmoratus", "scientificName": "Anolis marmoratus caryae Lazell, 1964", "date": "1974-01-15", "basis": "PRESERVED_SPECIMEN", "dataset": null, "gbifID": "476635496"}}, {"type": "Feature", "geometry": {"type": "Point", "coordinates": [-61.63333, 15.85]}, "properties": {"taxon": "Anolis marmoratus", "scientificName": "Anolis marmoratus caryae Lazell, 1964", "date": "1974-01-15", "basis": "PRESERVED_SPECIMEN", "dataset": null, "gbifID": "476635497"}}, {"type": "Feature", "geometry": {"type": "Point", "coordinates": [-61.63333, 15.85]}, "properties": {"taxon": "Anolis marmoratus", "scientificName": "Anolis marmoratus caryae Lazell, 1964", "date": "1974-01-15", "basis": "PRESERVED_SPECIMEN", "dataset": null, "gbifID": "476635498"}}, {"type": "Feature", "geometry": {"type": "Point", "coordinates": [-61.63333, 15.85]}, "properties": {"taxon": "Anolis marmoratus", "scientificName": "Anolis marmoratus caryae Lazell, 1964", "date": "1974-01-15", "basis": "PRESERVED_SPECIMEN", "dataset": null, "gbifID": "476635499"}}, {"type": "Feature", "geometry": {"type": "Point", "coordinates": [-61.63333, 15.85]}, "properties": {"taxon": "Anolis marmoratus", "scientificName": "Anolis marmoratus caryae Lazell, 1964", "date": "1974-01-15", "basis": "PRESERVED_SPECIMEN", "dataset": null, "gbifID": "476635596"}}, {"type": "Feature", "geometry": {"type": "Point", "coordinates": [-61.63333, 15.85]}, "properties": {"taxon": "Anolis marmoratus", "scientificName": "Anolis marmoratus caryae Lazell, 1964", "date": "1974-01-15", "basis": "PRESERVED_SPECIMEN", "dataset": null, "gbifID": "476635597"}}, {"type": "Feature", "geometry": {"type": "Point", "coordinates": [-61.63333, 15.85]}, "properties": {"taxon": "Anolis marmoratus", "scientificName": "Anolis marmoratus caryae Lazell, 1964", "date": "1974-01-15", "basis": "PRESERVED_SPECIMEN", "dataset": null, "gbifID": "476635598"}}, {"type": "Feature", "geometry": {"type": "Point", "coordinates": [-61.63333, 15.85]}, "properties": {"taxon": "Anolis marmoratus", "scientificName": "Anolis marmoratus caryae Lazell, 1964", "date": "1974-01-15", "basis": "PRESERVED_SPECIMEN", "dataset": null, "gbifID": "476635599"}}, {"type": "Feature", "geometry": {"type": "Point", "coordinates": [-61.63333, 15.85]}, "properties": {"taxon": "Anolis marmoratus", "scientificName": "Anolis marmoratus caryae Lazell, 1964", "date": "1974-01-15", "basis": "PRESERVED_SPECIMEN", "dataset": null, "gbifID": "476635600"}}, {"type": "Feature", "geometry": {"type": "Point", "coordinates": [-61.58426, 15.86171]}, "properties": {"taxon": "Anolis marmoratus", "scientificName": "Anolis marmoratus Dum\u00e9ril & Bibron, 1837", "date": "1974-02-27", "basis": "PRESERVED_SPECIMEN", "dataset": null, "gbifID": "476490324"}}, {"type": "Feature", "geometry": {"type": "Point", "coordinates": [-61.58203, 15.87543]}, "properties": {"taxon": "Anolis marmoratus", "scientificName": "Anolis marmoratus Dum\u00e9ril & Bibron, 1837", "date": "1974-02-26", "basis": "PRESERVED_SPECIMEN", "dataset": null, "gbifID": "476645050"}}, {"type": "Feature", "geometry": {"type": "Point", "coordinates": [-61.58203, 15.87543]}, "properties": {"taxon": "Anolis marmoratus", "scientificName": "Anolis marmoratus Dum\u00e9ril & Bibron, 1837", "date": "1974-02-26", "basis": "PRESERVED_SPECIMEN", "dataset": null, "gbifID": "476645051"}}, {"type": "Feature", "geometry": {"type": "Point", "coordinates": [-61.58203, 15.87543]}, "properties": {"taxon": "Anolis marmoratus", "scientificName": "Anolis marmoratus Dum\u00e9ril & Bibron, 1837", "date": "1974-02-26", "basis": "PRESERVED_SPECIMEN", "dataset": null, "gbifID": "476646182"}}, {"type": "Feature", "geometry": {"type": "Point", "coordinates": [-61.58426, 15.86171]}, "properties": {"taxon": "Anolis marmoratus", "scientificName": "Anolis marmoratus Dum\u00e9ril & Bibron, 1837", "date": "1974-02-27", "basis": "PRESERVED_SPECIMEN", "dataset": null, "gbifID": "476646289"}}, {"type": "Feature", "geometry": {"type": "Point", "coordinates": [-61.58426, 15.86171]}, "properties": {"taxon": "Anolis marmoratus", "scientificName": "Anolis marmoratus Dum\u00e9ril & Bibron, 1837", "date": "1974-02-27", "basis": "PRESERVED_SPECIMEN", "dataset": null, "gbifID": "476646290"}}, {"type": "Feature", "geometry": {"type": "Point", "coordinates": [-61.58426, 15.86171]}, "properties": {"taxon": "Anolis marmoratus", "scientificName": "Anolis marmoratus Dum\u00e9ril & Bibron, 1837", "date": "1974-02-27", "basis": "PRESERVED_SPECIMEN", "dataset": null, "gbifID": "476646291"}}, {"type": "Feature", "geometry": {"type": "Point", "coordinates": [-61.58426, 15.86171]}, "properties": {"taxon": "Anolis marmoratus", "scientificName": "Anolis marmoratus Dum\u00e9ril & Bibron, 1837", "date": "1974-02-27", "basis": "PRESERVED_SPECIMEN", "dataset": null, "gbifID": "476646292"}}, {"type": "Feature", "geometry": {"type": "Point", "coordinates": [-61.58426, 15.86171]}, "properties": {"taxon": "Anolis marmoratus", "scientificName": "Anolis marmoratus Dum\u00e9ril & Bibron, 1837", "date": "1974-02-27", "basis": "PRESERVED_SPECIMEN", "dataset": null, "gbifID": "476646293"}}, {"type": "Feature", "geometry": {"type": "Point", "coordinates": [-61.58426, 15.86171]}, "properties": {"taxon": "Anolis marmoratus", "scientificName": "Anolis marmoratus Dum\u00e9ril & Bibron, 1837", "date": "1974-02-27", "basis": "PRESERVED_SPECIMEN", "dataset": null, "gbifID": "476646294"}}, {"type": "Feature", "geometry": {"type": "Point", "coordinates": [-61.58426, 15.86171]}, "properties": {"taxon": "Anolis marmoratus", "scientificName": "Anolis marmoratus Dum\u00e9ril & Bibron, 1837", "date": "1974-02-27", "basis": "PRESERVED_SPECIMEN", "dataset": null, "gbifID": "476646295"}}, {"type": "Feature", "geometry": {"type": "Point", "coordinates": [-61.52731, 16.34962]}, "properties": {"taxon": "Anolis marmoratus", "scientificName": "Anolis marmoratus inornatus Lazell, 1964", "date": "1973-06-29", "basis": "PRESERVED_SPECIMEN", "dataset": null, "gbifID": "476469164"}}, {"type": "Feature", "geometry": {"type": "Point", "coordinates": [-61.56981, 16.29455]}, "properties": {"taxon": "Anolis marmoratus", "scientificName": "Anolis marmoratus speciosus (Garman, 1887)", "date": "1973-06-29", "basis": "PRESERVED_SPECIMEN", "dataset": null, "gbifID": "476469594"}}, {"type": "Feature", "geometry": {"type": "Point", "coordinates": [-61.56981, 16.29455]}, "properties": {"taxon": "Anolis marmoratus", "scientificName": "Anolis marmoratus speciosus (Garman, 1887)", "date": "1973-06-29", "basis": "PRESERVED_SPECIMEN", "dataset": null, "gbifID": "476782205"}}, {"type": "Feature", "geometry": {"type": "Point", "coordinates": [-61.52731, 16.34962]}, "properties": {"taxon": "Anolis marmoratus", "scientificName": "Anolis marmoratus inornatus Lazell, 1964", "date": "1973-06-29", "basis": "PRESERVED_SPECIMEN", "dataset": null, "gbifID": "476782209"}}, {"type": "Feature", "geometry": {"type": "Point", "coordinates": [-61.56981, 16.29455]}, "properties": {"taxon": "Anolis marmoratus", "scientificName": "Anolis marmoratus speciosus (Garman, 1887)", "date": "1973-06-29", "basis": "PRESERVED_SPECIMEN", "dataset": null, "gbifID": "476782306"}}, {"type": "Feature", "geometry": {"type": "Point", "coordinates": [-61.56981, 16.29455]}, "properties": {"taxon": "Anolis marmoratus", "scientificName": "Anolis marmoratus speciosus (Garman, 1887)", "date": "1973-06-29", "basis": "PRESERVED_SPECIMEN", "dataset": null, "gbifID": "476787591"}}, {"type": "Feature", "geometry": {"type": "Point", "coordinates": [-61.56981, 16.29455]}, "properties": {"taxon": "Anolis marmoratus", "scientificName": "Anolis marmoratus speciosus (Garman, 1887)", "date": "1973-06-29", "basis": "PRESERVED_SPECIMEN", "dataset": null, "gbifID": "476787592"}}, {"type": "Feature", "geometry": {"type": "Point", "coordinates": [-61.56981, 16.29455]}, "properties": {"taxon": "Anolis marmoratus", "scientificName": "Anolis marmoratus speciosus (Garman, 1887)", "date": "1973-06-29", "basis": "PRESERVED_SPECIMEN", "dataset": null, "gbifID": "476787593"}}, {"type": "Feature", "geometry": {"type": "Point", "coordinates": [-61.56981, 16.29455]}, "properties": {"taxon": "Anolis marmoratus", "scientificName": "Anolis marmoratus speciosus (Garman, 1887)", "date": "1973-06-29", "basis": "PRESERVED_SPECIMEN", "dataset": null, "gbifID": "476787692"}}, {"type": "Feature", "geometry": {"type": "Point", "coordinates": [-61.77425, 16.15023]}, "properties": {"taxon": "Anolis marmoratus", "scientificName": "Anolis marmoratus girafus Lazell, 1964", "date": "1973-07-01", "basis": "PRESERVED_SPECIMEN", "dataset": null, "gbifID": "476785265"}}, {"type": "Feature", "geometry": {"type": "Point", "coordinates": [-61.6557, 15.98937]}, "properties": {"taxon": "Anolis marmoratus", "scientificName": "Anolis marmoratus Dum\u00e9ril & Bibron, 1837", "date": "1971-07-01", "basis": "PRESERVED_SPECIMEN", "dataset": null, "gbifID": "476469428"}}, {"type": "Feature", "geometry": {"type": "Point", "coordinates": [-61.6557, 15.98937]}, "properties": {"taxon": "Anolis marmoratus", "scientificName": "Anolis marmoratus Dum\u00e9ril & Bibron, 1837", "date": "1971-07-01", "basis": "PRESERVED_SPECIMEN", "dataset": null, "gbifID": "476469429"}}, {"type": "Feature", "geometry": {"type": "Point", "coordinates": [-61.6557, 15.98937]}, "properties": {"taxon": "Anolis marmoratus", "scientificName": "Anolis marmoratus Dum\u00e9ril & Bibron, 1837", "date": "1971-07-01", "basis": "PRESERVED_SPECIMEN", "dataset": null, "gbifID": "476469430"}}, {"type": "Feature", "geometry": {"type": "Point", "coordinates": [-61.58988, 16.02023]}, "properties": {"taxon": "Anolis marmoratus", "scientificName": "Anolis marmoratus Dum\u00e9ril & Bibron, 1837", "date": "1971-07-01", "basis": "PRESERVED_SPECIMEN", "dataset": null, "gbifID": "476469431"}}, {"type": "Feature", "geometry": {"type": "Point", "coordinates": [-61.76093, 16.04659]}, "properties": {"taxon": "Anolis marmoratus", "scientificName": "Anolis marmoratus girafus Lazell, 1964", "date": "1971-07-01", "basis": "PRESERVED_SPECIMEN", "dataset": null, "gbifID": "476469627"}}, {"type": "Feature", "geometry": {"type": "Point", "coordinates": [-61.76093, 16.04659]}, "properties": {"taxon": "Anolis marmoratus", "scientificName": "Anolis marmoratus girafus Lazell, 1964", "date": "1971-07-01", "basis": "PRESERVED_SPECIMEN", "dataset": null, "gbifID": "476469628"}}, {"type": "Feature", "geometry": {"type": "Point", "coordinates": [-61.6557, 15.98937]}, "properties": {"taxon": "Anolis marmoratus", "scientificName": "Anolis marmoratus Dum\u00e9ril & Bibron, 1837", "date": "1971-07-01", "basis": "PRESERVED_SPECIMEN", "dataset": null, "gbifID": "476785138"}}, {"type": "Feature", "geometry": {"type": "Point", "coordinates": [-61.6557, 15.98937]}, "properties": {"taxon": "Anolis marmoratus", "scientificName": "Anolis marmoratus Dum\u00e9ril & Bibron, 1837", "date": "1971-07-01", "basis": "PRESERVED_SPECIMEN", "dataset": null, "gbifID": "476785139"}}, {"type": "Feature", "geometry": {"type": "Point", "coordinates": [-61.6557, 15.98937]}, "properties": {"taxon": "Anolis marmoratus", "scientificName": "Anolis marmoratus Dum\u00e9ril & Bibron, 1837", "date": "1971-07-01", "basis": "PRESERVED_SPECIMEN", "dataset": null, "gbifID": "476785140"}}, {"type": "Feature", "geometry": {"type": "Point", "coordinates": [-61.6557, 15.98937]}, "properties": {"taxon": "Anolis marmoratus", "scientificName": "Anolis marmoratus Dum\u00e9ril & Bibron, 1837", "date": "1971-07-01", "basis": "PRESERVED_SPECIMEN", "dataset": null, "gbifID": "476785141"}}, {"type": "Feature", "geometry": {"type": "Point", "coordinates": [-61.6557, 15.98937]}, "properties": {"taxon": "Anolis marmoratus", "scientificName": "Anolis marmoratus Dum\u00e9ril & Bibron, 1837", "date": "1971-07-01", "basis": "PRESERVED_SPECIMEN", "dataset": null, "gbifID": "476785142"}}, {"type": "Feature", "geometry": {"type": "Point", "coordinates": [-61.6557, 15.98937]}, "properties": {"taxon": "Anolis marmoratus", "scientificName": "Anolis marmoratus Dum\u00e9ril & Bibron, 1837", "date": "1971-07-01", "basis": "PRESERVED_SPECIMEN", "dataset": null, "gbifID": "476785247"}}, {"type": "Feature", "geometry": {"type": "Point", "coordinates": [-61.6557, 15.98937]}, "properties": {"taxon": "Anolis marmoratus", "scientificName": "Anolis marmoratus Dum\u00e9ril & Bibron, 1837", "date": "1971-07-01", "basis": "PRESERVED_SPECIMEN", "dataset": null, "gbifID": "476785248"}}, {"type": "Feature", "geometry": {"type": "Point", "coordinates": [-61.6557, 15.98937]}, "properties": {"taxon": "Anolis marmoratus", "scientificName": "Anolis marmoratus Dum\u00e9ril & Bibron, 1837", "date": "1971-07-01", "basis": "PRESERVED_SPECIMEN", "dataset": null, "gbifID": "476785249"}}, {"type": "Feature", "geometry": {"type": "Point", "coordinates": [-61.6557, 15.98937]}, "properties": {"taxon": "Anolis marmoratus", "scientificName": "Anolis marmoratus Dum\u00e9ril & Bibron, 1837", "date": "1971-07-01", "basis": "PRESERVED_SPECIMEN", "dataset": null, "gbifID": "476785250"}}, {"type": "Feature", "geometry": {"type": "Point", "coordinates": [-61.6557, 15.98937]}, "properties": {"taxon": "Anolis marmoratus", "scientificName": "Anolis marmoratus Dum\u00e9ril & Bibron, 1837", "date": "1971-07-01", "basis": "PRESERVED_SPECIMEN", "dataset": null, "gbifID": "476785251"}}, {"type": "Feature", "geometry": {"type": "Point", "coordinates": [-61.6557, 15.98937]}, "properties": {"taxon": "Anolis marmoratus", "scientificName": "Anolis marmoratus Dum\u00e9ril & Bibron, 1837", "date": "1971-07-01", "basis": "PRESERVED_SPECIMEN", "dataset": null, "gbifID": "476785252"}}, {"type": "Feature", "geometry": {"type": "Point", "coordinates": [-61.6557, 15.98937]}, "properties": {"taxon": "Anolis marmoratus", "scientificName": "Anolis marmoratus Dum\u00e9ril & Bibron, 1837", "date": "1971-07-01", "basis": "PRESERVED_SPECIMEN", "dataset": null, "gbifID": "476785253"}}, {"type": "Feature", "geometry": {"type": "Point", "coordinates": [-61.58988, 16.02023]}, "properties": {"taxon": "Anolis marmoratus", "scientificName": "Anolis marmoratus Dum\u00e9ril & Bibron, 1837", "date": "1971-07-01", "basis": "PRESERVED_SPECIMEN", "dataset": null, "gbifID": "476785254"}}, {"type": "Feature", "geometry": {"type": "Point", "coordinates": [-61.58988, 16.02023]}, "properties": {"taxon": "Anolis marmoratus", "scientificName": "Anolis marmoratus Dum\u00e9ril & Bibron, 1837", "date": "1971-07-01", "basis": "PRESERVED_SPECIMEN", "dataset": null, "gbifID": "476785358"}}, {"type": "Feature", "geometry": {"type": "Point", "coordinates": [-61.58988, 16.02023]}, "properties": {"taxon": "Anolis marmoratus", "scientificName": "Anolis marmoratus Dum\u00e9ril & Bibron, 1837", "date": "1971-07-01", "basis": "PRESERVED_SPECIMEN", "dataset": null, "gbifID": "476785359"}}, {"type": "Feature", "geometry": {"type": "Point", "coordinates": [-61.58988, 16.02023]}, "properties": {"taxon": "Anolis marmoratus", "scientificName": "Anolis marmoratus Dum\u00e9ril & Bibron, 1837", "date": "1971-07-01", "basis": "PRESERVED_SPECIMEN", "dataset": null, "gbifID": "476785360"}}, {"type": "Feature", "geometry": {"type": "Point", "coordinates": [-61.58988, 16.02023]}, "properties": {"taxon": "Anolis marmoratus", "scientificName": "Anolis marmoratus Dum\u00e9ril & Bibron, 1837", "date": "1971-07-01", "basis": "PRESERVED_SPECIMEN", "dataset": null, "gbifID": "476785361"}}, {"type": "Feature", "geometry": {"type": "Point", "coordinates": [-61.76093, 16.04659]}, "properties": {"taxon": "Anolis marmoratus", "scientificName": "Anolis marmoratus girafus Lazell, 1964", "date": "1971-07-01", "basis": "PRESERVED_SPECIMEN", "dataset": null, "gbifID": "476788420"}}, {"type": "Feature", "geometry": {"type": "Point", "coordinates": [-61.76093, 16.04659]}, "properties": {"taxon": "Anolis marmoratus", "scientificName": "Anolis marmoratus girafus Lazell, 1964", "date": "1971-07-01", "basis": "PRESERVED_SPECIMEN", "dataset": null, "gbifID": "476788518"}}, {"type": "Feature", "geometry": {"type": "Point", "coordinates": [-61.76093, 16.04659]}, "properties": {"taxon": "Anolis marmoratus", "scientificName": "Anolis marmoratus girafus Lazell, 1964", "date": "1971-07-01", "basis": "PRESERVED_SPECIMEN", "dataset": null, "gbifID": "476788519"}}, {"type": "Feature", "geometry": {"type": "Point", "coordinates": [-61.76093, 16.04659]}, "properties": {"taxon": "Anolis marmoratus", "scientificName": "Anolis marmoratus girafus Lazell, 1964", "date": "1971-07-01", "basis": "PRESERVED_SPECIMEN", "dataset": null, "gbifID": "476788520"}}, {"type": "Feature", "geometry": {"type": "Point", "coordinates": [-61.76093, 16.04659]}, "properties": {"taxon": "Anolis marmoratus", "scientificName": "Anolis marmoratus girafus Lazell, 1964", "date": "1971-07-01", "basis": "PRESERVED_SPECIMEN", "dataset": null, "gbifID": "476788521"}}, {"type": "Feature", "geometry": {"type": "Point", "coordinates": [-61.76093, 16.04659]}, "properties": {"taxon": "Anolis marmoratus", "scientificName": "Anolis marmoratus girafus Lazell, 1964", "date": "1971-07-01", "basis": "PRESERVED_SPECIMEN", "dataset": null, "gbifID": "476788522"}}, {"type": "Feature", "geometry": {"type": "Point", "coordinates": [-61.76093, 16.04659]}, "properties": {"taxon": "Anolis marmoratus", "scientificName": "Anolis marmoratus girafus Lazell, 1964", "date": "1971-07-01", "basis": "PRESERVED_SPECIMEN", "dataset": null, "gbifID": "476788523"}}, {"type": "Feature", "geometry": {"type": "Point", "coordinates": [-61.78996, 16.16845]}, "properties": {"taxon": "Anolis marmoratus", "scientificName": "Anolis marmoratus girafus Lazell, 1964", "date": "1971", "basis": "PRESERVED_SPECIMEN", "dataset": null, "gbifID": "476509198"}}, {"type": "Feature", "geometry": {"type": "Point", "coordinates": [-61.78996, 16.16845]}, "properties": {"taxon": "Anolis marmoratus", "scientificName": "Anolis marmoratus girafus Lazell, 1964", "date": "1971", "basis": "PRESERVED_SPECIMEN", "dataset": null, "gbifID": "476691129"}}, {"type": "Feature", "geometry": {"type": "Point", "coordinates": [-61.78996, 16.16845]}, "properties": {"taxon": "Anolis marmoratus", "scientificName": "Anolis marmoratus girafus Lazell, 1964", "date": "1971", "basis": "PRESERVED_SPECIMEN", "dataset": null, "gbifID": "476691344"}}, {"type": "Feature", "geometry": {"type": "Point", "coordinates": [-61.402626, 16.22041]}, "properties": {"taxon": "Anolis marmoratus", "scientificName": "Anolis marmoratus Dum\u00e9ril & Bibron, 1837", "date": "1970-09-18", "basis": "PRESERVED_SPECIMEN", "dataset": null, "gbifID": "5147251167"}}, {"type": "Feature", "geometry": {"type": "Point", "coordinates": [-61.22197, 15.89226]}, "properties": {"taxon": "Anolis marmoratus", "scientificName": "Anolis marmoratus marmoratus Dum\u00e9ril & Bibron, 1837", "date": "1969-12-11", "basis": "PRESERVED_SPECIMEN", "dataset": null, "gbifID": "476506563"}}, {"type": "Feature", "geometry": {"type": "Point", "coordinates": [-61.22197, 15.89226]}, "properties": {"taxon": "Anolis marmoratus", "scientificName": "Anolis marmoratus marmoratus Dum\u00e9ril & Bibron, 1837", "date": "1969-12-11", "basis": "PRESERVED_SPECIMEN", "dataset": null, "gbifID": "476506564"}}, {"type": "Feature", "geometry": {"type": "Point", "coordinates": [-61.22197, 15.89226]}, "properties": {"taxon": "Anolis marmoratus", "scientificName": "Anolis marmoratus marmoratus Dum\u00e9ril & Bibron, 1837", "date": "1969-12-11", "basis": "PRESERVED_SPECIMEN", "dataset": null, "gbifID": "476506565"}}, {"type": "Feature", "geometry": {"type": "Point", "coordinates": [-61.22197, 15.89226]}, "properties": {"taxon": "Anolis marmoratus", "scientificName": "Anolis marmoratus marmoratus Dum\u00e9ril & Bibron, 1837", "date": "1969-12-11", "basis": "PRESERVED_SPECIMEN", "dataset": null, "gbifID": "476506566"}}, {"type": "Feature", "geometry": {"type": "Point", "coordinates": [-61.57024, 16.04651]}, "properties": {"taxon": "Anolis marmoratus", "scientificName": "Anolis marmoratus marmoratus Dum\u00e9ril & Bibron, 1837", "date": "1969-12-11", "basis": "PRESERVED_SPECIMEN", "dataset": null, "gbifID": "476507822"}}, {"type": "Feature", "geometry": {"type": "Point", "coordinates": [-61.57024, 16.04651]}, "properties": {"taxon": "Anolis marmoratus", "scientificName": "Anolis marmoratus marmoratus Dum\u00e9ril & Bibron, 1837", "date": "1969-12-11", "basis": "PRESERVED_SPECIMEN", "dataset": null, "gbifID": "476507823"}}, {"type": "Feature", "geometry": {"type": "Point", "coordinates": [-61.57024, 16.04651]}, "properties": {"taxon": "Anolis marmoratus", "scientificName": "Anolis marmoratus marmoratus Dum\u00e9ril & Bibron, 1837", "date": "1969-12-11", "basis": "PRESERVED_SPECIMEN", "dataset": null, "gbifID": "476507824"}}, {"type": "Feature", "geometry": {"type": "Point", "coordinates": [-61.57024, 16.04651]}, "properties": {"taxon": "Anolis marmoratus", "scientificName": "Anolis marmoratus marmoratus Dum\u00e9ril & Bibron, 1837", "date": "1969-12-11", "basis": "PRESERVED_SPECIMEN", "dataset": null, "gbifID": "476507825"}}, {"type": "Feature", "geometry": {"type": "Point", "coordinates": [-61.57024, 16.04651]}, "properties": {"taxon": "Anolis marmoratus", "scientificName": "Anolis marmoratus marmoratus Dum\u00e9ril & Bibron, 1837", "date": "1969-12-11", "basis": "PRESERVED_SPECIMEN", "dataset": null, "gbifID": "476507826"}}, {"type": "Feature", "geometry": {"type": "Point", "coordinates": [-61.57024, 16.04651]}, "properties": {"taxon": "Anolis marmoratus", "scientificName": "Anolis marmoratus marmoratus Dum\u00e9ril & Bibron, 1837", "date": "1969-12-11", "basis": "PRESERVED_SPECIMEN", "dataset": null, "gbifID": "476507827"}}, {"type": "Feature", "geometry": {"type": "Point", "coordinates": [-61.22197, 15.89226]}, "properties": {"taxon": "Anolis marmoratus", "scientificName": "Anolis marmoratus marmoratus Dum\u00e9ril & Bibron, 1837", "date": "1969-12-11", "basis": "PRESERVED_SPECIMEN", "dataset": null, "gbifID": "476753082"}}, {"type": "Feature", "geometry": {"type": "Point", "coordinates": [-61.22197, 15.89226]}, "properties": {"taxon": "Anolis marmoratus", "scientificName": "Anolis marmoratus marmoratus Dum\u00e9ril & Bibron, 1837", "date": "1969-12-11", "basis": "PRESERVED_SPECIMEN", "dataset": null, "gbifID": "476753083"}}, {"type": "Feature", "geometry": {"type": "Point", "coordinates": [-61.22197, 15.89226]}, "properties": {"taxon": "Anolis marmoratus", "scientificName": "Anolis marmoratus marmoratus Dum\u00e9ril & Bibron, 1837", "date": "1969-12-11", "basis": "PRESERVED_SPECIMEN", "dataset": null, "gbifID": "476753084"}}, {"type": "Feature", "geometry": {"type": "Point", "coordinates": [-61.22197, 15.89226]}, "properties": {"taxon": "Anolis marmoratus", "scientificName": "Anolis marmoratus marmoratus Dum\u00e9ril & Bibron, 1837", "date": "1969-12-11", "basis": "PRESERVED_SPECIMEN", "dataset": null, "gbifID": "476753085"}}, {"type": "Feature", "geometry": {"type": "Point", "coordinates": [-61.22197, 15.89226]}, "properties": {"taxon": "Anolis marmoratus", "scientificName": "Anolis marmoratus marmoratus Dum\u00e9ril & Bibron, 1837", "date": "1969-12-11", "basis": "PRESERVED_SPECIMEN", "dataset": null, "gbifID": "476753086"}}, {"type": "Feature", "geometry": {"type": "Point", "coordinates": [-61.22197, 15.89226]}, "properties": {"taxon": "Anolis marmoratus", "scientificName": "Anolis marmoratus marmoratus Dum\u00e9ril & Bibron, 1837", "date": "1969-12-11", "basis": "PRESERVED_SPECIMEN", "dataset": null, "gbifID": "476753087"}}, {"type": "Feature", "geometry": {"type": "Point", "coordinates": [-61.22197, 15.89226]}, "properties": {"taxon": "Anolis marmoratus", "scientificName": "Anolis marmoratus marmoratus Dum\u00e9ril & Bibron, 1837", "date": "1969-12-11", "basis": "PRESERVED_SPECIMEN", "dataset": null, "gbifID": "476753188"}}, {"type": "Feature", "geometry": {"type": "Point", "coordinates": [-61.22197, 15.89226]}, "properties": {"taxon": "Anolis marmoratus", "scientificName": "Anolis marmoratus marmoratus Dum\u00e9ril & Bibron, 1837", "date": "1969-12-11", "basis": "PRESERVED_SPECIMEN", "dataset": null, "gbifID": "476753189"}}, {"type": "Feature", "geometry": {"type": "Point", "coordinates": [-61.22197, 15.89226]}, "properties": {"taxon": "Anolis marmoratus", "scientificName": "Anolis marmoratus marmoratus Dum\u00e9ril & Bibron, 1837", "date": "1969-12-11", "basis": "PRESERVED_SPECIMEN", "dataset": null, "gbifID": "476753190"}}, {"type": "Feature", "geometry": {"type": "Point", "coordinates": [-61.22197, 15.89226]}, "properties": {"taxon": "Anolis marmoratus", "scientificName": "Anolis marmoratus marmoratus Dum\u00e9ril & Bibron, 1837", "date": "1969-12-11", "basis": "PRESERVED_SPECIMEN", "dataset": null, "gbifID": "476753191"}}, {"type": "Feature", "geometry": {"type": "Point", "coordinates": [-61.22197, 15.89226]}, "properties": {"taxon": "Anolis marmoratus", "scientificName": "Anolis marmoratus marmoratus Dum\u00e9ril & Bibron, 1837", "date": "1969-12-11", "basis": "PRESERVED_SPECIMEN", "dataset": null, "gbifID": "476753192"}}, {"type": "Feature", "geometry": {"type": "Point", "coordinates": [-61.22197, 15.89226]}, "properties": {"taxon": "Anolis marmoratus", "scientificName": "Anolis marmoratus marmoratus Dum\u00e9ril & Bibron, 1837", "date": "1969-12-11", "basis": "PRESERVED_SPECIMEN", "dataset": null, "gbifID": "476753193"}}, {"type": "Feature", "geometry": {"type": "Point", "coordinates": [-61.22197, 15.89226]}, "properties": {"taxon": "Anolis marmoratus", "scientificName": "Anolis marmoratus marmoratus Dum\u00e9ril & Bibron, 1837", "date": "1969-12-11", "basis": "PRESERVED_SPECIMEN", "dataset": null, "gbifID": "476753194"}}, {"type": "Feature", "geometry": {"type": "Point", "coordinates": [-61.22197, 15.89226]}, "properties": {"taxon": "Anolis marmoratus", "scientificName": "Anolis marmoratus marmoratus Dum\u00e9ril & Bibron, 1837", "date": "1969-12-11", "basis": "PRESERVED_SPECIMEN", "dataset": null, "gbifID": "476753195"}}, {"type": "Feature", "geometry": {"type": "Point", "coordinates": [-61.22197, 15.89226]}, "properties": {"taxon": "Anolis marmoratus", "scientificName": "Anolis marmoratus marmoratus Dum\u00e9ril & Bibron, 1837", "date": "1969-12-11", "basis": "PRESERVED_SPECIMEN", "dataset": null, "gbifID": "476753300"}}, {"type": "Feature", "geometry": {"type": "Point", "coordinates": [-61.22197, 15.89226]}, "properties": {"taxon": "Anolis marmoratus", "scientificName": "Anolis marmoratus marmoratus Dum\u00e9ril & Bibron, 1837", "date": "1969-12-11", "basis": "PRESERVED_SPECIMEN", "dataset": null, "gbifID": "476753301"}}, {"type": "Feature", "geometry": {"type": "Point", "coordinates": [-61.22197, 15.89226]}, "properties": {"taxon": "Anolis marmoratus", "scientificName": "Anolis marmoratus marmoratus Dum\u00e9ril & Bibron, 1837", "date": "1969-12-11", "basis": "PRESERVED_SPECIMEN", "dataset": null, "gbifID": "476753302"}}, {"type": "Feature", "geometry": {"type": "Point", "coordinates": [-61.22197, 15.89226]}, "properties": {"taxon": "Anolis marmoratus", "scientificName": "Anolis marmoratus marmoratus Dum\u00e9ril & Bibron, 1837", "date": "1969-12-11", "basis": "PRESERVED_SPECIMEN", "dataset": null, "gbifID": "476753303"}}, {"type": "Feature", "geometry": {"type": "Point", "coordinates": [-61.22197, 15.89226]}, "properties": {"taxon": "Anolis marmoratus", "scientificName": "Anolis marmoratus marmoratus Dum\u00e9ril & Bibron, 1837", "date": "1969-12-11", "basis": "PRESERVED_SPECIMEN", "dataset": null, "gbifID": "476753304"}}, {"type": "Feature", "geometry": {"type": "Point", "coordinates": [-61.22197, 15.89226]}, "properties": {"taxon": "Anolis marmoratus", "scientificName": "Anolis marmoratus marmoratus Dum\u00e9ril & Bibron, 1837", "date": "1969-12-11", "basis": "PRESERVED_SPECIMEN", "dataset": null, "gbifID": "476753305"}}, {"type": "Feature", "geometry": {"type": "Point", "coordinates": [-61.22197, 15.89226]}, "properties": {"taxon": "Anolis marmoratus", "scientificName": "Anolis marmoratus marmoratus Dum\u00e9ril & Bibron, 1837", "date": "1969-12-11", "basis": "PRESERVED_SPECIMEN", "dataset": null, "gbifID": "476753306"}}, {"type": "Feature", "geometry": {"type": "Point", "coordinates": [-61.22197, 15.89226]}, "properties": {"taxon": "Anolis marmoratus", "scientificName": "Anolis marmoratus marmoratus Dum\u00e9ril & Bibron, 1837", "date": "1969-12-11", "basis": "PRESERVED_SPECIMEN", "dataset": null, "gbifID": "476753307"}}, {"type": "Feature", "geometry": {"type": "Point", "coordinates": [-61.22197, 15.89226]}, "properties": {"taxon": "Anolis marmoratus", "scientificName": "Anolis marmoratus marmoratus Dum\u00e9ril & Bibron, 1837", "date": "1969-12-11", "basis": "PRESERVED_SPECIMEN", "dataset": null, "gbifID": "476753415"}}, {"type": "Feature", "geometry": {"type": "Point", "coordinates": [-61.22197, 15.89226]}, "properties": {"taxon": "Anolis marmoratus", "scientificName": "Anolis marmoratus marmoratus Dum\u00e9ril & Bibron, 1837", "date": "1969-12-11", "basis": "PRESERVED_SPECIMEN", "dataset": null, "gbifID": "476753416"}}, {"type": "Feature", "geometry": {"type": "Point", "coordinates": [-61.22197, 15.89226]}, "properties": {"taxon": "Anolis marmoratus", "scientificName": "Anolis marmoratus marmoratus Dum\u00e9ril & Bibron, 1837", "date": "1969-12-11", "basis": "PRESERVED_SPECIMEN", "dataset": null, "gbifID": "476753417"}}, {"type": "Feature", "geometry": {"type": "Point", "coordinates": [-61.57024, 16.04651]}, "properties": {"taxon": "Anolis marmoratus", "scientificName": "Anolis marmoratus marmoratus Dum\u00e9ril & Bibron, 1837", "date": "1969-12-11", "basis": "PRESERVED_SPECIMEN", "dataset": null, "gbifID": "476764003"}}, {"type": "Feature", "geometry": {"type": "Point", "coordinates": [-61.57024, 16.04651]}, "properties": {"taxon": "Anolis marmoratus", "scientificName": "Anolis marmoratus marmoratus Dum\u00e9ril & Bibron, 1837", "date": "1969-12-11", "basis": "PRESERVED_SPECIMEN", "dataset": null, "gbifID": "476764004"}}, {"type": "Feature", "geometry": {"type": "Point", "coordinates": [-61.57024, 16.04651]}, "properties": {"taxon": "Anolis marmoratus", "scientificName": "Anolis marmoratus marmoratus Dum\u00e9ril & Bibron, 1837", "date": "1969-12-11", "basis": "PRESERVED_SPECIMEN", "dataset": null, "gbifID": "476764005"}}, {"type": "Feature", "geometry": {"type": "Point", "coordinates": [-61.57024, 16.04651]}, "properties": {"taxon": "Anolis marmoratus", "scientificName": "Anolis marmoratus marmoratus Dum\u00e9ril & Bibron, 1837", "date": "1969-12-11", "basis": "PRESERVED_SPECIMEN", "dataset": null, "gbifID": "476764006"}}, {"type": "Feature", "geometry": {"type": "Point", "coordinates": [-61.57024, 16.04651]}, "properties": {"taxon": "Anolis marmoratus", "scientificName": "Anolis marmoratus marmoratus Dum\u00e9ril & Bibron, 1837", "date": "1969-12-11", "basis": "PRESERVED_SPECIMEN", "dataset": null, "gbifID": "476764007"}}, {"type": "Feature", "geometry": {"type": "Point", "coordinates": [-61.57024, 16.04651]}, "properties": {"taxon": "Anolis marmoratus", "scientificName": "Anolis marmoratus marmoratus Dum\u00e9ril & Bibron, 1837", "date": "1969-12-11", "basis": "PRESERVED_SPECIMEN", "dataset": null, "gbifID": "476764008"}}, {"type": "Feature", "geometry": {"type": "Point", "coordinates": [-61.57024, 16.04651]}, "properties": {"taxon": "Anolis marmoratus", "scientificName": "Anolis marmoratus marmoratus Dum\u00e9ril & Bibron, 1837", "date": "1969-12-11", "basis": "PRESERVED_SPECIMEN", "dataset": null, "gbifID": "476764009"}}, {"type": "Feature", "geometry": {"type": "Point", "coordinates": [-61.57024, 16.04651]}, "properties": {"taxon": "Anolis marmoratus", "scientificName": "Anolis marmoratus marmoratus Dum\u00e9ril & Bibron, 1837", "date": "1969-12-11", "basis": "PRESERVED_SPECIMEN", "dataset": null, "gbifID": "476764111"}}, {"type": "Feature", "geometry": {"type": "Point", "coordinates": [-61.57024, 16.04651]}, "properties": {"taxon": "Anolis marmoratus", "scientificName": "Anolis marmoratus marmoratus Dum\u00e9ril & Bibron, 1837", "date": "1969-12-11", "basis": "PRESERVED_SPECIMEN", "dataset": null, "gbifID": "476764112"}}, {"type": "Feature", "geometry": {"type": "Point", "coordinates": [-61.57024, 16.04651]}, "properties": {"taxon": "Anolis marmoratus", "scientificName": "Anolis marmoratus marmoratus Dum\u00e9ril & Bibron, 1837", "date": "1969-12-11", "basis": "PRESERVED_SPECIMEN", "dataset": null, "gbifID": "476764113"}}, {"type": "Feature", "geometry": {"type": "Point", "coordinates": [-61.57024, 16.04651]}, "properties": {"taxon": "Anolis marmoratus", "scientificName": "Anolis marmoratus marmoratus Dum\u00e9ril & Bibron, 1837", "date": "1969-12-11", "basis": "PRESERVED_SPECIMEN", "dataset": null, "gbifID": "476764114"}}, {"type": "Feature", "geometry": {"type": "Point", "coordinates": [-61.57024, 16.04651]}, "properties": {"taxon": "Anolis marmoratus", "scientificName": "Anolis marmoratus marmoratus Dum\u00e9ril & Bibron, 1837", "date": "1969-12-11", "basis": "PRESERVED_SPECIMEN", "dataset": null, "gbifID": "476764115"}}, {"type": "Feature", "geometry": {"type": "Point", "coordinates": [-61.57024, 16.04651]}, "properties": {"taxon": "Anolis marmoratus", "scientificName": "Anolis marmoratus marmoratus Dum\u00e9ril & Bibron, 1837", "date": "1969-12-11", "basis": "PRESERVED_SPECIMEN", "dataset": null, "gbifID": "476764116"}}, {"type": "Feature", "geometry": {"type": "Point", "coordinates": [-61.57024, 16.04651]}, "properties": {"taxon": "Anolis marmoratus", "scientificName": "Anolis marmoratus marmoratus Dum\u00e9ril & Bibron, 1837", "date": "1969-12-11", "basis": "PRESERVED_SPECIMEN", "dataset": null, "gbifID": "476764117"}}, {"type": "Feature", "geometry": {"type": "Point", "coordinates": [-61.57024, 16.04651]}, "properties": {"taxon": "Anolis marmoratus", "scientificName": "Anolis marmoratus marmoratus Dum\u00e9ril & Bibron, 1837", "date": "1969-12-11", "basis": "PRESERVED_SPECIMEN", "dataset": null, "gbifID": "476764118"}}, {"type": "Feature", "geometry": {"type": "Point", "coordinates": [-61.57024, 16.04651]}, "properties": {"taxon": "Anolis marmoratus", "scientificName": "Anolis marmoratus marmoratus Dum\u00e9ril & Bibron, 1837", "date": "1969-12-11", "basis": "PRESERVED_SPECIMEN", "dataset": null, "gbifID": "476764216"}}, {"type": "Feature", "geometry": {"type": "Point", "coordinates": [-61.57024, 16.04651]}, "properties": {"taxon": "Anolis marmoratus", "scientificName": "Anolis marmoratus marmoratus Dum\u00e9ril & Bibron, 1837", "date": "1969-12-11", "basis": "PRESERVED_SPECIMEN", "dataset": null, "gbifID": "476764217"}}, {"type": "Feature", "geometry": {"type": "Point", "coordinates": [-61.57024, 16.04651]}, "properties": {"taxon": "Anolis marmoratus", "scientificName": "Anolis marmoratus marmoratus Dum\u00e9ril & Bibron, 1837", "date": "1969-12-11", "basis": "PRESERVED_SPECIMEN", "dataset": null, "gbifID": "476764218"}}, {"type": "Feature", "geometry": {"type": "Point", "coordinates": [-61.57024, 16.04651]}, "properties": {"taxon": "Anolis marmoratus", "scientificName": "Anolis marmoratus marmoratus Dum\u00e9ril & Bibron, 1837", "date": "1969-12-11", "basis": "PRESERVED_SPECIMEN", "dataset": null, "gbifID": "476764219"}}, {"type": "Feature", "geometry": {"type": "Point", "coordinates": [-61.57024, 16.04651]}, "properties": {"taxon": "Anolis marmoratus", "scientificName": "Anolis marmoratus marmoratus Dum\u00e9ril & Bibron, 1837", "date": "1969-12-11", "basis": "PRESERVED_SPECIMEN", "dataset": null, "gbifID": "476764220"}}, {"type": "Feature", "geometry": {"type": "Point", "coordinates": [-61.57024, 16.04651]}, "properties": {"taxon": "Anolis marmoratus", "scientificName": "Anolis marmoratus marmoratus Dum\u00e9ril & Bibron, 1837", "date": "1969-12-11", "basis": "PRESERVED_SPECIMEN", "dataset": null, "gbifID": "476764221"}}, {"type": "Feature", "geometry": {"type": "Point", "coordinates": [-61.57024, 16.04651]}, "properties": {"taxon": "Anolis marmoratus", "scientificName": "Anolis marmoratus marmoratus Dum\u00e9ril & Bibron, 1837", "date": "1969-12-11", "basis": "PRESERVED_SPECIMEN", "dataset": null, "gbifID": "476764222"}}, {"type": "Feature", "geometry": {"type": "Point", "coordinates": [-61.57024, 16.04651]}, "properties": {"taxon": "Anolis marmoratus", "scientificName": "Anolis marmoratus marmoratus Dum\u00e9ril & Bibron, 1837", "date": "1969-12-11", "basis": "PRESERVED_SPECIMEN", "dataset": null, "gbifID": "476764223"}}, {"type": "Feature", "geometry": {"type": "Point", "coordinates": [-61.57024, 16.04651]}, "properties": {"taxon": "Anolis marmoratus", "scientificName": "Anolis marmoratus marmoratus Dum\u00e9ril & Bibron, 1837", "date": "1969-12-11", "basis": "PRESERVED_SPECIMEN", "dataset": null, "gbifID": "476764324"}}, {"type": "Feature", "geometry": {"type": "Point", "coordinates": [-61.57024, 16.04651]}, "properties": {"taxon": "Anolis marmoratus", "scientificName": "Anolis marmoratus marmoratus Dum\u00e9ril & Bibron, 1837", "date": "1969-12-11", "basis": "PRESERVED_SPECIMEN", "dataset": null, "gbifID": "476764325"}}, {"type": "Feature", "geometry": {"type": "Point", "coordinates": [-61.57024, 16.04651]}, "properties": {"taxon": "Anolis marmoratus", "scientificName": "Anolis marmoratus marmoratus Dum\u00e9ril & Bibron, 1837", "date": "1969-12-11", "basis": "PRESERVED_SPECIMEN", "dataset": null, "gbifID": "476764326"}}, {"type": "Feature", "geometry": {"type": "Point", "coordinates": [-61.57024, 16.04651]}, "properties": {"taxon": "Anolis marmoratus", "scientificName": "Anolis marmoratus marmoratus Dum\u00e9ril & Bibron, 1837", "date": "1969-12-11", "basis": "PRESERVED_SPECIMEN", "dataset": null, "gbifID": "476764327"}}, {"type": "Feature", "geometry": {"type": "Point", "coordinates": [-61.57024, 16.04651]}, "properties": {"taxon": "Anolis marmoratus", "scientificName": "Anolis marmoratus marmoratus Dum\u00e9ril & Bibron, 1837", "date": "1969-12-11", "basis": "PRESERVED_SPECIMEN", "dataset": null, "gbifID": "476764328"}}, {"type": "Feature", "geometry": {"type": "Point", "coordinates": [-61.57024, 16.04651]}, "properties": {"taxon": "Anolis marmoratus", "scientificName": "Anolis marmoratus marmoratus Dum\u00e9ril & Bibron, 1837", "date": "1969-12-11", "basis": "PRESERVED_SPECIMEN", "dataset": null, "gbifID": "476764329"}}, {"type": "Feature", "geometry": {"type": "Point", "coordinates": [-61.57024, 16.04651]}, "properties": {"taxon": "Anolis marmoratus", "scientificName": "Anolis marmoratus marmoratus Dum\u00e9ril & Bibron, 1837", "date": "1969-12-11", "basis": "PRESERVED_SPECIMEN", "dataset": null, "gbifID": "476764330"}}, {"type": "Feature", "geometry": {"type": "Point", "coordinates": [-61.58333, 16.25]}, "properties": {"taxon": "Anolis marmoratus", "scientificName": "Anolis marmoratus Dum\u00e9ril & Bibron, 1837", "date": "1968-03-01", "basis": "PRESERVED_SPECIMEN", "dataset": null, "gbifID": "476751692"}}, {"type": "Feature", "geometry": {"type": "Point", "coordinates": [-61.67806, 16.14943]}, "properties": {"taxon": "Anolis marmoratus", "scientificName": "Anolis marmoratus alliaceus Cope, 1864", "date": "1966-02-28", "basis": "PRESERVED_SPECIMEN", "dataset": null, "gbifID": "476507337"}}, {"type": "Feature", "geometry": {"type": "Point", "coordinates": [-61.58333, 16.25]}, "properties": {"taxon": "Anolis marmoratus", "scientificName": "Anolis marmoratus marmoratus Dum\u00e9ril & Bibron, 1837", "date": "1966-02-28", "basis": "PRESERVED_SPECIMEN", "dataset": null, "gbifID": "476755493"}}, {"type": "Feature", "geometry": {"type": "Point", "coordinates": [-61.58333, 16.25]}, "properties": {"taxon": "Anolis marmoratus", "scientificName": "Anolis marmoratus marmoratus Dum\u00e9ril & Bibron, 1837", "date": "1966-02-28", "basis": "PRESERVED_SPECIMEN", "dataset": null, "gbifID": "476755494"}}, {"type": "Feature", "geometry": {"type": "Point", "coordinates": [-61.58333, 16.25]}, "properties": {"taxon": "Anolis marmoratus", "scientificName": "Anolis marmoratus marmoratus Dum\u00e9ril & Bibron, 1837", "date": "1966-02-28", "basis": "PRESERVED_SPECIMEN", "dataset": null, "gbifID": "476755600"}}, {"type": "Feature", "geometry": {"type": "Point", "coordinates": [-61.58333, 16.25]}, "properties": {"taxon": "Anolis marmoratus", "scientificName": "Anolis marmoratus marmoratus Dum\u00e9ril & Bibron, 1837", "date": "1966-02-28", "basis": "PRESERVED_SPECIMEN", "dataset": null, "gbifID": "476755601"}}, {"type": "Feature", "geometry": {"type": "Point", "coordinates": [-61.58333, 16.25]}, "properties": {"taxon": "Anolis marmoratus", "scientificName": "Anolis marmoratus marmoratus Dum\u00e9ril & Bibron, 1837", "date": "1966-02-28", "basis": "PRESERVED_SPECIMEN", "dataset": null, "gbifID": "476755602"}}, {"type": "Feature", "geometry": {"type": "Point", "coordinates": [-61.58333, 16.25]}, "properties": {"taxon": "Anolis marmoratus", "scientificName": "Anolis marmoratus marmoratus Dum\u00e9ril & Bibron, 1837", "date": "1966-02-28", "basis": "PRESERVED_SPECIMEN", "dataset": null, "gbifID": "476755603"}}, {"type": "Feature", "geometry": {"type": "Point", "coordinates": [-61.58333, 16.25]}, "properties": {"taxon": "Anolis marmoratus", "scientificName": "Anolis marmoratus marmoratus Dum\u00e9ril & Bibron, 1837", "date": "1966-02-28", "basis": "PRESERVED_SPECIMEN", "dataset": null, "gbifID": "476755604"}}, {"type": "Feature", "geometry": {"type": "Point", "coordinates": [-61.58333, 16.25]}, "properties": {"taxon": "Anolis marmoratus", "scientificName": "Anolis marmoratus marmoratus Dum\u00e9ril & Bibron, 1837", "date": "1966-02-28", "basis": "PRESERVED_SPECIMEN", "dataset": null, "gbifID": "476755605"}}, {"type": "Feature", "geometry": {"type": "Point", "coordinates": [-61.58333, 16.25]}, "properties": {"taxon": "Anolis marmoratus", "scientificName": "Anolis marmoratus marmoratus Dum\u00e9ril & Bibron, 1837", "date": "1966-02-28", "basis": "PRESERVED_SPECIMEN", "dataset": null, "gbifID": "476755606"}}, {"type": "Feature", "geometry": {"type": "Point", "coordinates": [-61.67806, 16.14943]}, "properties": {"taxon": "Anolis marmoratus", "scientificName": "Anolis marmoratus alliaceus Cope, 1864", "date": "1966-02-28", "basis": "PRESERVED_SPECIMEN", "dataset": null, "gbifID": "476755714"}}, {"type": "Feature", "geometry": {"type": "Point", "coordinates": [-61.55111, 16.25939]}, "properties": {"taxon": "Anolis marmoratus", "scientificName": "Anolis marmoratus alliaceus Cope, 1864", "date": "1966-02-28", "basis": "PRESERVED_SPECIMEN", "dataset": null, "gbifID": "476755715"}}, {"type": "Feature", "geometry": {"type": "Point", "coordinates": [-61.58333, 16.25]}, "properties": {"taxon": "Anolis marmoratus", "scientificName": "Anolis marmoratus marmoratus Dum\u00e9ril & Bibron, 1837", "date": "1966-02-28", "basis": "PRESERVED_SPECIMEN", "dataset": null, "gbifID": "476799951"}}, {"type": "Feature", "geometry": {"type": "Point", "coordinates": [-61.56425, 16.04495]}, "properties": {"taxon": "Anolis marmoratus", "scientificName": "Anolis marmoratus marmoratus Dum\u00e9ril & Bibron, 1837", "date": "1965-06-25", "basis": "PRESERVED_SPECIMEN", "dataset": null, "gbifID": "476504429"}}, {"type": "Feature", "geometry": {"type": "Point", "coordinates": [-61.53171, 16.26746]}, "properties": {"taxon": "Anolis marmoratus", "scientificName": "Anolis marmoratus speciosus (Garman, 1887)", "date": "1965-06-27", "basis": "PRESERVED_SPECIMEN", "dataset": null, "gbifID": "476504430"}}, {"type": "Feature", "geometry": {"type": "Point", "coordinates": [-61.50486, 16.46927]}, "properties": {"taxon": "Anolis marmoratus", "scientificName": "Anolis marmoratus inornatus Lazell, 1964", "date": "1965-06-24", "basis": "PRESERVED_SPECIMEN", "dataset": null, "gbifID": "476504431"}}, {"type": "Feature", "geometry": {"type": "Point", "coordinates": [-61.50486, 16.46927]}, "properties": {"taxon": "Anolis marmoratus", "scientificName": "Anolis marmoratus inornatus Lazell, 1964", "date": "1965-06-24", "basis": "PRESERVED_SPECIMEN", "dataset": null, "gbifID": "476504432"}}, {"type": "Feature", "geometry": {"type": "Point", "coordinates": [-61.8, 16.25]}, "properties": {"taxon": "Anolis marmoratus", "scientificName": "Anolis marmoratus girafus Lazell, 1964", "date": "1965-06-25", "basis": "PRESERVED_SPECIMEN", "dataset": null, "gbifID": "476504447"}}, {"type": "Feature", "geometry": {"type": "Point", "coordinates": [-61.56425, 16.04495]}, "properties": {"taxon": "Anolis marmoratus", "scientificName": "Anolis marmoratus marmoratus Dum\u00e9ril & Bibron, 1837", "date": "1965-06-27", "basis": "PRESERVED_SPECIMEN", "dataset": null, "gbifID": "476734739"}}, {"type": "Feature", "geometry": {"type": "Point", "coordinates": [-61.56425, 16.04495]}, "properties": {"taxon": "Anolis marmoratus", "scientificName": "Anolis marmoratus marmoratus Dum\u00e9ril & Bibron, 1837", "date": "1965-06-25", "basis": "PRESERVED_SPECIMEN", "dataset": null, "gbifID": "476736304"}}, {"type": "Feature", "geometry": {"type": "Point", "coordinates": [-61.56425, 16.04495]}, "properties": {"taxon": "Anolis marmoratus", "scientificName": "Anolis marmoratus marmoratus Dum\u00e9ril & Bibron, 1837", "date": "1965-06-25", "basis": "PRESERVED_SPECIMEN", "dataset": null, "gbifID": "476736305"}}, {"type": "Feature", "geometry": {"type": "Point", "coordinates": [-61.56425, 16.04495]}, "properties": {"taxon": "Anolis marmoratus", "scientificName": "Anolis marmoratus marmoratus Dum\u00e9ril & Bibron, 1837", "date": "1965-06-25", "basis": "PRESERVED_SPECIMEN", "dataset": null, "gbifID": "476736306"}}, {"type": "Feature", "geometry": {"type": "Point", "coordinates": [-61.56425, 16.04495]}, "properties": {"taxon": "Anolis marmoratus", "scientificName": "Anolis marmoratus marmoratus Dum\u00e9ril & Bibron, 1837", "date": "1965-06-25", "basis": "PRESERVED_SPECIMEN", "dataset": null, "gbifID": "476736307"}}, {"type": "Feature", "geometry": {"type": "Point", "coordinates": [-61.56425, 16.04495]}, "properties": {"taxon": "Anolis marmoratus", "scientificName": "Anolis marmoratus marmoratus Dum\u00e9ril & Bibron, 1837", "date": "1965-06-25", "basis": "PRESERVED_SPECIMEN", "dataset": null, "gbifID": "476736308"}}, {"type": "Feature", "geometry": {"type": "Point", "coordinates": [-61.56425, 16.04495]}, "properties": {"taxon": "Anolis marmoratus", "scientificName": "Anolis marmoratus marmoratus Dum\u00e9ril & Bibron, 1837", "date": "1965-06-25", "basis": "PRESERVED_SPECIMEN", "dataset": null, "gbifID": "476736410"}}, {"type": "Feature", "geometry": {"type": "Point", "coordinates": [-61.56425, 16.04495]}, "properties": {"taxon": "Anolis marmoratus", "scientificName": "Anolis marmoratus marmoratus Dum\u00e9ril & Bibron, 1837", "date": "1965-06-25", "basis": "PRESERVED_SPECIMEN", "dataset": null, "gbifID": "476736411"}}, {"type": "Feature", "geometry": {"type": "Point", "coordinates": [-61.56425, 16.04495]}, "properties": {"taxon": "Anolis marmoratus", "scientificName": "Anolis marmoratus marmoratus Dum\u00e9ril & Bibron, 1837", "date": "1965-06-25", "basis": "PRESERVED_SPECIMEN", "dataset": null, "gbifID": "476736412"}}, {"type": "Feature", "geometry": {"type": "Point", "coordinates": [-61.56425, 16.04495]}, "properties": {"taxon": "Anolis marmoratus", "scientificName": "Anolis marmoratus marmoratus Dum\u00e9ril & Bibron, 1837", "date": "1965-06-25", "basis": "PRESERVED_SPECIMEN", "dataset": null, "gbifID": "476736413"}}, {"type": "Feature", "geometry": {"type": "Point", "coordinates": [-61.56425, 16.04495]}, "properties": {"taxon": "Anolis marmoratus", "scientificName": "Anolis marmoratus marmoratus Dum\u00e9ril & Bibron, 1837", "date": "1965-06-25", "basis": "PRESERVED_SPECIMEN", "dataset": null, "gbifID": "476736414"}}, {"type": "Feature", "geometry": {"type": "Point", "coordinates": [-61.56425, 16.04495]}, "properties": {"taxon": "Anolis marmoratus", "scientificName": "Anolis marmoratus marmoratus Dum\u00e9ril & Bibron, 1837", "date": "1965-06-25", "basis": "PRESERVED_SPECIMEN", "dataset": null, "gbifID": "476736415"}}, {"type": "Feature", "geometry": {"type": "Point", "coordinates": [-61.56425, 16.04495]}, "properties": {"taxon": "Anolis marmoratus", "scientificName": "Anolis marmoratus marmoratus Dum\u00e9ril & Bibron, 1837", "date": "1965-06-25", "basis": "PRESERVED_SPECIMEN", "dataset": null, "gbifID": "476736416"}}, {"type": "Feature", "geometry": {"type": "Point", "coordinates": [-61.50486, 16.46927]}, "properties": {"taxon": "Anolis marmoratus", "scientificName": "Anolis marmoratus inornatus Lazell, 1964", "date": "1965-06-24", "basis": "PRESERVED_SPECIMEN", "dataset": null, "gbifID": "476736422"}}, {"type": "Feature", "geometry": {"type": "Point", "coordinates": [-61.55111, 16.25939]}, "properties": {"taxon": "Anolis marmoratus", "scientificName": "Anolis marmoratus alliaceus Cope, 1864", "date": "1965-06-25", "basis": "PRESERVED_SPECIMEN", "dataset": null, "gbifID": "476736512"}}, {"type": "Feature", "geometry": {"type": "Point", "coordinates": [-61.55111, 16.25939]}, "properties": {"taxon": "Anolis marmoratus", "scientificName": "Anolis marmoratus alliaceus Cope, 1864", "date": "1965-06-25", "basis": "PRESERVED_SPECIMEN", "dataset": null, "gbifID": "476736513"}}, {"type": "Feature", "geometry": {"type": "Point", "coordinates": [-61.47005, 16.2097]}, "properties": {"taxon": "Anolis marmoratus", "scientificName": "Anolis marmoratus speciosus (Garman, 1887)", "date": "1965-06-24", "basis": "PRESERVED_SPECIMEN", "dataset": null, "gbifID": "476736514"}}, {"type": "Feature", "geometry": {"type": "Point", "coordinates": [-61.50486, 16.46927]}, "properties": {"taxon": "Anolis marmoratus", "scientificName": "Anolis marmoratus inornatus Lazell, 1964", "date": "1965-06-24", "basis": "PRESERVED_SPECIMEN", "dataset": null, "gbifID": "476736515"}}, {"type": "Feature", "geometry": {"type": "Point", "coordinates": [-61.50486, 16.46927]}, "properties": {"taxon": "Anolis marmoratus", "scientificName": "Anolis marmoratus inornatus Lazell, 1964", "date": "1965-06-24", "basis": "PRESERVED_SPECIMEN", "dataset": null, "gbifID": "476736516"}}, {"type": "Feature", "geometry": {"type": "Point", "coordinates": [-61.50486, 16.46927]}, "properties": {"taxon": "Anolis marmoratus", "scientificName": "Anolis marmoratus inornatus Lazell, 1964", "date": "1965-06-24", "basis": "PRESERVED_SPECIMEN", "dataset": null, "gbifID": "476736517"}}, {"type": "Feature", "geometry": {"type": "Point", "coordinates": [-61.50486, 16.46927]}, "properties": {"taxon": "Anolis marmoratus", "scientificName": "Anolis marmoratus inornatus Lazell, 1964", "date": "1965-06-24", "basis": "PRESERVED_SPECIMEN", "dataset": null, "gbifID": "476736518"}}, {"type": "Feature", "geometry": {"type": "Point", "coordinates": [-61.8, 16.25]}, "properties": {"taxon": "Anolis marmoratus", "scientificName": "Anolis marmoratus girafus Lazell, 1964", "date": "1965-06-25", "basis": "PRESERVED_SPECIMEN", "dataset": null, "gbifID": "476736519"}}, {"type": "Feature", "geometry": {"type": "Point", "coordinates": [-61.8, 16.25]}, "properties": {"taxon": "Anolis marmoratus", "scientificName": "Anolis marmoratus girafus Lazell, 1964", "date": "1965-06-25", "basis": "PRESERVED_SPECIMEN", "dataset": null, "gbifID": "476736520"}}, {"type": "Feature", "geometry": {"type": "Point", "coordinates": [-61.8, 16.25]}, "properties": {"taxon": "Anolis marmoratus", "scientificName": "Anolis marmoratus girafus Lazell, 1964", "date": "1965-06-25", "basis": "PRESERVED_SPECIMEN", "dataset": null, "gbifID": "476736521"}}, {"type": "Feature", "geometry": {"type": "Point", "coordinates": [-61.8, 16.25]}, "properties": {"taxon": "Anolis marmoratus", "scientificName": "Anolis marmoratus girafus Lazell, 1964", "date": "1965-06-25", "basis": "PRESERVED_SPECIMEN", "dataset": null, "gbifID": "476736522"}}, {"type": "Feature", "geometry": {"type": "Point", "coordinates": [-61.8, 16.25]}, "properties": {"taxon": "Anolis marmoratus", "scientificName": "Anolis marmoratus girafus Lazell, 1964", "date": "1965-06-25", "basis": "PRESERVED_SPECIMEN", "dataset": null, "gbifID": "476736523"}}, {"type": "Feature", "geometry": {"type": "Point", "coordinates": [-61.8, 16.25]}, "properties": {"taxon": "Anolis marmoratus", "scientificName": "Anolis marmoratus girafus Lazell, 1964", "date": "1965-06-25", "basis": "PRESERVED_SPECIMEN", "dataset": null, "gbifID": "476736524"}}, {"type": "Feature", "geometry": {"type": "Point", "coordinates": [-61.8, 16.25]}, "properties": {"taxon": "Anolis marmoratus", "scientificName": "Anolis marmoratus girafus Lazell, 1964", "date": "1965-06-25", "basis": "PRESERVED_SPECIMEN", "dataset": null, "gbifID": "476736525"}}, {"type": "Feature", "geometry": {"type": "Point", "coordinates": [-61.50486, 16.46927]}, "properties": {"taxon": "Anolis marmoratus", "scientificName": "Anolis marmoratus inornatus Lazell, 1964", "date": "1965-06-24", "basis": "PRESERVED_SPECIMEN", "dataset": null, "gbifID": "476736616"}}, {"type": "Feature", "geometry": {"type": "Point", "coordinates": [-61.50486, 16.46927]}, "properties": {"taxon": "Anolis marmoratus", "scientificName": "Anolis marmoratus inornatus Lazell, 1964", "date": "1965-06-24", "basis": "PRESERVED_SPECIMEN", "dataset": null, "gbifID": "476736617"}}, {"type": "Feature", "geometry": {"type": "Point", "coordinates": [-61.50486, 16.46927]}, "properties": {"taxon": "Anolis marmoratus", "scientificName": "Anolis marmoratus inornatus Lazell, 1964", "date": "1965-06-24", "basis": "PRESERVED_SPECIMEN", "dataset": null, "gbifID": "476736618"}}, {"type": "Feature", "geometry": {"type": "Point", "coordinates": [-61.50486, 16.46927]}, "properties": {"taxon": "Anolis marmoratus", "scientificName": "Anolis marmoratus inornatus Lazell, 1964", "date": "1965-06-24", "basis": "PRESERVED_SPECIMEN", "dataset": null, "gbifID": "476736619"}}, {"type": "Feature", "geometry": {"type": "Point", "coordinates": [-61.50486, 16.46927]}, "properties": {"taxon": "Anolis marmoratus", "scientificName": "Anolis marmoratus inornatus Lazell, 1964", "date": "1965-06-24", "basis": "PRESERVED_SPECIMEN", "dataset": null, "gbifID": "476736620"}}, {"type": "Feature", "geometry": {"type": "Point", "coordinates": [-61.50486, 16.46927]}, "properties": {"taxon": "Anolis marmoratus", "scientificName": "Anolis marmoratus inornatus Lazell, 1964", "date": "1965-06-24", "basis": "PRESERVED_SPECIMEN", "dataset": null, "gbifID": "476736621"}}, {"type": "Feature", "geometry": {"type": "Point", "coordinates": [-61.50486, 16.46927]}, "properties": {"taxon": "Anolis marmoratus", "scientificName": "Anolis marmoratus inornatus Lazell, 1964", "date": "1965-06-24", "basis": "PRESERVED_SPECIMEN", "dataset": null, "gbifID": "476736622"}}, {"type": "Feature", "geometry": {"type": "Point", "coordinates": [-61.8, 16.25]}, "properties": {"taxon": "Anolis marmoratus", "scientificName": "Anolis marmoratus girafus Lazell, 1964", "date": "1965-06-25", "basis": "PRESERVED_SPECIMEN", "dataset": null, "gbifID": "476736623"}}, {"type": "Feature", "geometry": {"type": "Point", "coordinates": [-61.50486, 16.46927]}, "properties": {"taxon": "Anolis marmoratus", "scientificName": "Anolis marmoratus inornatus Lazell, 1964", "date": "1965-06-24", "basis": "PRESERVED_SPECIMEN", "dataset": null, "gbifID": "476736722"}}, {"type": "Feature", "geometry": {"type": "Point", "coordinates": [-61.50486, 16.46927]}, "properties": {"taxon": "Anolis marmoratus", "scientificName": "Anolis marmoratus inornatus Lazell, 1964", "date": "1965-06-24", "basis": "PRESERVED_SPECIMEN", "dataset": null, "gbifID": "476736723"}}, {"type": "Feature", "geometry": {"type": "Point", "coordinates": [-61.50486, 16.46927]}, "properties": {"taxon": "Anolis marmoratus", "scientificName": "Anolis marmoratus inornatus Lazell, 1964", "date": "1965-06-24", "basis": "PRESERVED_SPECIMEN", "dataset": null, "gbifID": "476736724"}}, {"type": "Feature", "geometry": {"type": "Point", "coordinates": [-61.50486, 16.46927]}, "properties": {"taxon": "Anolis marmoratus", "scientificName": "Anolis marmoratus inornatus Lazell, 1964", "date": "1965-06-24", "basis": "PRESERVED_SPECIMEN", "dataset": null, "gbifID": "476736725"}}, {"type": "Feature", "geometry": {"type": "Point", "coordinates": [-61.50486, 16.46927]}, "properties": {"taxon": "Anolis marmoratus", "scientificName": "Anolis marmoratus inornatus Lazell, 1964", "date": "1965-06-24", "basis": "PRESERVED_SPECIMEN", "dataset": null, "gbifID": "476736726"}}, {"type": "Feature", "geometry": {"type": "Point", "coordinates": [-61.50486, 16.46927]}, "properties": {"taxon": "Anolis marmoratus", "scientificName": "Anolis marmoratus inornatus Lazell, 1964", "date": "1965-06-24", "basis": "PRESERVED_SPECIMEN", "dataset": null, "gbifID": "476736727"}}, {"type": "Feature", "geometry": {"type": "Point", "coordinates": [-61.8, 16.25]}, "properties": {"taxon": "Anolis marmoratus", "scientificName": "Anolis marmoratus girafus Lazell, 1964", "date": "1965-06-25", "basis": "PRESERVED_SPECIMEN", "dataset": null, "gbifID": "476796137"}}, {"type": "Feature", "geometry": {"type": "Point", "coordinates": [-61.56425, 16.04495]}, "properties": {"taxon": "Anolis marmoratus", "scientificName": "Anolis marmoratus marmoratus Dum\u00e9ril & Bibron, 1837", "date": "1965-07-01", "basis": "PRESERVED_SPECIMEN", "dataset": null, "gbifID": "476772050"}}, {"type": "Feature", "geometry": {"type": "Point", "coordinates": [-61.32658, 16.30623]}, "properties": {"taxon": "Anolis marmoratus", "scientificName": "Anolis marmoratus inornatus Lazell, 1964", "date": "1964-01-30", "basis": "PRESERVED_SPECIMEN", "dataset": null, "gbifID": "476721054"}}, {"type": "Feature", "geometry": {"type": "Point", "coordinates": [-61.58333, 15.86667]}, "properties": {"taxon": "Anolis marmoratus", "scientificName": "Anolis marmoratus Dum\u00e9ril & Bibron, 1837", "date": "1964-02-06", "basis": "PRESERVED_SPECIMEN", "dataset": null, "gbifID": "476721051"}}, {"type": "Feature", "geometry": {"type": "Point", "coordinates": [-61.58333, 15.86667]}, "properties": {"taxon": "Anolis marmoratus", "scientificName": "Anolis marmoratus Dum\u00e9ril & Bibron, 1837", "date": "1964-02-06", "basis": "PRESERVED_SPECIMEN", "dataset": null, "gbifID": "476721052"}}, {"type": "Feature", "geometry": {"type": "Point", "coordinates": [-61.58333, 15.86667]}, "properties": {"taxon": "Anolis marmoratus", "scientificName": "Anolis marmoratus Dum\u00e9ril & Bibron, 1837", "date": "1964-02-06", "basis": "PRESERVED_SPECIMEN", "dataset": null, "gbifID": "476721053"}}, {"type": "Feature", "geometry": {"type": "Point", "coordinates": [-61.43776, 16.22363]}, "properties": {"taxon": "Anolis marmoratus", "scientificName": "Anolis marmoratus speciosus (Garman, 1887)", "date": "1964-07-25", "basis": "PRESERVED_SPECIMEN", "dataset": null, "gbifID": "476502384"}}, {"type": "Feature", "geometry": {"type": "Point", "coordinates": [-61.43776, 16.22363]}, "properties": {"taxon": "Anolis marmoratus", "scientificName": "Anolis marmoratus speciosus (Garman, 1887)", "date": "1964-07-25", "basis": "PRESERVED_SPECIMEN", "dataset": null, "gbifID": "476720920"}}, {"type": "Feature", "geometry": {"type": "Point", "coordinates": [-61.43776, 16.22363]}, "properties": {"taxon": "Anolis marmoratus", "scientificName": "Anolis marmoratus speciosus (Garman, 1887)", "date": "1964-07-25", "basis": "PRESERVED_SPECIMEN", "dataset": null, "gbifID": "476720921"}}, {"type": "Feature", "geometry": {"type": "Point", "coordinates": [-61.64417, 15.85011]}, "properties": {"taxon": "Anolis marmoratus", "scientificName": "Anolis marmoratus caryae Lazell, 1964", "date": "1964-08-01", "basis": "PRESERVED_SPECIMEN", "dataset": null, "gbifID": "476501861"}}, {"type": "Feature", "geometry": {"type": "Point", "coordinates": [-61.39086, 16.23525]}, "properties": {"taxon": "Anolis marmoratus", "scientificName": "Anolis marmoratus speciosus (Garman, 1887)", "date": "1964-08-13", "basis": "PRESERVED_SPECIMEN", "dataset": null, "gbifID": "476501881"}}, {"type": "Feature", "geometry": {"type": "Point", "coordinates": [-61.64417, 15.85011]}, "properties": {"taxon": "Anolis marmoratus", "scientificName": "Anolis marmoratus caryae Lazell, 1964", "date": "1964-08-01", "basis": "PRESERVED_SPECIMEN", "dataset": null, "gbifID": "476502030"}}, {"type": "Feature", "geometry": {"type": "Point", "coordinates": [-61.35, 16.3333]}, "properties": {"taxon": "Anolis marmoratus", "scientificName": "Anolis marmoratus inornatus Lazell, 1964", "date": "1964-08-09", "basis": "PRESERVED_SPECIMEN", "dataset": null, "gbifID": "476502031"}}, {"type": "Feature", "geometry": {"type": "Point", "coordinates": [-61.63348, 15.85417]}, "properties": {"taxon": "Anolis marmoratus", "scientificName": "Anolis marmoratus caryae Lazell, 1964", "date": "1964-08-10", "basis": "PRESERVED_SPECIMEN", "dataset": null, "gbifID": "476502032"}}, {"type": "Feature", "geometry": {"type": "Point", "coordinates": [-61.63348, 15.85417]}, "properties": {"taxon": "Anolis marmoratus", "scientificName": "Anolis marmoratus caryae Lazell, 1964", "date": "1964-08-10", "basis": "PRESERVED_SPECIMEN", "dataset": null, "gbifID": "476502055"}}, {"type": "Feature", "geometry": {"type": "Point", "coordinates": [-61.78968, 16.16849]}, "properties": {"taxon": "Anolis marmoratus", "scientificName": "Anolis marmoratus girafus Lazell, 1964", "date": "1964-08-15", "basis": "PRESERVED_SPECIMEN", "dataset": null, "gbifID": "476502056"}}, {"type": "Feature", "geometry": {"type": "Point", "coordinates": [-61.78968, 16.16849]}, "properties": {"taxon": "Anolis marmoratus", "scientificName": "Anolis marmoratus girafus Lazell, 1964", "date": "1964-08-15", "basis": "PRESERVED_SPECIMEN", "dataset": null, "gbifID": "476721962"}}, {"type": "Feature", "geometry": {"type": "Point", "coordinates": [-61.78968, 16.16849]}, "properties": {"taxon": "Anolis marmoratus", "scientificName": "Anolis marmoratus girafus Lazell, 1964", "date": "1964-08-15", "basis": "PRESERVED_SPECIMEN", "dataset": null, "gbifID": "476721963"}}, {"type": "Feature", "geometry": {"type": "Point", "coordinates": [-61.78968, 16.16849]}, "properties": {"taxon": "Anolis marmoratus", "scientificName": "Anolis marmoratus girafus Lazell, 1964", "date": "1964-08-15", "basis": "PRESERVED_SPECIMEN", "dataset": null, "gbifID": "476721964"}}, {"type": "Feature", "geometry": {"type": "Point", "coordinates": [-61.78968, 16.16849]}, "properties": {"taxon": "Anolis marmoratus", "scientificName": "Anolis marmoratus girafus Lazell, 1964", "date": "1964-08-15", "basis": "PRESERVED_SPECIMEN", "dataset": null, "gbifID": "476721965"}}, {"type": "Feature", "geometry": {"type": "Point", "coordinates": [-61.64417, 15.85011]}, "properties": {"taxon": "Anolis marmoratus", "scientificName": "Anolis marmoratus caryae Lazell, 1964", "date": "1964-08-01", "basis": "PRESERVED_SPECIMEN", "dataset": null, "gbifID": "476723061"}}, {"type": "Feature", "geometry": {"type": "Point", "coordinates": [-61.64417, 15.85011]}, "properties": {"taxon": "Anolis marmoratus", "scientificName": "Anolis marmoratus caryae Lazell, 1964", "date": "1964-08-01", "basis": "PRESERVED_SPECIMEN", "dataset": null, "gbifID": "476723062"}}, {"type": "Feature", "geometry": {"type": "Point", "coordinates": [-61.64417, 15.85011]}, "properties": {"taxon": "Anolis marmoratus", "scientificName": "Anolis marmoratus caryae Lazell, 1964", "date": "1964-08-01", "basis": "PRESERVED_SPECIMEN", "dataset": null, "gbifID": "476723063"}}, {"type": "Feature", "geometry": {"type": "Point", "coordinates": [-61.35, 16.3333]}, "properties": {"taxon": "Anolis marmoratus", "scientificName": "Anolis marmoratus inornatus Lazell, 1964", "date": "1964-08-09", "basis": "PRESERVED_SPECIMEN", "dataset": null, "gbifID": "476723165"}}, {"type": "Feature", "geometry": {"type": "Point", "coordinates": [-61.35, 16.3333]}, "properties": {"taxon": "Anolis marmoratus", "scientificName": "Anolis marmoratus inornatus Lazell, 1964", "date": "1964-08-09", "basis": "PRESERVED_SPECIMEN", "dataset": null, "gbifID": "476723166"}}, {"type": "Feature", "geometry": {"type": "Point", "coordinates": [-61.35, 16.3333]}, "properties": {"taxon": "Anolis marmoratus", "scientificName": "Anolis marmoratus inornatus Lazell, 1964", "date": "1964-08-09", "basis": "PRESERVED_SPECIMEN", "dataset": null, "gbifID": "476723167"}}, {"type": "Feature", "geometry": {"type": "Point", "coordinates": [-61.35, 16.3333]}, "properties": {"taxon": "Anolis marmoratus", "scientificName": "Anolis marmoratus inornatus Lazell, 1964", "date": "1964-08-09", "basis": "PRESERVED_SPECIMEN", "dataset": null, "gbifID": "476723168"}}, {"type": "Feature", "geometry": {"type": "Point", "coordinates": [-61.35, 16.3333]}, "properties": {"taxon": "Anolis marmoratus", "scientificName": "Anolis marmoratus inornatus Lazell, 1964", "date": "1964-08-09", "basis": "PRESERVED_SPECIMEN", "dataset": null, "gbifID": "476723169"}}, {"type": "Feature", "geometry": {"type": "Point", "coordinates": [-61.35, 16.3333]}, "properties": {"taxon": "Anolis marmoratus", "scientificName": "Anolis marmoratus inornatus Lazell, 1964", "date": "1964-08-09", "basis": "PRESERVED_SPECIMEN", "dataset": null, "gbifID": "476723170"}}, {"type": "Feature", "geometry": {"type": "Point", "coordinates": [-61.63348, 15.85417]}, "properties": {"taxon": "Anolis marmoratus", "scientificName": "Anolis marmoratus caryae Lazell, 1964", "date": "1964-08-10", "basis": "PRESERVED_SPECIMEN", "dataset": null, "gbifID": "476723171"}}, {"type": "Feature", "geometry": {"type": "Point", "coordinates": [-61.63348, 15.85417]}, "properties": {"taxon": "Anolis marmoratus", "scientificName": "Anolis marmoratus caryae Lazell, 1964", "date": "1964-08-10", "basis": "PRESERVED_SPECIMEN", "dataset": null, "gbifID": "476723172"}}, {"type": "Feature", "geometry": {"type": "Point", "coordinates": [-61.63348, 15.85417]}, "properties": {"taxon": "Anolis marmoratus", "scientificName": "Anolis marmoratus caryae Lazell, 1964", "date": "1964-08-10", "basis": "PRESERVED_SPECIMEN", "dataset": null, "gbifID": "476723277"}}, {"type": "Feature", "geometry": {"type": "Point", "coordinates": [-61.63348, 15.85417]}, "properties": {"taxon": "Anolis marmoratus", "scientificName": "Anolis marmoratus caryae Lazell, 1964", "date": "1964-08-10", "basis": "PRESERVED_SPECIMEN", "dataset": null, "gbifID": "476723278"}}, {"type": "Feature", "geometry": {"type": "Point", "coordinates": [-61.63348, 15.85417]}, "properties": {"taxon": "Anolis marmoratus", "scientificName": "Anolis marmoratus caryae Lazell, 1964", "date": "1964-08-10", "basis": "PRESERVED_SPECIMEN", "dataset": null, "gbifID": "476723279"}}, {"type": "Feature", "geometry": {"type": "Point", "coordinates": [-61.63348, 15.85417]}, "properties": {"taxon": "Anolis marmoratus", "scientificName": "Anolis marmoratus caryae Lazell, 1964", "date": "1964-08-10", "basis": "PRESERVED_SPECIMEN", "dataset": null, "gbifID": "476723522"}}, {"type": "Feature", "geometry": {"type": "Point", "coordinates": [-61.63348, 15.85417]}, "properties": {"taxon": "Anolis marmoratus", "scientificName": "Anolis marmoratus caryae Lazell, 1964", "date": "1964-08-10", "basis": "PRESERVED_SPECIMEN", "dataset": null, "gbifID": "476723631"}}, {"type": "Feature", "geometry": {"type": "Point", "coordinates": [-61.63348, 15.85417]}, "properties": {"taxon": "Anolis marmoratus", "scientificName": "Anolis marmoratus caryae Lazell, 1964", "date": "1964-08-10", "basis": "PRESERVED_SPECIMEN", "dataset": null, "gbifID": "476723632"}}, {"type": "Feature", "geometry": {"type": "Point", "coordinates": [-61.78968, 16.16849]}, "properties": {"taxon": "Anolis marmoratus", "scientificName": "Anolis marmoratus girafus Lazell, 1964", "date": "1964-08-15", "basis": "PRESERVED_SPECIMEN", "dataset": null, "gbifID": "476723633"}}, {"type": "Feature", "geometry": {"type": "Point", "coordinates": [-61.78968, 16.16849]}, "properties": {"taxon": "Anolis marmoratus", "scientificName": "Anolis marmoratus girafus Lazell, 1964", "date": "1964-08-15", "basis": "PRESERVED_SPECIMEN", "dataset": null, "gbifID": "476723634"}}, {"type": "Feature", "geometry": {"type": "Point", "coordinates": [-61.78968, 16.16849]}, "properties": {"taxon": "Anolis marmoratus", "scientificName": "Anolis marmoratus girafus Lazell, 1964", "date": "1964-08-15", "basis": "PRESERVED_SPECIMEN", "dataset": null, "gbifID": "476723635"}}, {"type": "Feature", "geometry": {"type": "Point", "coordinates": [-61.78968, 16.16849]}, "properties": {"taxon": "Anolis marmoratus", "scientificName": "Anolis marmoratus girafus Lazell, 1964", "date": "1964-08-15", "basis": "PRESERVED_SPECIMEN", "dataset": null, "gbifID": "476723636"}}, {"type": "Feature", "geometry": {"type": "Point", "coordinates": [-61.78968, 16.16849]}, "properties": {"taxon": "Anolis marmoratus", "scientificName": "Anolis marmoratus girafus Lazell, 1964", "date": "1964-08-15", "basis": "PRESERVED_SPECIMEN", "dataset": null, "gbifID": "476723637"}}, {"type": "Feature", "geometry": {"type": "Point", "coordinates": [-61.64417, 15.85011]}, "properties": {"taxon": "Anolis marmoratus", "scientificName": "Anolis marmoratus caryae Lazell, 1964", "date": "1964-08-01", "basis": "PRESERVED_SPECIMEN", "dataset": null, "gbifID": "476725802"}}, {"type": "Feature", "geometry": {"type": "Point", "coordinates": [-61.64417, 15.85011]}, "properties": {"taxon": "Anolis marmoratus", "scientificName": "Anolis marmoratus caryae Lazell, 1964", "date": "1964-08-01", "basis": "PRESERVED_SPECIMEN", "dataset": null, "gbifID": "476725803"}}, {"type": "Feature", "geometry": {"type": "Point", "coordinates": [-61.64417, 15.85011]}, "properties": {"taxon": "Anolis marmoratus", "scientificName": "Anolis marmoratus caryae Lazell, 1964", "date": "1964-08-01", "basis": "PRESERVED_SPECIMEN", "dataset": null, "gbifID": "476725804"}}, {"type": "Feature", "geometry": {"type": "Point", "coordinates": [-61.64417, 15.85011]}, "properties": {"taxon": "Anolis marmoratus", "scientificName": "Anolis marmoratus caryae Lazell, 1964", "date": "1964-08-01", "basis": "PRESERVED_SPECIMEN", "dataset": null, "gbifID": "476725805"}}, {"type": "Feature", "geometry": {"type": "Point", "coordinates": [-61.64417, 15.85011]}, "properties": {"taxon": "Anolis marmoratus", "scientificName": "Anolis marmoratus caryae Lazell, 1964", "date": "1964-08-01", "basis": "PRESERVED_SPECIMEN", "dataset": null, "gbifID": "476725910"}}, {"type": "Feature", "geometry": {"type": "Point", "coordinates": [-61.39086, 16.23525]}, "properties": {"taxon": "Anolis marmoratus", "scientificName": "Anolis marmoratus speciosus (Garman, 1887)", "date": "1964-08-13", "basis": "PRESERVED_SPECIMEN", "dataset": null, "gbifID": "476726032"}}, {"type": "Feature", "geometry": {"type": "Point", "coordinates": [-61.39086, 16.23525]}, "properties": {"taxon": "Anolis marmoratus", "scientificName": "Anolis marmoratus speciosus (Garman, 1887)", "date": "1964-08-13", "basis": "PRESERVED_SPECIMEN", "dataset": null, "gbifID": "476726033"}}, {"type": "Feature", "geometry": {"type": "Point", "coordinates": [-61.39086, 16.23525]}, "properties": {"taxon": "Anolis marmoratus", "scientificName": "Anolis marmoratus speciosus (Garman, 1887)", "date": "1964-08-13", "basis": "PRESERVED_SPECIMEN", "dataset": null, "gbifID": "476726034"}}, {"type": "Feature", "geometry": {"type": "Point", "coordinates": [-61.39086, 16.23525]}, "properties": {"taxon": "Anolis marmoratus", "scientificName": "Anolis marmoratus speciosus (Garman, 1887)", "date": "1964-08-13", "basis": "PRESERVED_SPECIMEN", "dataset": null, "gbifID": "476726035"}}, {"type": "Feature", "geometry": {"type": "Point", "coordinates": [-61.39086, 16.23525]}, "properties": {"taxon": "Anolis marmoratus", "scientificName": "Anolis marmoratus speciosus (Garman, 1887)", "date": "1964-08-13", "basis": "PRESERVED_SPECIMEN", "dataset": null, "gbifID": "476726036"}}, {"type": "Feature", "geometry": {"type": "Point", "coordinates": [-61.39086, 16.23525]}, "properties": {"taxon": "Anolis marmoratus", "scientificName": "Anolis marmoratus speciosus (Garman, 1887)", "date": "1964-08-13", "basis": "PRESERVED_SPECIMEN", "dataset": null, "gbifID": "476726139"}}, {"type": "Feature", "geometry": {"type": "Point", "coordinates": [-61.39086, 16.23525]}, "properties": {"taxon": "Anolis marmoratus", "scientificName": "Anolis marmoratus speciosus (Garman, 1887)", "date": "1964-08-13", "basis": "PRESERVED_SPECIMEN", "dataset": null, "gbifID": "476726140"}}, {"type": "Feature", "geometry": {"type": "Point", "coordinates": [-61.39086, 16.23525]}, "properties": {"taxon": "Anolis marmoratus", "scientificName": "Anolis marmoratus speciosus (Garman, 1887)", "date": "1964-08-13", "basis": "PRESERVED_SPECIMEN", "dataset": null, "gbifID": "476726141"}}, {"type": "Feature", "geometry": {"type": "Point", "coordinates": [-61.57171, 15.8728]}, "properties": {"taxon": "Anolis marmoratus", "scientificName": "Anolis marmoratus Dum\u00e9ril & Bibron, 1837", "date": "1962-09-06", "basis": "PRESERVED_SPECIMEN", "dataset": null, "gbifID": "476505098"}}, {"type": "Feature", "geometry": {"type": "Point", "coordinates": [-61.57664, 15.87164]}, "properties": {"taxon": "Anolis marmoratus", "scientificName": "Anolis marmoratus Dum\u00e9ril & Bibron, 1837", "date": "1962-09-06", "basis": "PRESERVED_SPECIMEN", "dataset": null, "gbifID": "476505099"}}, {"type": "Feature", "geometry": {"type": "Point", "coordinates": [-61.54091, 16.21471]}, "properties": {"taxon": "Anolis marmoratus", "scientificName": "Anolis marmoratus speciosus (Garman, 1887)", "date": "1962-09-08", "basis": "PRESERVED_SPECIMEN", "dataset": null, "gbifID": "476506304"}}, {"type": "Feature", "geometry": {"type": "Point", "coordinates": [-61.54091, 16.21471]}, "properties": {"taxon": "Anolis marmoratus", "scientificName": "Anolis marmoratus speciosus (Garman, 1887)", "date": "1962-09-08", "basis": "PRESERVED_SPECIMEN", "dataset": null, "gbifID": "476506305"}}, {"type": "Feature", "geometry": {"type": "Point", "coordinates": [-61.57171, 15.8728]}, "properties": {"taxon": "Anolis marmoratus", "scientificName": "Anolis marmoratus Dum\u00e9ril & Bibron, 1837", "date": "1962-09-06", "basis": "PRESERVED_SPECIMEN", "dataset": null, "gbifID": "476742197"}}, {"type": "Feature", "geometry": {"type": "Point", "coordinates": [-61.57171, 15.8728]}, "properties": {"taxon": "Anolis marmoratus", "scientificName": "Anolis marmoratus Dum\u00e9ril & Bibron, 1837", "date": "1962-09-06", "basis": "PRESERVED_SPECIMEN", "dataset": null, "gbifID": "476742303"}}, {"type": "Feature", "geometry": {"type": "Point", "coordinates": [-61.57171, 15.8728]}, "properties": {"taxon": "Anolis marmoratus", "scientificName": "Anolis marmoratus Dum\u00e9ril & Bibron, 1837", "date": "1962-09-06", "basis": "PRESERVED_SPECIMEN", "dataset": null, "gbifID": "476742304"}}, {"type": "Feature", "geometry": {"type": "Point", "coordinates": [-61.57171, 15.8728]}, "properties": {"taxon": "Anolis marmoratus", "scientificName": "Anolis marmoratus Dum\u00e9ril & Bibron, 1837", "date": "1962-09-06", "basis": "PRESERVED_SPECIMEN", "dataset": null, "gbifID": "476742305"}}, {"type": "Feature", "geometry": {"type": "Point", "coordinates": [-61.57171, 15.8728]}, "properties": {"taxon": "Anolis marmoratus", "scientificName": "Anolis marmoratus Dum\u00e9ril & Bibron, 1837", "date": "1962-09-06", "basis": "PRESERVED_SPECIMEN", "dataset": null, "gbifID": "476742306"}}, {"type": "Feature", "geometry": {"type": "Point", "coordinates": [-61.57171, 15.8728]}, "properties": {"taxon": "Anolis marmoratus", "scientificName": "Anolis marmoratus Dum\u00e9ril & Bibron, 1837", "date": "1962-09-06", "basis": "PRESERVED_SPECIMEN", "dataset": null, "gbifID": "476742307"}}, {"type": "Feature", "geometry": {"type": "Point", "coordinates": [-61.57171, 15.8728]}, "properties": {"taxon": "Anolis marmoratus", "scientificName": "Anolis marmoratus Dum\u00e9ril & Bibron, 1837", "date": "1962-09-06", "basis": "PRESERVED_SPECIMEN", "dataset": null, "gbifID": "476742308"}}, {"type": "Feature", "geometry": {"type": "Point", "coordinates": [-61.57171, 15.8728]}, "properties": {"taxon": "Anolis marmoratus", "scientificName": "Anolis marmoratus Dum\u00e9ril & Bibron, 1837", "date": "1962-09-06", "basis": "PRESERVED_SPECIMEN", "dataset": null, "gbifID": "476742309"}}, {"type": "Feature", "geometry": {"type": "Point", "coordinates": [-61.57171, 15.8728]}, "properties": {"taxon": "Anolis marmoratus", "scientificName": "Anolis marmoratus Dum\u00e9ril & Bibron, 1837", "date": "1962-09-06", "basis": "PRESERVED_SPECIMEN", "dataset": null, "gbifID": "476742412"}}, {"type": "Feature", "geometry": {"type": "Point", "coordinates": [-61.57664, 15.87164]}, "properties": {"taxon": "Anolis marmoratus", "scientificName": "Anolis marmoratus Dum\u00e9ril & Bibron, 1837", "date": "1962-09-06", "basis": "PRESERVED_SPECIMEN", "dataset": null, "gbifID": "476742413"}}, {"type": "Feature", "geometry": {"type": "Point", "coordinates": [-61.57664, 15.87164]}, "properties": {"taxon": "Anolis marmoratus", "scientificName": "Anolis marmoratus Dum\u00e9ril & Bibron, 1837", "date": "1962-09-06", "basis": "PRESERVED_SPECIMEN", "dataset": null, "gbifID": "476742414"}}, {"type": "Feature", "geometry": {"type": "Point", "coordinates": [-61.57664, 15.87164]}, "properties": {"taxon": "Anolis marmoratus", "scientificName": "Anolis marmoratus Dum\u00e9ril & Bibron, 1837", "date": "1962-09-06", "basis": "PRESERVED_SPECIMEN", "dataset": null, "gbifID": "476742415"}}, {"type": "Feature", "geometry": {"type": "Point", "coordinates": [-61.57664, 15.87164]}, "properties": {"taxon": "Anolis marmoratus", "scientificName": "Anolis marmoratus Dum\u00e9ril & Bibron, 1837", "date": "1962-09-06", "basis": "PRESERVED_SPECIMEN", "dataset": null, "gbifID": "476742416"}}, {"type": "Feature", "geometry": {"type": "Point", "coordinates": [-61.57664, 15.87164]}, "properties": {"taxon": "Anolis marmoratus", "scientificName": "Anolis marmoratus Dum\u00e9ril & Bibron, 1837", "date": "1962-09-06", "basis": "PRESERVED_SPECIMEN", "dataset": null, "gbifID": "476742417"}}, {"type": "Feature", "geometry": {"type": "Point", "coordinates": [-61.54091, 16.21471]}, "properties": {"taxon": "Anolis marmoratus", "scientificName": "Anolis marmoratus speciosus (Garman, 1887)", "date": "1962-09-08", "basis": "PRESERVED_SPECIMEN", "dataset": null, "gbifID": "476750682"}}, {"type": "Feature", "geometry": {"type": "Point", "coordinates": [-61.54091, 16.21471]}, "properties": {"taxon": "Anolis marmoratus", "scientificName": "Anolis marmoratus speciosus (Garman, 1887)", "date": "1962-09-08", "basis": "PRESERVED_SPECIMEN", "dataset": null, "gbifID": "476750683"}}, {"type": "Feature", "geometry": {"type": "Point", "coordinates": [-61.54091, 16.21471]}, "properties": {"taxon": "Anolis marmoratus", "scientificName": "Anolis marmoratus speciosus (Garman, 1887)", "date": "1962-09-08", "basis": "PRESERVED_SPECIMEN", "dataset": null, "gbifID": "476750684"}}, {"type": "Feature", "geometry": {"type": "Point", "coordinates": [-61.54091, 16.21471]}, "properties": {"taxon": "Anolis marmoratus", "scientificName": "Anolis marmoratus speciosus (Garman, 1887)", "date": "1962-09-08", "basis": "PRESERVED_SPECIMEN", "dataset": null, "gbifID": "476750685"}}, {"type": "Feature", "geometry": {"type": "Point", "coordinates": [-61.54091, 16.21471]}, "properties": {"taxon": "Anolis marmoratus", "scientificName": "Anolis marmoratus speciosus (Garman, 1887)", "date": "1962-09-08", "basis": "PRESERVED_SPECIMEN", "dataset": null, "gbifID": "476750686"}}, {"type": "Feature", "geometry": {"type": "Point", "coordinates": [-61.54091, 16.21471]}, "properties": {"taxon": "Anolis marmoratus", "scientificName": "Anolis marmoratus speciosus (Garman, 1887)", "date": "1962-09-08", "basis": "PRESERVED_SPECIMEN", "dataset": null, "gbifID": "476750687"}}, {"type": "Feature", "geometry": {"type": "Point", "coordinates": [-61.54091, 16.21471]}, "properties": {"taxon": "Anolis marmoratus", "scientificName": "Anolis marmoratus speciosus (Garman, 1887)", "date": "1962-09-08", "basis": "PRESERVED_SPECIMEN", "dataset": null, "gbifID": "476750797"}}, {"type": "Feature", "geometry": {"type": "Point", "coordinates": [-61.54091, 16.21471]}, "properties": {"taxon": "Anolis marmoratus", "scientificName": "Anolis marmoratus speciosus (Garman, 1887)", "date": "1962-09-08", "basis": "PRESERVED_SPECIMEN", "dataset": null, "gbifID": "476750798"}}, {"type": "Feature", "geometry": {"type": "Point", "coordinates": [-61.56425, 16.04495]}, "properties": {"taxon": "Anolis marmoratus", "scientificName": "Anolis marmoratus marmoratus Dum\u00e9ril & Bibron, 1837", "date": "1961-08-10", "basis": "PRESERVED_SPECIMEN", "dataset": null, "gbifID": "476503952"}}, {"type": "Feature", "geometry": {"type": "Point", "coordinates": [-61.56425, 16.04495]}, "properties": {"taxon": "Anolis marmoratus", "scientificName": "Anolis marmoratus marmoratus Dum\u00e9ril & Bibron, 1837", "date": "1961-08-10", "basis": "PRESERVED_SPECIMEN", "dataset": null, "gbifID": "476503953"}}, {"type": "Feature", "geometry": {"type": "Point", "coordinates": [-61.56425, 16.04495]}, "properties": {"taxon": "Anolis marmoratus", "scientificName": "Anolis marmoratus marmoratus Dum\u00e9ril & Bibron, 1837", "date": "1961-08-10", "basis": "PRESERVED_SPECIMEN", "dataset": null, "gbifID": "476503954"}}, {"type": "Feature", "geometry": {"type": "Point", "coordinates": [-61.60134, 16.00116]}, "properties": {"taxon": "Anolis marmoratus", "scientificName": "Anolis marmoratus marmoratus Dum\u00e9ril & Bibron, 1837", "date": "1961-08-21", "basis": "PRESERVED_SPECIMEN", "dataset": null, "gbifID": "476503955"}}, {"type": "Feature", "geometry": {"type": "Point", "coordinates": [-61.59726, 16.04041]}, "properties": {"taxon": "Anolis marmoratus", "scientificName": "Anolis marmoratus marmoratus Dum\u00e9ril & Bibron, 1837", "date": "1961-08-22", "basis": "PRESERVED_SPECIMEN", "dataset": null, "gbifID": "476503956"}}, {"type": "Feature", "geometry": {"type": "Point", "coordinates": [-61.57072, 16.08011]}, "properties": {"taxon": "Anolis marmoratus", "scientificName": "Anolis marmoratus marmoratus Dum\u00e9ril & Bibron, 1837", "date": "1961-08-22", "basis": "PRESERVED_SPECIMEN", "dataset": null, "gbifID": "476503957"}}, {"type": "Feature", "geometry": {"type": "Point", "coordinates": [-61.57072, 16.08011]}, "properties": {"taxon": "Anolis marmoratus", "scientificName": "Anolis marmoratus marmoratus Dum\u00e9ril & Bibron, 1837", "date": "1961-08-22", "basis": "PRESERVED_SPECIMEN", "dataset": null, "gbifID": "476503958"}}, {"type": "Feature", "geometry": {"type": "Point", "coordinates": [-61.50508, 16.273]}, "properties": {"taxon": "Anolis marmoratus", "scientificName": "Anolis marmoratus speciosus (Garman, 1887)", "date": "1961-08-07", "basis": "PRESERVED_SPECIMEN", "dataset": null, "gbifID": "476503960"}}, {"type": "Feature", "geometry": {"type": "Point", "coordinates": [-61.50508, 16.273]}, "properties": {"taxon": "Anolis marmoratus", "scientificName": "Anolis marmoratus speciosus (Garman, 1887)", "date": "1961-08-07", "basis": "PRESERVED_SPECIMEN", "dataset": null, "gbifID": "476503961"}}, {"type": "Feature", "geometry": {"type": "Point", "coordinates": [-61.47143, 16.20915]}, "properties": {"taxon": "Anolis marmoratus", "scientificName": "Anolis marmoratus speciosus (Garman, 1887)", "date": "1961-08-09", "basis": "PRESERVED_SPECIMEN", "dataset": null, "gbifID": "476503962"}}, {"type": "Feature", "geometry": {"type": "Point", "coordinates": [-61.39107, 16.23616]}, "properties": {"taxon": "Anolis marmoratus", "scientificName": "Anolis marmoratus speciosus (Garman, 1887)", "date": "1961-08-09", "basis": "PRESERVED_SPECIMEN", "dataset": null, "gbifID": "476503963"}}, {"type": "Feature", "geometry": {"type": "Point", "coordinates": [-61.58543, 16.26738]}, "properties": {"taxon": "Anolis marmoratus", "scientificName": "Anolis marmoratus speciosus (Garman, 1887)", "date": "1961-08-11", "basis": "PRESERVED_SPECIMEN", "dataset": null, "gbifID": "476503965"}}, {"type": "Feature", "geometry": {"type": "Point", "coordinates": [-61.58543, 16.26738]}, "properties": {"taxon": "Anolis marmoratus", "scientificName": "Anolis marmoratus speciosus (Garman, 1887)", "date": "1961-08-11", "basis": "PRESERVED_SPECIMEN", "dataset": null, "gbifID": "476503980"}}, {"type": "Feature", "geometry": {"type": "Point", "coordinates": [-61.48799, 16.37982]}, "properties": {"taxon": "Anolis marmoratus", "scientificName": "Anolis marmoratus inornatus Lazell, 1964", "date": "1961-08-08", "basis": "PRESERVED_SPECIMEN", "dataset": null, "gbifID": "476504002"}}, {"type": "Feature", "geometry": {"type": "Point", "coordinates": [-61.53228, 16.41942]}, "properties": {"taxon": "Anolis marmoratus", "scientificName": "Anolis marmoratus inornatus Lazell, 1964", "date": "1961-08-08", "basis": "PRESERVED_SPECIMEN", "dataset": null, "gbifID": "476504003"}}, {"type": "Feature", "geometry": {"type": "Point", "coordinates": [-61.43813, 16.44312]}, "properties": {"taxon": "Anolis marmoratus", "scientificName": "Anolis marmoratus inornatus Lazell, 1964", "date": "1961-08-13", "basis": "PRESERVED_SPECIMEN", "dataset": null, "gbifID": "476504004"}}, {"type": "Feature", "geometry": {"type": "Point", "coordinates": [-61.4043, 16.35584]}, "properties": {"taxon": "Anolis marmoratus", "scientificName": "Anolis marmoratus inornatus Lazell, 1964", "date": "1961-08-30", "basis": "PRESERVED_SPECIMEN", "dataset": null, "gbifID": "476504005"}}, {"type": "Feature", "geometry": {"type": "Point", "coordinates": [-61.67121, 16.00052]}, "properties": {"taxon": "Anolis marmoratus", "scientificName": "Anolis marmoratus Dum\u00e9ril & Bibron, 1837", "date": "1961-08-17", "basis": "PRESERVED_SPECIMEN", "dataset": null, "gbifID": "476504050"}}, {"type": "Feature", "geometry": {"type": "Point", "coordinates": [-61.67121, 16.00052]}, "properties": {"taxon": "Anolis marmoratus", "scientificName": "Anolis marmoratus Dum\u00e9ril & Bibron, 1837", "date": "1961-08-17", "basis": "PRESERVED_SPECIMEN", "dataset": null, "gbifID": "476504051"}}, {"type": "Feature", "geometry": {"type": "Point", "coordinates": [-61.65098, 15.98059]}, "properties": {"taxon": "Anolis marmoratus", "scientificName": "Anolis marmoratus Dum\u00e9ril & Bibron, 1837", "date": "1961-08-19", "basis": "PRESERVED_SPECIMEN", "dataset": null, "gbifID": "476504052"}}, {"type": "Feature", "geometry": {"type": "Point", "coordinates": [-61.58333, 16.25]}, "properties": {"taxon": "Anolis marmoratus", "scientificName": "Anolis marmoratus Dum\u00e9ril & Bibron, 1837", "date": "1961-08-19", "basis": "PRESERVED_SPECIMEN", "dataset": null, "gbifID": "476504053"}}, {"type": "Feature", "geometry": {"type": "Point", "coordinates": [-61.76707, 16.08282]}, "properties": {"taxon": "Anolis marmoratus", "scientificName": "Anolis marmoratus girafus Lazell, 1964", "date": "1961-08-23", "basis": "PRESERVED_SPECIMEN", "dataset": null, "gbifID": "476504221"}}, {"type": "Feature", "geometry": {"type": "Point", "coordinates": [-61.76853, 16.12902]}, "properties": {"taxon": "Anolis marmoratus", "scientificName": "Anolis marmoratus girafus Lazell, 1964", "date": "1961-08-23", "basis": "PRESERVED_SPECIMEN", "dataset": null, "gbifID": "476504222"}}, {"type": "Feature", "geometry": {"type": "Point", "coordinates": [-61.77556, 16.1716]}, "properties": {"taxon": "Anolis marmoratus", "scientificName": "Anolis marmoratus girafus Lazell, 1964", "date": "1961-08-23", "basis": "PRESERVED_SPECIMEN", "dataset": null, "gbifID": "476504223"}}, {"type": "Feature", "geometry": {"type": "Point", "coordinates": [-61.58333, 16.25]}, "properties": {"taxon": "Anolis marmoratus", "scientificName": "Anolis marmoratus alliaceus Cope, 1864", "date": "1961-08-16", "basis": "PRESERVED_SPECIMEN", "dataset": null, "gbifID": "476504224"}}, {"type": "Feature", "geometry": {"type": "Point", "coordinates": [-61.75927, 16.05614]}, "properties": {"taxon": "Anolis marmoratus", "scientificName": "Anolis marmoratus girafus Lazell, 1964", "date": "1961-08-14", "basis": "PRESERVED_SPECIMEN", "dataset": null, "gbifID": "476504869"}}, {"type": "Feature", "geometry": {"type": "Point", "coordinates": [-61.75927, 16.05614]}, "properties": {"taxon": "Anolis marmoratus", "scientificName": "Anolis marmoratus girafus Lazell, 1964", "date": "1961-08-14", "basis": "PRESERVED_SPECIMEN", "dataset": null, "gbifID": "476504870"}}, {"type": "Feature", "geometry": {"type": "Point", "coordinates": [-61.75927, 16.05614]}, "properties": {"taxon": "Anolis marmoratus", "scientificName": "Anolis marmoratus girafus Lazell, 1964", "date": "1961-08-14", "basis": "PRESERVED_SPECIMEN", "dataset": null, "gbifID": "476504885"}}, {"type": "Feature", "geometry": {"type": "Point", "coordinates": [-61.75927, 16.05614]}, "properties": {"taxon": "Anolis marmoratus", "scientificName": "Anolis marmoratus girafus Lazell, 1964", "date": "1961-08-14", "basis": "PRESERVED_SPECIMEN", "dataset": null, "gbifID": "476504886"}}, {"type": "Feature", "geometry": {"type": "Point", "coordinates": [-61.69808, 16.32709]}, "properties": {"taxon": "Anolis marmoratus", "scientificName": "Anolis marmoratus setosus Lazell, 1964", "date": "1961-08-11", "basis": "PRESERVED_SPECIMEN", "dataset": null, "gbifID": "476505090"}}, {"type": "Feature", "geometry": {"type": "Point", "coordinates": [-61.78886, 16.31134]}, "properties": {"taxon": "Anolis marmoratus", "scientificName": "Anolis marmoratus setosus Lazell, 1964", "date": "1961-08-11", "basis": "PRESERVED_SPECIMEN", "dataset": null, "gbifID": "476505091"}}, {"type": "Feature", "geometry": {"type": "Point", "coordinates": [-61.78886, 16.31134]}, "properties": {"taxon": "Anolis marmoratus", "scientificName": "Anolis marmoratus setosus Lazell, 1964", "date": "1961-08-11", "basis": "PRESERVED_SPECIMEN", "dataset": null, "gbifID": "476505092"}}, {"type": "Feature", "geometry": {"type": "Point", "coordinates": [-61.78329, 16.33738]}, "properties": {"taxon": "Anolis marmoratus", "scientificName": "Anolis marmoratus setosus Lazell, 1964", "date": "1961-08-28", "basis": "PRESERVED_SPECIMEN", "dataset": null, "gbifID": "476505093"}}, {"type": "Feature", "geometry": {"type": "Point", "coordinates": [-61.8, 16.25]}, "properties": {"taxon": "Anolis marmoratus", "scientificName": "Anolis marmoratus setosus x girafus", "date": "1961-08-11", "basis": "PRESERVED_SPECIMEN", "dataset": null, "gbifID": "476505116"}}, {"type": "Feature", "geometry": {"type": "Point", "coordinates": [-61.78331, 16.21378]}, "properties": {"taxon": "Anolis marmoratus", "scientificName": "Anolis marmoratus setosus x girafus", "date": "1961-08-23", "basis": "PRESERVED_SPECIMEN", "dataset": null, "gbifID": "476505117"}}, {"type": "Feature", "geometry": {"type": "Point", "coordinates": [-61.76707, 16.08282]}, "properties": {"taxon": "Anolis marmoratus", "scientificName": "Anolis marmoratus girafus Lazell, 1964", "date": "1961-08-23", "basis": "PRESERVED_SPECIMEN", "dataset": null, "gbifID": "476505373"}}, {"type": "Feature", "geometry": {"type": "Point", "coordinates": [-61.58333, 16.25]}, "properties": {"taxon": "Anolis marmoratus", "scientificName": "Anolis marmoratus alliaceus Cope, 1864", "date": "1961-08-17", "basis": "PRESERVED_SPECIMEN", "dataset": null, "gbifID": "476505403"}}, {"type": "Feature", "geometry": {"type": "Point", "coordinates": [-61.5343, 16.2422]}, "properties": {"taxon": "Anolis marmoratus", "scientificName": "Anolis marmoratus speciosus (Garman, 1887)", "date": "1961-08-12", "basis": "PRESERVED_SPECIMEN", "dataset": null, "gbifID": "476506303"}}, {"type": "Feature", "geometry": {"type": "Point", "coordinates": [-61.65627, 16.18167]}, "properties": {"taxon": "Anolis marmoratus", "scientificName": "Anolis marmoratus Dum\u00e9ril & Bibron, 1837", "date": "1961-08-27", "basis": "PRESERVED_SPECIMEN", "dataset": null, "gbifID": "476506388"}}, {"type": "Feature", "geometry": {"type": "Point", "coordinates": [-61.58333, 16.25]}, "properties": {"taxon": "Anolis marmoratus", "scientificName": "Anolis marmoratus alliaceus Cope, 1864", "date": "1961-08-16", "basis": "PRESERVED_SPECIMEN", "dataset": null, "gbifID": "476733624"}}, {"type": "Feature", "geometry": {"type": "Point", "coordinates": [-61.58333, 16.25]}, "properties": {"taxon": "Anolis marmoratus", "scientificName": "Anolis marmoratus alliaceus Cope, 1864", "date": "1961-08-16", "basis": "PRESERVED_SPECIMEN", "dataset": null, "gbifID": "476733625"}}, {"type": "Feature", "geometry": {"type": "Point", "coordinates": [-61.58333, 16.25]}, "properties": {"taxon": "Anolis marmoratus", "scientificName": "Anolis marmoratus alliaceus Cope, 1864", "date": "1961-08-16", "basis": "PRESERVED_SPECIMEN", "dataset": null, "gbifID": "476733626"}}, {"type": "Feature", "geometry": {"type": "Point", "coordinates": [-61.58333, 16.25]}, "properties": {"taxon": "Anolis marmoratus", "scientificName": "Anolis marmoratus alliaceus Cope, 1864", "date": "1961-08-16", "basis": "PRESERVED_SPECIMEN", "dataset": null, "gbifID": "476733627"}}, {"type": "Feature", "geometry": {"type": "Point", "coordinates": [-61.58333, 16.25]}, "properties": {"taxon": "Anolis marmoratus", "scientificName": "Anolis marmoratus alliaceus Cope, 1864", "date": "1961-08-16", "basis": "PRESERVED_SPECIMEN", "dataset": null, "gbifID": "476733628"}}, {"type": "Feature", "geometry": {"type": "Point", "coordinates": [-61.58333, 16.25]}, "properties": {"taxon": "Anolis marmoratus", "scientificName": "Anolis marmoratus alliaceus Cope, 1864", "date": "1961-08-16", "basis": "PRESERVED_SPECIMEN", "dataset": null, "gbifID": "476733629"}}, {"type": "Feature", "geometry": {"type": "Point", "coordinates": [-61.58333, 16.25]}, "properties": {"taxon": "Anolis marmoratus", "scientificName": "Anolis marmoratus alliaceus Cope, 1864", "date": "1961-08-16", "basis": "PRESERVED_SPECIMEN", "dataset": null, "gbifID": "476733630"}}, {"type": "Feature", "geometry": {"type": "Point", "coordinates": [-61.58333, 16.25]}, "properties": {"taxon": "Anolis marmoratus", "scientificName": "Anolis marmoratus alliaceus Cope, 1864", "date": "1961-08-17", "basis": "PRESERVED_SPECIMEN", "dataset": null, "gbifID": "476733733"}}, {"type": "Feature", "geometry": {"type": "Point", "coordinates": [-61.58333, 16.25]}, "properties": {"taxon": "Anolis marmoratus", "scientificName": "Anolis marmoratus alliaceus Cope, 1864", "date": "1961-08-17", "basis": "PRESERVED_SPECIMEN", "dataset": null, "gbifID": "476733734"}}, {"type": "Feature", "geometry": {"type": "Point", "coordinates": [-61.76707, 16.08282]}, "properties": {"taxon": "Anolis marmoratus", "scientificName": "Anolis marmoratus girafus Lazell, 1964", "date": "1961-08-23", "basis": "PRESERVED_SPECIMEN", "dataset": null, "gbifID": "476734486"}}, {"type": "Feature", "geometry": {"type": "Point", "coordinates": [-61.76707, 16.08282]}, "properties": {"taxon": "Anolis marmoratus", "scientificName": "Anolis marmoratus girafus Lazell, 1964", "date": "1961-08-23", "basis": "PRESERVED_SPECIMEN", "dataset": null, "gbifID": "476734487"}}, {"type": "Feature", "geometry": {"type": "Point", "coordinates": [-61.76707, 16.08282]}, "properties": {"taxon": "Anolis marmoratus", "scientificName": "Anolis marmoratus girafus Lazell, 1964", "date": "1961-08-23", "basis": "PRESERVED_SPECIMEN", "dataset": null, "gbifID": "476734488"}}, {"type": "Feature", "geometry": {"type": "Point", "coordinates": [-61.76707, 16.08282]}, "properties": {"taxon": "Anolis marmoratus", "scientificName": "Anolis marmoratus girafus Lazell, 1964", "date": "1961-08-23", "basis": "PRESERVED_SPECIMEN", "dataset": null, "gbifID": "476735018"}}, {"type": "Feature", "geometry": {"type": "Point", "coordinates": [-61.76707, 16.08282]}, "properties": {"taxon": "Anolis marmoratus", "scientificName": "Anolis marmoratus girafus Lazell, 1964", "date": "1961-08-23", "basis": "PRESERVED_SPECIMEN", "dataset": null, "gbifID": "476735019"}}, {"type": "Feature", "geometry": {"type": "Point", "coordinates": [-61.76853, 16.12902]}, "properties": {"taxon": "Anolis marmoratus", "scientificName": "Anolis marmoratus girafus Lazell, 1964", "date": "1961-08-23", "basis": "PRESERVED_SPECIMEN", "dataset": null, "gbifID": "476735020"}}, {"type": "Feature", "geometry": {"type": "Point", "coordinates": [-61.76853, 16.12902]}, "properties": {"taxon": "Anolis marmoratus", "scientificName": "Anolis marmoratus girafus Lazell, 1964", "date": "1961-08-23", "basis": "PRESERVED_SPECIMEN", "dataset": null, "gbifID": "476735118"}}, {"type": "Feature", "geometry": {"type": "Point", "coordinates": [-61.76853, 16.12902]}, "properties": {"taxon": "Anolis marmoratus", "scientificName": "Anolis marmoratus girafus Lazell, 1964", "date": "1961-08-23", "basis": "PRESERVED_SPECIMEN", "dataset": null, "gbifID": "476735119"}}, {"type": "Feature", "geometry": {"type": "Point", "coordinates": [-61.76853, 16.12902]}, "properties": {"taxon": "Anolis marmoratus", "scientificName": "Anolis marmoratus girafus Lazell, 1964", "date": "1961-08-23", "basis": "PRESERVED_SPECIMEN", "dataset": null, "gbifID": "476735120"}}, {"type": "Feature", "geometry": {"type": "Point", "coordinates": [-61.76853, 16.12902]}, "properties": {"taxon": "Anolis marmoratus", "scientificName": "Anolis marmoratus girafus Lazell, 1964", "date": "1961-08-23", "basis": "PRESERVED_SPECIMEN", "dataset": null, "gbifID": "476735121"}}, {"type": "Feature", "geometry": {"type": "Point", "coordinates": [-61.76853, 16.12902]}, "properties": {"taxon": "Anolis marmoratus", "scientificName": "Anolis marmoratus girafus Lazell, 1964", "date": "1961-08-23", "basis": "PRESERVED_SPECIMEN", "dataset": null, "gbifID": "476735122"}}, {"type": "Feature", "geometry": {"type": "Point", "coordinates": [-61.76853, 16.12902]}, "properties": {"taxon": "Anolis marmoratus", "scientificName": "Anolis marmoratus girafus Lazell, 1964", "date": "1961-08-23", "basis": "PRESERVED_SPECIMEN", "dataset": null, "gbifID": "476735123"}}, {"type": "Feature", "geometry": {"type": "Point", "coordinates": [-61.77556, 16.1716]}, "properties": {"taxon": "Anolis marmoratus", "scientificName": "Anolis marmoratus girafus Lazell, 1964", "date": "1961-08-23", "basis": "PRESERVED_SPECIMEN", "dataset": null, "gbifID": "476735220"}}, {"type": "Feature", "geometry": {"type": "Point", "coordinates": [-61.77556, 16.1716]}, "properties": {"taxon": "Anolis marmoratus", "scientificName": "Anolis marmoratus girafus Lazell, 1964", "date": "1961-08-23", "basis": "PRESERVED_SPECIMEN", "dataset": null, "gbifID": "476735221"}}, {"type": "Feature", "geometry": {"type": "Point", "coordinates": [-61.77556, 16.1716]}, "properties": {"taxon": "Anolis marmoratus", "scientificName": "Anolis marmoratus girafus Lazell, 1964", "date": "1961-08-23", "basis": "PRESERVED_SPECIMEN", "dataset": null, "gbifID": "476735222"}}, {"type": "Feature", "geometry": {"type": "Point", "coordinates": [-61.77556, 16.1716]}, "properties": {"taxon": "Anolis marmoratus", "scientificName": "Anolis marmoratus girafus Lazell, 1964", "date": "1961-08-23", "basis": "PRESERVED_SPECIMEN", "dataset": null, "gbifID": "476735223"}}, {"type": "Feature", "geometry": {"type": "Point", "coordinates": [-61.77556, 16.1716]}, "properties": {"taxon": "Anolis marmoratus", "scientificName": "Anolis marmoratus girafus Lazell, 1964", "date": "1961-08-23", "basis": "PRESERVED_SPECIMEN", "dataset": null, "gbifID": "476735224"}}, {"type": "Feature", "geometry": {"type": "Point", "coordinates": [-61.58333, 16.25]}, "properties": {"taxon": "Anolis marmoratus", "scientificName": "Anolis marmoratus alliaceus Cope, 1864", "date": "1961-08-16", "basis": "PRESERVED_SPECIMEN", "dataset": null, "gbifID": "476735225"}}, {"type": "Feature", "geometry": {"type": "Point", "coordinates": [-61.75927, 16.05614]}, "properties": {"taxon": "Anolis marmoratus", "scientificName": "Anolis marmoratus girafus Lazell, 1964", "date": "1961-08-14", "basis": "PRESERVED_SPECIMEN", "dataset": null, "gbifID": "476735337"}}, {"type": "Feature", "geometry": {"type": "Point", "coordinates": [-61.50508, 16.273]}, "properties": {"taxon": "Anolis marmoratus", "scientificName": "Anolis marmoratus speciosus (Garman, 1887)", "date": "1961-08-07", "basis": "PRESERVED_SPECIMEN", "dataset": null, "gbifID": "476735443"}}, {"type": "Feature", "geometry": {"type": "Point", "coordinates": [-61.50508, 16.273]}, "properties": {"taxon": "Anolis marmoratus", "scientificName": "Anolis marmoratus speciosus (Garman, 1887)", "date": "1961-08-07", "basis": "PRESERVED_SPECIMEN", "dataset": null, "gbifID": "476735547"}}, {"type": "Feature", "geometry": {"type": "Point", "coordinates": [-61.50508, 16.273]}, "properties": {"taxon": "Anolis marmoratus", "scientificName": "Anolis marmoratus speciosus (Garman, 1887)", "date": "1961-08-07", "basis": "PRESERVED_SPECIMEN", "dataset": null, "gbifID": "476735548"}}, {"type": "Feature", "geometry": {"type": "Point", "coordinates": [-61.50508, 16.273]}, "properties": {"taxon": "Anolis marmoratus", "scientificName": "Anolis marmoratus speciosus (Garman, 1887)", "date": "1961-08-07", "basis": "PRESERVED_SPECIMEN", "dataset": null, "gbifID": "476735549"}}, {"type": "Feature", "geometry": {"type": "Point", "coordinates": [-61.50508, 16.273]}, "properties": {"taxon": "Anolis marmoratus", "scientificName": "Anolis marmoratus speciosus (Garman, 1887)", "date": "1961-08-07", "basis": "PRESERVED_SPECIMEN", "dataset": null, "gbifID": "476735550"}}, {"type": "Feature", "geometry": {"type": "Point", "coordinates": [-61.50508, 16.273]}, "properties": {"taxon": "Anolis marmoratus", "scientificName": "Anolis marmoratus speciosus (Garman, 1887)", "date": "1961-08-07", "basis": "PRESERVED_SPECIMEN", "dataset": null, "gbifID": "476735551"}}, {"type": "Feature", "geometry": {"type": "Point", "coordinates": [-61.50508, 16.273]}, "properties": {"taxon": "Anolis marmoratus", "scientificName": "Anolis marmoratus speciosus (Garman, 1887)", "date": "1961-08-07", "basis": "PRESERVED_SPECIMEN", "dataset": null, "gbifID": "476735552"}}, {"type": "Feature", "geometry": {"type": "Point", "coordinates": [-61.50508, 16.273]}, "properties": {"taxon": "Anolis marmoratus", "scientificName": "Anolis marmoratus speciosus (Garman, 1887)", "date": "1961-08-07", "basis": "PRESERVED_SPECIMEN", "dataset": null, "gbifID": "476735553"}}, {"type": "Feature", "geometry": {"type": "Point", "coordinates": [-61.50508, 16.273]}, "properties": {"taxon": "Anolis marmoratus", "scientificName": "Anolis marmoratus speciosus (Garman, 1887)", "date": "1961-08-07", "basis": "PRESERVED_SPECIMEN", "dataset": null, "gbifID": "476735554"}}, {"type": "Feature", "geometry": {"type": "Point", "coordinates": [-61.50508, 16.273]}, "properties": {"taxon": "Anolis marmoratus", "scientificName": "Anolis marmoratus speciosus (Garman, 1887)", "date": "1961-08-07", "basis": "PRESERVED_SPECIMEN", "dataset": null, "gbifID": "476735661"}}, {"type": "Feature", "geometry": {"type": "Point", "coordinates": [-61.47143, 16.20915]}, "properties": {"taxon": "Anolis marmoratus", "scientificName": "Anolis marmoratus speciosus (Garman, 1887)", "date": "1961-08-09", "basis": "PRESERVED_SPECIMEN", "dataset": null, "gbifID": "476735662"}}, {"type": "Feature", "geometry": {"type": "Point", "coordinates": [-61.47143, 16.20915]}, "properties": {"taxon": "Anolis marmoratus", "scientificName": "Anolis marmoratus speciosus (Garman, 1887)", "date": "1961-08-09", "basis": "PRESERVED_SPECIMEN", "dataset": null, "gbifID": "476735663"}}, {"type": "Feature", "geometry": {"type": "Point", "coordinates": [-61.47143, 16.20915]}, "properties": {"taxon": "Anolis marmoratus", "scientificName": "Anolis marmoratus speciosus (Garman, 1887)", "date": "1961-08-09", "basis": "PRESERVED_SPECIMEN", "dataset": null, "gbifID": "476735664"}}, {"type": "Feature", "geometry": {"type": "Point", "coordinates": [-61.47143, 16.20915]}, "properties": {"taxon": "Anolis marmoratus", "scientificName": "Anolis marmoratus speciosus (Garman, 1887)", "date": "1961-08-09", "basis": "PRESERVED_SPECIMEN", "dataset": null, "gbifID": "476735665"}}, {"type": "Feature", "geometry": {"type": "Point", "coordinates": [-61.47143, 16.20915]}, "properties": {"taxon": "Anolis marmoratus", "scientificName": "Anolis marmoratus speciosus (Garman, 1887)", "date": "1961-08-09", "basis": "PRESERVED_SPECIMEN", "dataset": null, "gbifID": "476735666"}}, {"type": "Feature", "geometry": {"type": "Point", "coordinates": [-61.47143, 16.20915]}, "properties": {"taxon": "Anolis marmoratus", "scientificName": "Anolis marmoratus speciosus (Garman, 1887)", "date": "1961-08-09", "basis": "PRESERVED_SPECIMEN", "dataset": null, "gbifID": "476735667"}}, {"type": "Feature", "geometry": {"type": "Point", "coordinates": [-61.47143, 16.20915]}, "properties": {"taxon": "Anolis marmoratus", "scientificName": "Anolis marmoratus speciosus (Garman, 1887)", "date": "1961-08-09", "basis": "PRESERVED_SPECIMEN", "dataset": null, "gbifID": "476735668"}}, {"type": "Feature", "geometry": {"type": "Point", "coordinates": [-61.5343, 16.2422]}, "properties": {"taxon": "Anolis marmoratus", "scientificName": "Anolis marmoratus speciosus (Garman, 1887)", "date": "1961-08-12", "basis": "PRESERVED_SPECIMEN", "dataset": null, "gbifID": "476735671"}}, {"type": "Feature", "geometry": {"type": "Point", "coordinates": [-61.5343, 16.2422]}, "properties": {"taxon": "Anolis marmoratus", "scientificName": "Anolis marmoratus speciosus (Garman, 1887)", "date": "1961-08-12", "basis": "PRESERVED_SPECIMEN", "dataset": null, "gbifID": "476735672"}}, {"type": "Feature", "geometry": {"type": "Point", "coordinates": [-61.5343, 16.2422]}, "properties": {"taxon": "Anolis marmoratus", "scientificName": "Anolis marmoratus speciosus (Garman, 1887)", "date": "1961-08-12", "basis": "PRESERVED_SPECIMEN", "dataset": null, "gbifID": "476735673"}}, {"type": "Feature", "geometry": {"type": "Point", "coordinates": [-61.5343, 16.2422]}, "properties": {"taxon": "Anolis marmoratus", "scientificName": "Anolis marmoratus speciosus (Garman, 1887)", "date": "1961-08-12", "basis": "PRESERVED_SPECIMEN", "dataset": null, "gbifID": "476735674"}}, {"type": "Feature", "geometry": {"type": "Point", "coordinates": [-61.47143, 16.20915]}, "properties": {"taxon": "Anolis marmoratus", "scientificName": "Anolis marmoratus speciosus (Garman, 1887)", "date": "1961-08-09", "basis": "PRESERVED_SPECIMEN", "dataset": null, "gbifID": "476735776"}}, {"type": "Feature", "geometry": {"type": "Point", "coordinates": [-61.39107, 16.23616]}, "properties": {"taxon": "Anolis marmoratus", "scientificName": "Anolis marmoratus speciosus (Garman, 1887)", "date": "1961-08-09", "basis": "PRESERVED_SPECIMEN", "dataset": null, "gbifID": "476735777"}}, {"type": "Feature", "geometry": {"type": "Point", "coordinates": [-61.39107, 16.23616]}, "properties": {"taxon": "Anolis marmoratus", "scientificName": "Anolis marmoratus speciosus (Garman, 1887)", "date": "1961-08-09", "basis": "PRESERVED_SPECIMEN", "dataset": null, "gbifID": "476735778"}}, {"type": "Feature", "geometry": {"type": "Point", "coordinates": [-61.39107, 16.23616]}, "properties": {"taxon": "Anolis marmoratus", "scientificName": "Anolis marmoratus speciosus (Garman, 1887)", "date": "1961-08-09", "basis": "PRESERVED_SPECIMEN", "dataset": null, "gbifID": "476735779"}}, {"type": "Feature", "geometry": {"type": "Point", "coordinates": [-61.39107, 16.23616]}, "properties": {"taxon": "Anolis marmoratus", "scientificName": "Anolis marmoratus speciosus (Garman, 1887)", "date": "1961-08-09", "basis": "PRESERVED_SPECIMEN", "dataset": null, "gbifID": "476735780"}}, {"type": "Feature", "geometry": {"type": "Point", "coordinates": [-61.39107, 16.23616]}, "properties": {"taxon": "Anolis marmoratus", "scientificName": "Anolis marmoratus speciosus (Garman, 1887)", "date": "1961-08-09", "basis": "PRESERVED_SPECIMEN", "dataset": null, "gbifID": "476735781"}}, {"type": "Feature", "geometry": {"type": "Point", "coordinates": [-61.39107, 16.23616]}, "properties": {"taxon": "Anolis marmoratus", "scientificName": "Anolis marmoratus speciosus (Garman, 1887)", "date": "1961-08-09", "basis": "PRESERVED_SPECIMEN", "dataset": null, "gbifID": "476735782"}}, {"type": "Feature", "geometry": {"type": "Point", "coordinates": [-61.39107, 16.23616]}, "properties": {"taxon": "Anolis marmoratus", "scientificName": "Anolis marmoratus speciosus (Garman, 1887)", "date": "1961-08-09", "basis": "PRESERVED_SPECIMEN", "dataset": null, "gbifID": "476735783"}}, {"type": "Feature", "geometry": {"type": "Point", "coordinates": [-61.39107, 16.23616]}, "properties": {"taxon": "Anolis marmoratus", "scientificName": "Anolis marmoratus speciosus (Garman, 1887)", "date": "1961-08-09", "basis": "PRESERVED_SPECIMEN", "dataset": null, "gbifID": "476735889"}}, {"type": "Feature", "geometry": {"type": "Point", "coordinates": [-61.39107, 16.23616]}, "properties": {"taxon": "Anolis marmoratus", "scientificName": "Anolis marmoratus speciosus (Garman, 1887)", "date": "1961-08-09", "basis": "PRESERVED_SPECIMEN", "dataset": null, "gbifID": "476735890"}}, {"type": "Feature", "geometry": {"type": "Point", "coordinates": [-61.39107, 16.23616]}, "properties": {"taxon": "Anolis marmoratus", "scientificName": "Anolis marmoratus speciosus (Garman, 1887)", "date": "1961-08-09", "basis": "PRESERVED_SPECIMEN", "dataset": null, "gbifID": "476735891"}}, {"type": "Feature", "geometry": {"type": "Point", "coordinates": [-61.58543, 16.26738]}, "properties": {"taxon": "Anolis marmoratus", "scientificName": "Anolis marmoratus speciosus (Garman, 1887)", "date": "1961-08-11", "basis": "PRESERVED_SPECIMEN", "dataset": null, "gbifID": "476735895"}}, {"type": "Feature", "geometry": {"type": "Point", "coordinates": [-61.34656, 16.33164]}, "properties": {"taxon": "Anolis marmoratus", "scientificName": "Anolis marmoratus inornatus Lazell, 1964", "date": "1961-08-07", "basis": "PRESERVED_SPECIMEN", "dataset": null, "gbifID": "476735908"}}, {"type": "Feature", "geometry": {"type": "Point", "coordinates": [-61.34656, 16.33164]}, "properties": {"taxon": "Anolis marmoratus", "scientificName": "Anolis marmoratus inornatus Lazell, 1964", "date": "1961-08-07", "basis": "PRESERVED_SPECIMEN", "dataset": null, "gbifID": "476735909"}}, {"type": "Feature", "geometry": {"type": "Point", "coordinates": [-61.34656, 16.33164]}, "properties": {"taxon": "Anolis marmoratus", "scientificName": "Anolis marmoratus inornatus Lazell, 1964", "date": "1961-08-07", "basis": "PRESERVED_SPECIMEN", "dataset": null, "gbifID": "476735910"}}, {"type": "Feature", "geometry": {"type": "Point", "coordinates": [-61.58543, 16.26738]}, "properties": {"taxon": "Anolis marmoratus", "scientificName": "Anolis marmoratus speciosus (Garman, 1887)", "date": "1961-08-11", "basis": "PRESERVED_SPECIMEN", "dataset": null, "gbifID": "476736002"}}, {"type": "Feature", "geometry": {"type": "Point", "coordinates": [-61.58543, 16.26738]}, "properties": {"taxon": "Anolis marmoratus", "scientificName": "Anolis marmoratus speciosus (Garman, 1887)", "date": "1961-08-11", "basis": "PRESERVED_SPECIMEN", "dataset": null, "gbifID": "476736003"}}, {"type": "Feature", "geometry": {"type": "Point", "coordinates": [-61.58543, 16.26738]}, "properties": {"taxon": "Anolis marmoratus", "scientificName": "Anolis marmoratus speciosus (Garman, 1887)", "date": "1961-08-11", "basis": "PRESERVED_SPECIMEN", "dataset": null, "gbifID": "476736004"}}, {"type": "Feature", "geometry": {"type": "Point", "coordinates": [-61.58543, 16.26738]}, "properties": {"taxon": "Anolis marmoratus", "scientificName": "Anolis marmoratus speciosus (Garman, 1887)", "date": "1961-08-11", "basis": "PRESERVED_SPECIMEN", "dataset": null, "gbifID": "476736005"}}, {"type": "Feature", "geometry": {"type": "Point", "coordinates": [-61.58543, 16.26738]}, "properties": {"taxon": "Anolis marmoratus", "scientificName": "Anolis marmoratus speciosus (Garman, 1887)", "date": "1961-08-11", "basis": "PRESERVED_SPECIMEN", "dataset": null, "gbifID": "476736006"}}, {"type": "Feature", "geometry": {"type": "Point", "coordinates": [-61.58543, 16.26738]}, "properties": {"taxon": "Anolis marmoratus", "scientificName": "Anolis marmoratus speciosus (Garman, 1887)", "date": "1961-08-11", "basis": "PRESERVED_SPECIMEN", "dataset": null, "gbifID": "476736007"}}, {"type": "Feature", "geometry": {"type": "Point", "coordinates": [-61.58543, 16.26738]}, "properties": {"taxon": "Anolis marmoratus", "scientificName": "Anolis marmoratus speciosus (Garman, 1887)", "date": "1961-08-11", "basis": "PRESERVED_SPECIMEN", "dataset": null, "gbifID": "476736008"}}, {"type": "Feature", "geometry": {"type": "Point", "coordinates": [-61.34656, 16.33164]}, "properties": {"taxon": "Anolis marmoratus", "scientificName": "Anolis marmoratus inornatus Lazell, 1964", "date": "1961-08-07", "basis": "PRESERVED_SPECIMEN", "dataset": null, "gbifID": "476736018"}}, {"type": "Feature", "geometry": {"type": "Point", "coordinates": [-61.34656, 16.33164]}, "properties": {"taxon": "Anolis marmoratus", "scientificName": "Anolis marmoratus inornatus Lazell, 1964", "date": "1961-08-07", "basis": "PRESERVED_SPECIMEN", "dataset": null, "gbifID": "476736019"}}, {"type": "Feature", "geometry": {"type": "Point", "coordinates": [-61.48799, 16.37982]}, "properties": {"taxon": "Anolis marmoratus", "scientificName": "Anolis marmoratus inornatus Lazell, 1964", "date": "1961-08-08", "basis": "PRESERVED_SPECIMEN", "dataset": null, "gbifID": "476736020"}}, {"type": "Feature", "geometry": {"type": "Point", "coordinates": [-61.48799, 16.37982]}, "properties": {"taxon": "Anolis marmoratus", "scientificName": "Anolis marmoratus inornatus Lazell, 1964", "date": "1961-08-08", "basis": "PRESERVED_SPECIMEN", "dataset": null, "gbifID": "476736021"}}, {"type": "Feature", "geometry": {"type": "Point", "coordinates": [-61.48799, 16.37982]}, "properties": {"taxon": "Anolis marmoratus", "scientificName": "Anolis marmoratus inornatus Lazell, 1964", "date": "1961-08-08", "basis": "PRESERVED_SPECIMEN", "dataset": null, "gbifID": "476736022"}}, {"type": "Feature", "geometry": {"type": "Point", "coordinates": [-61.48799, 16.37982]}, "properties": {"taxon": "Anolis marmoratus", "scientificName": "Anolis marmoratus inornatus Lazell, 1964", "date": "1961-08-08", "basis": "PRESERVED_SPECIMEN", "dataset": null, "gbifID": "476736023"}}, {"type": "Feature", "geometry": {"type": "Point", "coordinates": [-61.65627, 16.18167]}, "properties": {"taxon": "Anolis marmoratus", "scientificName": "Anolis marmoratus Dum\u00e9ril & Bibron, 1837", "date": "1961-08-27", "basis": "PRESERVED_SPECIMEN", "dataset": null, "gbifID": "476736040"}}, {"type": "Feature", "geometry": {"type": "Point", "coordinates": [-61.65627, 16.18167]}, "properties": {"taxon": "Anolis marmoratus", "scientificName": "Anolis marmoratus Dum\u00e9ril & Bibron, 1837", "date": "1961-08-27", "basis": "PRESERVED_SPECIMEN", "dataset": null, "gbifID": "476736041"}}, {"type": "Feature", "geometry": {"type": "Point", "coordinates": [-61.67121, 16.00052]}, "properties": {"taxon": "Anolis marmoratus", "scientificName": "Anolis marmoratus Dum\u00e9ril & Bibron, 1837", "date": "1961-08-17", "basis": "PRESERVED_SPECIMEN", "dataset": null, "gbifID": "476736042"}}, {"type": "Feature", "geometry": {"type": "Point", "coordinates": [-61.67121, 16.00052]}, "properties": {"taxon": "Anolis marmoratus", "scientificName": "Anolis marmoratus Dum\u00e9ril & Bibron, 1837", "date": "1961-08-17", "basis": "PRESERVED_SPECIMEN", "dataset": null, "gbifID": "476736043"}}, {"type": "Feature", "geometry": {"type": "Point", "coordinates": [-61.67121, 16.00052]}, "properties": {"taxon": "Anolis marmoratus", "scientificName": "Anolis marmoratus Dum\u00e9ril & Bibron, 1837", "date": "1961-08-17", "basis": "PRESERVED_SPECIMEN", "dataset": null, "gbifID": "476736044"}}, {"type": "Feature", "geometry": {"type": "Point", "coordinates": [-61.67121, 16.00052]}, "properties": {"taxon": "Anolis marmoratus", "scientificName": "Anolis marmoratus Dum\u00e9ril & Bibron, 1837", "date": "1961-08-17", "basis": "PRESERVED_SPECIMEN", "dataset": null, "gbifID": "476736045"}}, {"type": "Feature", "geometry": {"type": "Point", "coordinates": [-61.48799, 16.37982]}, "properties": {"taxon": "Anolis marmoratus", "scientificName": "Anolis marmoratus inornatus Lazell, 1964", "date": "1961-08-08", "basis": "PRESERVED_SPECIMEN", "dataset": null, "gbifID": "476736125"}}, {"type": "Feature", "geometry": {"type": "Point", "coordinates": [-61.53228, 16.41942]}, "properties": {"taxon": "Anolis marmoratus", "scientificName": "Anolis marmoratus inornatus Lazell, 1964", "date": "1961-08-08", "basis": "PRESERVED_SPECIMEN", "dataset": null, "gbifID": "476736126"}}, {"type": "Feature", "geometry": {"type": "Point", "coordinates": [-61.53228, 16.41942]}, "properties": {"taxon": "Anolis marmoratus", "scientificName": "Anolis marmoratus inornatus Lazell, 1964", "date": "1961-08-08", "basis": "PRESERVED_SPECIMEN", "dataset": null, "gbifID": "476736127"}}, {"type": "Feature", "geometry": {"type": "Point", "coordinates": [-61.53228, 16.41942]}, "properties": {"taxon": "Anolis marmoratus", "scientificName": "Anolis marmoratus inornatus Lazell, 1964", "date": "1961-08-08", "basis": "PRESERVED_SPECIMEN", "dataset": null, "gbifID": "476736128"}}, {"type": "Feature", "geometry": {"type": "Point", "coordinates": [-61.53228, 16.41942]}, "properties": {"taxon": "Anolis marmoratus", "scientificName": "Anolis marmoratus inornatus Lazell, 1964", "date": "1961-08-08", "basis": "PRESERVED_SPECIMEN", "dataset": null, "gbifID": "476736129"}}, {"type": "Feature", "geometry": {"type": "Point", "coordinates": [-61.53228, 16.41942]}, "properties": {"taxon": "Anolis marmoratus", "scientificName": "Anolis marmoratus inornatus Lazell, 1964", "date": "1961-08-08", "basis": "PRESERVED_SPECIMEN", "dataset": null, "gbifID": "476736130"}}, {"type": "Feature", "geometry": {"type": "Point", "coordinates": [-61.67121, 16.00052]}, "properties": {"taxon": "Anolis marmoratus", "scientificName": "Anolis marmoratus Dum\u00e9ril & Bibron, 1837", "date": "1961-08-17", "basis": "PRESERVED_SPECIMEN", "dataset": null, "gbifID": "476736146"}}, {"type": "Feature", "geometry": {"type": "Point", "coordinates": [-61.67121, 16.00052]}, "properties": {"taxon": "Anolis marmoratus", "scientificName": "Anolis marmoratus Dum\u00e9ril & Bibron, 1837", "date": "1961-08-17", "basis": "PRESERVED_SPECIMEN", "dataset": null, "gbifID": "476736147"}}, {"type": "Feature", "geometry": {"type": "Point", "coordinates": [-61.67121, 16.00052]}, "properties": {"taxon": "Anolis marmoratus", "scientificName": "Anolis marmoratus Dum\u00e9ril & Bibron, 1837", "date": "1961-08-17", "basis": "PRESERVED_SPECIMEN", "dataset": null, "gbifID": "476736148"}}, {"type": "Feature", "geometry": {"type": "Point", "coordinates": [-61.67121, 16.00052]}, "properties": {"taxon": "Anolis marmoratus", "scientificName": "Anolis marmoratus Dum\u00e9ril & Bibron, 1837", "date": "1961-08-17", "basis": "PRESERVED_SPECIMEN", "dataset": null, "gbifID": "476736149"}}, {"type": "Feature", "geometry": {"type": "Point", "coordinates": [-61.67121, 16.00052]}, "properties": {"taxon": "Anolis marmoratus", "scientificName": "Anolis marmoratus Dum\u00e9ril & Bibron, 1837", "date": "1961-08-17", "basis": "PRESERVED_SPECIMEN", "dataset": null, "gbifID": "476736150"}}, {"type": "Feature", "geometry": {"type": "Point", "coordinates": [-61.67121, 16.00052]}, "properties": {"taxon": "Anolis marmoratus", "scientificName": "Anolis marmoratus Dum\u00e9ril & Bibron, 1837", "date": "1961-08-17", "basis": "PRESERVED_SPECIMEN", "dataset": null, "gbifID": "476736151"}}, {"type": "Feature", "geometry": {"type": "Point", "coordinates": [-61.65098, 15.98059]}, "properties": {"taxon": "Anolis marmoratus", "scientificName": "Anolis marmoratus Dum\u00e9ril & Bibron, 1837", "date": "1961-08-19", "basis": "PRESERVED_SPECIMEN", "dataset": null, "gbifID": "476736152"}}, {"type": "Feature", "geometry": {"type": "Point", "coordinates": [-61.53228, 16.41942]}, "properties": {"taxon": "Anolis marmoratus", "scientificName": "Anolis marmoratus inornatus Lazell, 1964", "date": "1961-08-08", "basis": "PRESERVED_SPECIMEN", "dataset": null, "gbifID": "476736232"}}, {"type": "Feature", "geometry": {"type": "Point", "coordinates": [-61.53228, 16.41942]}, "properties": {"taxon": "Anolis marmoratus", "scientificName": "Anolis marmoratus inornatus Lazell, 1964", "date": "1961-08-08", "basis": "PRESERVED_SPECIMEN", "dataset": null, "gbifID": "476736233"}}, {"type": "Feature", "geometry": {"type": "Point", "coordinates": [-61.50604, 16.46897]}, "properties": {"taxon": "Anolis marmoratus", "scientificName": "Anolis marmoratus inornatus Lazell, 1964", "date": "1961-08-13", "basis": "PRESERVED_SPECIMEN", "dataset": null, "gbifID": "476736234"}}, {"type": "Feature", "geometry": {"type": "Point", "coordinates": [-61.50604, 16.46897]}, "properties": {"taxon": "Anolis marmoratus", "scientificName": "Anolis marmoratus inornatus Lazell, 1964", "date": "1961-08-13", "basis": "PRESERVED_SPECIMEN", "dataset": null, "gbifID": "476736235"}}, {"type": "Feature", "geometry": {"type": "Point", "coordinates": [-61.50604, 16.46897]}, "properties": {"taxon": "Anolis marmoratus", "scientificName": "Anolis marmoratus inornatus Lazell, 1964", "date": "1961-08-13", "basis": "PRESERVED_SPECIMEN", "dataset": null, "gbifID": "476736236"}}, {"type": "Feature", "geometry": {"type": "Point", "coordinates": [-61.50604, 16.46897]}, "properties": {"taxon": "Anolis marmoratus", "scientificName": "Anolis marmoratus inornatus Lazell, 1964", "date": "1961-08-13", "basis": "PRESERVED_SPECIMEN", "dataset": null, "gbifID": "476736237"}}, {"type": "Feature", "geometry": {"type": "Point", "coordinates": [-61.65098, 15.98059]}, "properties": {"taxon": "Anolis marmoratus", "scientificName": "Anolis marmoratus Dum\u00e9ril & Bibron, 1837", "date": "1961-08-19", "basis": "PRESERVED_SPECIMEN", "dataset": null, "gbifID": "476736252"}}, {"type": "Feature", "geometry": {"type": "Point", "coordinates": [-61.65098, 15.98059]}, "properties": {"taxon": "Anolis marmoratus", "scientificName": "Anolis marmoratus Dum\u00e9ril & Bibron, 1837", "date": "1961-08-19", "basis": "PRESERVED_SPECIMEN", "dataset": null, "gbifID": "476736253"}}, {"type": "Feature", "geometry": {"type": "Point", "coordinates": [-61.65098, 15.98059]}, "properties": {"taxon": "Anolis marmoratus", "scientificName": "Anolis marmoratus Dum\u00e9ril & Bibron, 1837", "date": "1961-08-19", "basis": "PRESERVED_SPECIMEN", "dataset": null, "gbifID": "476736254"}}, {"type": "Feature", "geometry": {"type": "Point", "coordinates": [-61.65098, 15.98059]}, "properties": {"taxon": "Anolis marmoratus", "scientificName": "Anolis marmoratus Dum\u00e9ril & Bibron, 1837", "date": "1961-08-19", "basis": "PRESERVED_SPECIMEN", "dataset": null, "gbifID": "476736255"}}, {"type": "Feature", "geometry": {"type": "Point", "coordinates": [-61.65098, 15.98059]}, "properties": {"taxon": "Anolis marmoratus", "scientificName": "Anolis marmoratus Dum\u00e9ril & Bibron, 1837", "date": "1961-08-19", "basis": "PRESERVED_SPECIMEN", "dataset": null, "gbifID": "476736256"}}, {"type": "Feature", "geometry": {"type": "Point", "coordinates": [-61.65098, 15.98059]}, "properties": {"taxon": "Anolis marmoratus", "scientificName": "Anolis marmoratus Dum\u00e9ril & Bibron, 1837", "date": "1961-08-19", "basis": "PRESERVED_SPECIMEN", "dataset": null, "gbifID": "476736257"}}, {"type": "Feature", "geometry": {"type": "Point", "coordinates": [-61.65098, 15.98059]}, "properties": {"taxon": "Anolis marmoratus", "scientificName": "Anolis marmoratus Dum\u00e9ril & Bibron, 1837", "date": "1961-08-19", "basis": "PRESERVED_SPECIMEN", "dataset": null, "gbifID": "476736258"}}, {"type": "Feature", "geometry": {"type": "Point", "coordinates": [-61.50604, 16.46897]}, "properties": {"taxon": "Anolis marmoratus", "scientificName": "Anolis marmoratus inornatus Lazell, 1964", "date": "1961-08-13", "basis": "PRESERVED_SPECIMEN", "dataset": null, "gbifID": "476736338"}}, {"type": "Feature", "geometry": {"type": "Point", "coordinates": [-61.43813, 16.44312]}, "properties": {"taxon": "Anolis marmoratus", "scientificName": "Anolis marmoratus inornatus Lazell, 1964", "date": "1961-08-13", "basis": "PRESERVED_SPECIMEN", "dataset": null, "gbifID": "476736339"}}, {"type": "Feature", "geometry": {"type": "Point", "coordinates": [-61.43813, 16.44312]}, "properties": {"taxon": "Anolis marmoratus", "scientificName": "Anolis marmoratus inornatus Lazell, 1964", "date": "1961-08-13", "basis": "PRESERVED_SPECIMEN", "dataset": null, "gbifID": "476736340"}}, {"type": "Feature", "geometry": {"type": "Point", "coordinates": [-61.43813, 16.44312]}, "properties": {"taxon": "Anolis marmoratus", "scientificName": "Anolis marmoratus inornatus Lazell, 1964", "date": "1961-08-13", "basis": "PRESERVED_SPECIMEN", "dataset": null, "gbifID": "476736341"}}, {"type": "Feature", "geometry": {"type": "Point", "coordinates": [-61.43813, 16.44312]}, "properties": {"taxon": "Anolis marmoratus", "scientificName": "Anolis marmoratus inornatus Lazell, 1964", "date": "1961-08-13", "basis": "PRESERVED_SPECIMEN", "dataset": null, "gbifID": "476736342"}}, {"type": "Feature", "geometry": {"type": "Point", "coordinates": [-61.4043, 16.35584]}, "properties": {"taxon": "Anolis marmoratus", "scientificName": "Anolis marmoratus inornatus Lazell, 1964", "date": "1961-08-30", "basis": "PRESERVED_SPECIMEN", "dataset": null, "gbifID": "476736343"}}, {"type": "Feature", "geometry": {"type": "Point", "coordinates": [-61.65098, 15.98059]}, "properties": {"taxon": "Anolis marmoratus", "scientificName": "Anolis marmoratus Dum\u00e9ril & Bibron, 1837", "date": "1961-08-19", "basis": "PRESERVED_SPECIMEN", "dataset": null, "gbifID": "476736357"}}, {"type": "Feature", "geometry": {"type": "Point", "coordinates": [-61.58333, 16.25]}, "properties": {"taxon": "Anolis marmoratus", "scientificName": "Anolis marmoratus Dum\u00e9ril & Bibron, 1837", "date": "1961-08-19", "basis": "PRESERVED_SPECIMEN", "dataset": null, "gbifID": "476736358"}}, {"type": "Feature", "geometry": {"type": "Point", "coordinates": [-61.58333, 16.25]}, "properties": {"taxon": "Anolis marmoratus", "scientificName": "Anolis marmoratus Dum\u00e9ril & Bibron, 1837", "date": "1961-08-19", "basis": "PRESERVED_SPECIMEN", "dataset": null, "gbifID": "476736359"}}, {"type": "Feature", "geometry": {"type": "Point", "coordinates": [-61.58333, 16.25]}, "properties": {"taxon": "Anolis marmoratus", "scientificName": "Anolis marmoratus Dum\u00e9ril & Bibron, 1837", "date": "1961-08-19", "basis": "PRESERVED_SPECIMEN", "dataset": null, "gbifID": "476736360"}}, {"type": "Feature", "geometry": {"type": "Point", "coordinates": [-61.58333, 16.25]}, "properties": {"taxon": "Anolis marmoratus", "scientificName": "Anolis marmoratus Dum\u00e9ril & Bibron, 1837", "date": "1961-08-19", "basis": "PRESERVED_SPECIMEN", "dataset": null, "gbifID": "476736361"}}, {"type": "Feature", "geometry": {"type": "Point", "coordinates": [-61.58333, 16.25]}, "properties": {"taxon": "Anolis marmoratus", "scientificName": "Anolis marmoratus Dum\u00e9ril & Bibron, 1837", "date": "1961-08-19", "basis": "PRESERVED_SPECIMEN", "dataset": null, "gbifID": "476736362"}}, {"type": "Feature", "geometry": {"type": "Point", "coordinates": [-61.58333, 16.25]}, "properties": {"taxon": "Anolis marmoratus", "scientificName": "Anolis marmoratus Dum\u00e9ril & Bibron, 1837", "date": "1961-08-19", "basis": "PRESERVED_SPECIMEN", "dataset": null, "gbifID": "476736363"}}, {"type": "Feature", "geometry": {"type": "Point", "coordinates": [-61.56425, 16.04495]}, "properties": {"taxon": "Anolis marmoratus", "scientificName": "Anolis marmoratus marmoratus Dum\u00e9ril & Bibron, 1837", "date": "1961-08-10", "basis": "PRESERVED_SPECIMEN", "dataset": null, "gbifID": "476736364"}}, {"type": "Feature", "geometry": {"type": "Point", "coordinates": [-61.4043, 16.35584]}, "properties": {"taxon": "Anolis marmoratus", "scientificName": "Anolis marmoratus inornatus Lazell, 1964", "date": "1961-08-30", "basis": "PRESERVED_SPECIMEN", "dataset": null, "gbifID": "476736444"}}, {"type": "Feature", "geometry": {"type": "Point", "coordinates": [-61.4043, 16.35584]}, "properties": {"taxon": "Anolis marmoratus", "scientificName": "Anolis marmoratus inornatus Lazell, 1964", "date": "1961-08-30", "basis": "PRESERVED_SPECIMEN", "dataset": null, "gbifID": "476736445"}}, {"type": "Feature", "geometry": {"type": "Point", "coordinates": [-61.4043, 16.35584]}, "properties": {"taxon": "Anolis marmoratus", "scientificName": "Anolis marmoratus inornatus Lazell, 1964", "date": "1961-08-30", "basis": "PRESERVED_SPECIMEN", "dataset": null, "gbifID": "476736446"}}, {"type": "Feature", "geometry": {"type": "Point", "coordinates": [-61.4043, 16.35584]}, "properties": {"taxon": "Anolis marmoratus", "scientificName": "Anolis marmoratus inornatus Lazell, 1964", "date": "1961-08-30", "basis": "PRESERVED_SPECIMEN", "dataset": null, "gbifID": "476736447"}}, {"type": "Feature", "geometry": {"type": "Point", "coordinates": [-61.4043, 16.35584]}, "properties": {"taxon": "Anolis marmoratus", "scientificName": "Anolis marmoratus inornatus Lazell, 1964", "date": "1961-08-30", "basis": "PRESERVED_SPECIMEN", "dataset": null, "gbifID": "476736448"}}, {"type": "Feature", "geometry": {"type": "Point", "coordinates": [-61.4043, 16.35584]}, "properties": {"taxon": "Anolis marmoratus", "scientificName": "Anolis marmoratus inornatus Lazell, 1964", "date": "1961-08-30", "basis": "PRESERVED_SPECIMEN", "dataset": null, "gbifID": "476736449"}}, {"type": "Feature", "geometry": {"type": "Point", "coordinates": [-61.56425, 16.04495]}, "properties": {"taxon": "Anolis marmoratus", "scientificName": "Anolis marmoratus marmoratus Dum\u00e9ril & Bibron, 1837", "date": "1961-08-10", "basis": "PRESERVED_SPECIMEN", "dataset": null, "gbifID": "476736529"}}, {"type": "Feature", "geometry": {"type": "Point", "coordinates": [-61.56425, 16.04495]}, "properties": {"taxon": "Anolis marmoratus", "scientificName": "Anolis marmoratus marmoratus Dum\u00e9ril & Bibron, 1837", "date": "1961-08-10", "basis": "PRESERVED_SPECIMEN", "dataset": null, "gbifID": "476736530"}}, {"type": "Feature", "geometry": {"type": "Point", "coordinates": [-61.56425, 16.04495]}, "properties": {"taxon": "Anolis marmoratus", "scientificName": "Anolis marmoratus marmoratus Dum\u00e9ril & Bibron, 1837", "date": "1961-08-10", "basis": "PRESERVED_SPECIMEN", "dataset": null, "gbifID": "476736531"}}, {"type": "Feature", "geometry": {"type": "Point", "coordinates": [-61.56425, 16.04495]}, "properties": {"taxon": "Anolis marmoratus", "scientificName": "Anolis marmoratus marmoratus Dum\u00e9ril & Bibron, 1837", "date": "1961-08-10", "basis": "PRESERVED_SPECIMEN", "dataset": null, "gbifID": "476736532"}}, {"type": "Feature", "geometry": {"type": "Point", "coordinates": [-61.56425, 16.04495]}, "properties": {"taxon": "Anolis marmoratus", "scientificName": "Anolis marmoratus marmoratus Dum\u00e9ril & Bibron, 1837", "date": "1961-08-10", "basis": "PRESERVED_SPECIMEN", "dataset": null, "gbifID": "476736533"}}, {"type": "Feature", "geometry": {"type": "Point", "coordinates": [-61.56425, 16.04495]}, "properties": {"taxon": "Anolis marmoratus", "scientificName": "Anolis marmoratus marmoratus Dum\u00e9ril & Bibron, 1837", "date": "1961-08-10", "basis": "PRESERVED_SPECIMEN", "dataset": null, "gbifID": "476736629"}}, {"type": "Feature", "geometry": {"type": "Point", "coordinates": [-61.56425, 16.04495]}, "properties": {"taxon": "Anolis marmoratus", "scientificName": "Anolis marmoratus marmoratus Dum\u00e9ril & Bibron, 1837", "date": "1961-08-10", "basis": "PRESERVED_SPECIMEN", "dataset": null, "gbifID": "476736630"}}, {"type": "Feature", "geometry": {"type": "Point", "coordinates": [-61.56425, 16.04495]}, "properties": {"taxon": "Anolis marmoratus", "scientificName": "Anolis marmoratus marmoratus Dum\u00e9ril & Bibron, 1837", "date": "1961-08-10", "basis": "PRESERVED_SPECIMEN", "dataset": null, "gbifID": "476736631"}}, {"type": "Feature", "geometry": {"type": "Point", "coordinates": [-61.56425, 16.04495]}, "properties": {"taxon": "Anolis marmoratus", "scientificName": "Anolis marmoratus marmoratus Dum\u00e9ril & Bibron, 1837", "date": "1961-08-10", "basis": "PRESERVED_SPECIMEN", "dataset": null, "gbifID": "476736632"}}, {"type": "Feature", "geometry": {"type": "Point", "coordinates": [-61.56425, 16.04495]}, "properties": {"taxon": "Anolis marmoratus", "scientificName": "Anolis marmoratus marmoratus Dum\u00e9ril & Bibron, 1837", "date": "1961-08-10", "basis": "PRESERVED_SPECIMEN", "dataset": null, "gbifID": "476736633"}}, {"type": "Feature", "geometry": {"type": "Point", "coordinates": [-61.56425, 16.04495]}, "properties": {"taxon": "Anolis marmoratus", "scientificName": "Anolis marmoratus marmoratus Dum\u00e9ril & Bibron, 1837", "date": "1961-08-10", "basis": "PRESERVED_SPECIMEN", "dataset": null, "gbifID": "476736634"}}, {"type": "Feature", "geometry": {"type": "Point", "coordinates": [-61.60134, 16.00116]}, "properties": {"taxon": "Anolis marmoratus", "scientificName": "Anolis marmoratus marmoratus Dum\u00e9ril & Bibron, 1837", "date": "1961-08-21", "basis": "PRESERVED_SPECIMEN", "dataset": null, "gbifID": "476736635"}}, {"type": "Feature", "geometry": {"type": "Point", "coordinates": [-61.60134, 16.00116]}, "properties": {"taxon": "Anolis marmoratus", "scientificName": "Anolis marmoratus marmoratus Dum\u00e9ril & Bibron, 1837", "date": "1961-08-21", "basis": "PRESERVED_SPECIMEN", "dataset": null, "gbifID": "476736636"}}, {"type": "Feature", "geometry": {"type": "Point", "coordinates": [-61.60134, 16.00116]}, "properties": {"taxon": "Anolis marmoratus", "scientificName": "Anolis marmoratus marmoratus Dum\u00e9ril & Bibron, 1837", "date": "1961-08-21", "basis": "PRESERVED_SPECIMEN", "dataset": null, "gbifID": "476736735"}}, {"type": "Feature", "geometry": {"type": "Point", "coordinates": [-61.60134, 16.00116]}, "properties": {"taxon": "Anolis marmoratus", "scientificName": "Anolis marmoratus marmoratus Dum\u00e9ril & Bibron, 1837", "date": "1961-08-21", "basis": "PRESERVED_SPECIMEN", "dataset": null, "gbifID": "476736736"}}, {"type": "Feature", "geometry": {"type": "Point", "coordinates": [-61.60134, 16.00116]}, "properties": {"taxon": "Anolis marmoratus", "scientificName": "Anolis marmoratus marmoratus Dum\u00e9ril & Bibron, 1837", "date": "1961-08-21", "basis": "PRESERVED_SPECIMEN", "dataset": null, "gbifID": "476736737"}}, {"type": "Feature", "geometry": {"type": "Point", "coordinates": [-61.60134, 16.00116]}, "properties": {"taxon": "Anolis marmoratus", "scientificName": "Anolis marmoratus marmoratus Dum\u00e9ril & Bibron, 1837", "date": "1961-08-21", "basis": "PRESERVED_SPECIMEN", "dataset": null, "gbifID": "476736738"}}, {"type": "Feature", "geometry": {"type": "Point", "coordinates": [-61.60134, 16.00116]}, "properties": {"taxon": "Anolis marmoratus", "scientificName": "Anolis marmoratus marmoratus Dum\u00e9ril & Bibron, 1837", "date": "1961-08-21", "basis": "PRESERVED_SPECIMEN", "dataset": null, "gbifID": "476736739"}}, {"type": "Feature", "geometry": {"type": "Point", "coordinates": [-61.59726, 16.04041]}, "properties": {"taxon": "Anolis marmoratus", "scientificName": "Anolis marmoratus marmoratus Dum\u00e9ril & Bibron, 1837", "date": "1961-08-22", "basis": "PRESERVED_SPECIMEN", "dataset": null, "gbifID": "476736740"}}, {"type": "Feature", "geometry": {"type": "Point", "coordinates": [-61.59726, 16.04041]}, "properties": {"taxon": "Anolis marmoratus", "scientificName": "Anolis marmoratus marmoratus Dum\u00e9ril & Bibron, 1837", "date": "1961-08-22", "basis": "PRESERVED_SPECIMEN", "dataset": null, "gbifID": "476736741"}}, {"type": "Feature", "geometry": {"type": "Point", "coordinates": [-61.59726, 16.04041]}, "properties": {"taxon": "Anolis marmoratus", "scientificName": "Anolis marmoratus marmoratus Dum\u00e9ril & Bibron, 1837", "date": "1961-08-22", "basis": "PRESERVED_SPECIMEN", "dataset": null, "gbifID": "476736742"}}, {"type": "Feature", "geometry": {"type": "Point", "coordinates": [-61.59726, 16.04041]}, "properties": {"taxon": "Anolis marmoratus", "scientificName": "Anolis marmoratus marmoratus Dum\u00e9ril & Bibron, 1837", "date": "1961-08-22", "basis": "PRESERVED_SPECIMEN", "dataset": null, "gbifID": "476736842"}}, {"type": "Feature", "geometry": {"type": "Point", "coordinates": [-61.59726, 16.04041]}, "properties": {"taxon": "Anolis marmoratus", "scientificName": "Anolis marmoratus marmoratus Dum\u00e9ril & Bibron, 1837", "date": "1961-08-22", "basis": "PRESERVED_SPECIMEN", "dataset": null, "gbifID": "476736843"}}, {"type": "Feature", "geometry": {"type": "Point", "coordinates": [-61.59726, 16.04041]}, "properties": {"taxon": "Anolis marmoratus", "scientificName": "Anolis marmoratus marmoratus Dum\u00e9ril & Bibron, 1837", "date": "1961-08-22", "basis": "PRESERVED_SPECIMEN", "dataset": null, "gbifID": "476736844"}}, {"type": "Feature", "geometry": {"type": "Point", "coordinates": [-61.59726, 16.04041]}, "properties": {"taxon": "Anolis marmoratus", "scientificName": "Anolis marmoratus marmoratus Dum\u00e9ril & Bibron, 1837", "date": "1961-08-22", "basis": "PRESERVED_SPECIMEN", "dataset": null, "gbifID": "476736845"}}, {"type": "Feature", "geometry": {"type": "Point", "coordinates": [-61.59726, 16.04041]}, "properties": {"taxon": "Anolis marmoratus", "scientificName": "Anolis marmoratus marmoratus Dum\u00e9ril & Bibron, 1837", "date": "1961-08-22", "basis": "PRESERVED_SPECIMEN", "dataset": null, "gbifID": "476736846"}}, {"type": "Feature", "geometry": {"type": "Point", "coordinates": [-61.59726, 16.04041]}, "properties": {"taxon": "Anolis marmoratus", "scientificName": "Anolis marmoratus marmoratus Dum\u00e9ril & Bibron, 1837", "date": "1961-08-22", "basis": "PRESERVED_SPECIMEN", "dataset": null, "gbifID": "476736847"}}, {"type": "Feature", "geometry": {"type": "Point", "coordinates": [-61.59726, 16.04041]}, "properties": {"taxon": "Anolis marmoratus", "scientificName": "Anolis marmoratus marmoratus Dum\u00e9ril & Bibron, 1837", "date": "1961-08-22", "basis": "PRESERVED_SPECIMEN", "dataset": null, "gbifID": "476736848"}}, {"type": "Feature", "geometry": {"type": "Point", "coordinates": [-61.57072, 16.08011]}, "properties": {"taxon": "Anolis marmoratus", "scientificName": "Anolis marmoratus marmoratus Dum\u00e9ril & Bibron, 1837", "date": "1961-08-22", "basis": "PRESERVED_SPECIMEN", "dataset": null, "gbifID": "476736849"}}, {"type": "Feature", "geometry": {"type": "Point", "coordinates": [-61.57072, 16.08011]}, "properties": {"taxon": "Anolis marmoratus", "scientificName": "Anolis marmoratus marmoratus Dum\u00e9ril & Bibron, 1837", "date": "1961-08-22", "basis": "PRESERVED_SPECIMEN", "dataset": null, "gbifID": "476736950"}}, {"type": "Feature", "geometry": {"type": "Point", "coordinates": [-61.57072, 16.08011]}, "properties": {"taxon": "Anolis marmoratus", "scientificName": "Anolis marmoratus marmoratus Dum\u00e9ril & Bibron, 1837", "date": "1961-08-22", "basis": "PRESERVED_SPECIMEN", "dataset": null, "gbifID": "476736951"}}, {"type": "Feature", "geometry": {"type": "Point", "coordinates": [-61.57072, 16.08011]}, "properties": {"taxon": "Anolis marmoratus", "scientificName": "Anolis marmoratus marmoratus Dum\u00e9ril & Bibron, 1837", "date": "1961-08-22", "basis": "PRESERVED_SPECIMEN", "dataset": null, "gbifID": "476736952"}}, {"type": "Feature", "geometry": {"type": "Point", "coordinates": [-61.57072, 16.08011]}, "properties": {"taxon": "Anolis marmoratus", "scientificName": "Anolis marmoratus marmoratus Dum\u00e9ril & Bibron, 1837", "date": "1961-08-22", "basis": "PRESERVED_SPECIMEN", "dataset": null, "gbifID": "476736953"}}, {"type": "Feature", "geometry": {"type": "Point", "coordinates": [-61.57072, 16.08011]}, "properties": {"taxon": "Anolis marmoratus", "scientificName": "Anolis marmoratus marmoratus Dum\u00e9ril & Bibron, 1837", "date": "1961-08-22", "basis": "PRESERVED_SPECIMEN", "dataset": null, "gbifID": "476736954"}}, {"type": "Feature", "geometry": {"type": "Point", "coordinates": [-61.57072, 16.08011]}, "properties": {"taxon": "Anolis marmoratus", "scientificName": "Anolis marmoratus marmoratus Dum\u00e9ril & Bibron, 1837", "date": "1961-08-22", "basis": "PRESERVED_SPECIMEN", "dataset": null, "gbifID": "476736955"}}, {"type": "Feature", "geometry": {"type": "Point", "coordinates": [-61.57072, 16.08011]}, "properties": {"taxon": "Anolis marmoratus", "scientificName": "Anolis marmoratus marmoratus Dum\u00e9ril & Bibron, 1837", "date": "1961-08-22", "basis": "PRESERVED_SPECIMEN", "dataset": null, "gbifID": "476736956"}}, {"type": "Feature", "geometry": {"type": "Point", "coordinates": [-61.75927, 16.05614]}, "properties": {"taxon": "Anolis marmoratus", "scientificName": "Anolis marmoratus girafus Lazell, 1964", "date": "1961-08-14", "basis": "PRESERVED_SPECIMEN", "dataset": null, "gbifID": "476741065"}}, {"type": "Feature", "geometry": {"type": "Point", "coordinates": [-61.75927, 16.05614]}, "properties": {"taxon": "Anolis marmoratus", "scientificName": "Anolis marmoratus girafus Lazell, 1964", "date": "1961-08-14", "basis": "PRESERVED_SPECIMEN", "dataset": null, "gbifID": "476741066"}}, {"type": "Feature", "geometry": {"type": "Point", "coordinates": [-61.75927, 16.05614]}, "properties": {"taxon": "Anolis marmoratus", "scientificName": "Anolis marmoratus girafus Lazell, 1964", "date": "1961-08-14", "basis": "PRESERVED_SPECIMEN", "dataset": null, "gbifID": "476741067"}}, {"type": "Feature", "geometry": {"type": "Point", "coordinates": [-61.75927, 16.05614]}, "properties": {"taxon": "Anolis marmoratus", "scientificName": "Anolis marmoratus girafus Lazell, 1964", "date": "1961-08-14", "basis": "PRESERVED_SPECIMEN", "dataset": null, "gbifID": "476741163"}}, {"type": "Feature", "geometry": {"type": "Point", "coordinates": [-61.74182, 16.03115]}, "properties": {"taxon": "Anolis marmoratus", "scientificName": "Anolis marmoratus girafus Lazell, 1964", "date": "1961-08-14", "basis": "PRESERVED_SPECIMEN", "dataset": null, "gbifID": "476741164"}}, {"type": "Feature", "geometry": {"type": "Point", "coordinates": [-61.74182, 16.03115]}, "properties": {"taxon": "Anolis marmoratus", "scientificName": "Anolis marmoratus girafus Lazell, 1964", "date": "1961-08-14", "basis": "PRESERVED_SPECIMEN", "dataset": null, "gbifID": "476741165"}}, {"type": "Feature", "geometry": {"type": "Point", "coordinates": [-61.74182, 16.03115]}, "properties": {"taxon": "Anolis marmoratus", "scientificName": "Anolis marmoratus girafus Lazell, 1964", "date": "1961-08-14", "basis": "PRESERVED_SPECIMEN", "dataset": null, "gbifID": "476741166"}}, {"type": "Feature", "geometry": {"type": "Point", "coordinates": [-61.74182, 16.03115]}, "properties": {"taxon": "Anolis marmoratus", "scientificName": "Anolis marmoratus girafus Lazell, 1964", "date": "1961-08-14", "basis": "PRESERVED_SPECIMEN", "dataset": null, "gbifID": "476741167"}}, {"type": "Feature", "geometry": {"type": "Point", "coordinates": [-61.74182, 16.03115]}, "properties": {"taxon": "Anolis marmoratus", "scientificName": "Anolis marmoratus girafus Lazell, 1964", "date": "1961-08-14", "basis": "PRESERVED_SPECIMEN", "dataset": null, "gbifID": "476741168"}}, {"type": "Feature", "geometry": {"type": "Point", "coordinates": [-61.75927, 16.05614]}, "properties": {"taxon": "Anolis marmoratus", "scientificName": "Anolis marmoratus girafus Lazell, 1964", "date": "1961-08-14", "basis": "PRESERVED_SPECIMEN", "dataset": null, "gbifID": "476741263"}}, {"type": "Feature", "geometry": {"type": "Point", "coordinates": [-61.75927, 16.05614]}, "properties": {"taxon": "Anolis marmoratus", "scientificName": "Anolis marmoratus girafus Lazell, 1964", "date": "1961-08-14", "basis": "PRESERVED_SPECIMEN", "dataset": null, "gbifID": "476741264"}}, {"type": "Feature", "geometry": {"type": "Point", "coordinates": [-61.74182, 16.03115]}, "properties": {"taxon": "Anolis marmoratus", "scientificName": "Anolis marmoratus girafus Lazell, 1964", "date": "1961-08-14", "basis": "PRESERVED_SPECIMEN", "dataset": null, "gbifID": "476741265"}}, {"type": "Feature", "geometry": {"type": "Point", "coordinates": [-61.75927, 16.05614]}, "properties": {"taxon": "Anolis marmoratus", "scientificName": "Anolis marmoratus girafus Lazell, 1964", "date": "1961-08-14", "basis": "PRESERVED_SPECIMEN", "dataset": null, "gbifID": "476741363"}}, {"type": "Feature", "geometry": {"type": "Point", "coordinates": [-61.75927, 16.05614]}, "properties": {"taxon": "Anolis marmoratus", "scientificName": "Anolis marmoratus girafus Lazell, 1964", "date": "1961-08-14", "basis": "PRESERVED_SPECIMEN", "dataset": null, "gbifID": "476741364"}}, {"type": "Feature", "geometry": {"type": "Point", "coordinates": [-61.75927, 16.05614]}, "properties": {"taxon": "Anolis marmoratus", "scientificName": "Anolis marmoratus girafus Lazell, 1964", "date": "1961-08-14", "basis": "PRESERVED_SPECIMEN", "dataset": null, "gbifID": "476741365"}}, {"type": "Feature", "geometry": {"type": "Point", "coordinates": [-61.75927, 16.05614]}, "properties": {"taxon": "Anolis marmoratus", "scientificName": "Anolis marmoratus girafus Lazell, 1964", "date": "1961-08-14", "basis": "PRESERVED_SPECIMEN", "dataset": null, "gbifID": "476741366"}}, {"type": "Feature", "geometry": {"type": "Point", "coordinates": [-61.75927, 16.05614]}, "properties": {"taxon": "Anolis marmoratus", "scientificName": "Anolis marmoratus girafus Lazell, 1964", "date": "1961-08-14", "basis": "PRESERVED_SPECIMEN", "dataset": null, "gbifID": "476741367"}}, {"type": "Feature", "geometry": {"type": "Point", "coordinates": [-61.78331, 16.21378]}, "properties": {"taxon": "Anolis marmoratus", "scientificName": "Anolis marmoratus setosus x girafus", "date": "1961-08-23", "basis": "PRESERVED_SPECIMEN", "dataset": null, "gbifID": "476742198"}}, {"type": "Feature", "geometry": {"type": "Point", "coordinates": [-61.78331, 16.21378]}, "properties": {"taxon": "Anolis marmoratus", "scientificName": "Anolis marmoratus setosus x girafus", "date": "1961-08-23", "basis": "PRESERVED_SPECIMEN", "dataset": null, "gbifID": "476742199"}}, {"type": "Feature", "geometry": {"type": "Point", "coordinates": [-61.69808, 16.32709]}, "properties": {"taxon": "Anolis marmoratus", "scientificName": "Anolis marmoratus setosus Lazell, 1964", "date": "1961-08-11", "basis": "PRESERVED_SPECIMEN", "dataset": null, "gbifID": "476743081"}}, {"type": "Feature", "geometry": {"type": "Point", "coordinates": [-61.69808, 16.32709]}, "properties": {"taxon": "Anolis marmoratus", "scientificName": "Anolis marmoratus setosus Lazell, 1964", "date": "1961-08-11", "basis": "PRESERVED_SPECIMEN", "dataset": null, "gbifID": "476743186"}}, {"type": "Feature", "geometry": {"type": "Point", "coordinates": [-61.69808, 16.32709]}, "properties": {"taxon": "Anolis marmoratus", "scientificName": "Anolis marmoratus setosus Lazell, 1964", "date": "1961-08-11", "basis": "PRESERVED_SPECIMEN", "dataset": null, "gbifID": "476743187"}}, {"type": "Feature", "geometry": {"type": "Point", "coordinates": [-61.69808, 16.32709]}, "properties": {"taxon": "Anolis marmoratus", "scientificName": "Anolis marmoratus setosus Lazell, 1964", "date": "1961-08-11", "basis": "PRESERVED_SPECIMEN", "dataset": null, "gbifID": "476743188"}}, {"type": "Feature", "geometry": {"type": "Point", "coordinates": [-61.69808, 16.32709]}, "properties": {"taxon": "Anolis marmoratus", "scientificName": "Anolis marmoratus setosus Lazell, 1964", "date": "1961-08-11", "basis": "PRESERVED_SPECIMEN", "dataset": null, "gbifID": "476743189"}}, {"type": "Feature", "geometry": {"type": "Point", "coordinates": [-61.74369, 16.36159]}, "properties": {"taxon": "Anolis marmoratus", "scientificName": "Anolis marmoratus setosus Lazell, 1964", "date": "1961-08-11", "basis": "PRESERVED_SPECIMEN", "dataset": null, "gbifID": "476743190"}}, {"type": "Feature", "geometry": {"type": "Point", "coordinates": [-61.74369, 16.36159]}, "properties": {"taxon": "Anolis marmoratus", "scientificName": "Anolis marmoratus setosus Lazell, 1964", "date": "1961-08-11", "basis": "PRESERVED_SPECIMEN", "dataset": null, "gbifID": "476743191"}}, {"type": "Feature", "geometry": {"type": "Point", "coordinates": [-61.74369, 16.36159]}, "properties": {"taxon": "Anolis marmoratus", "scientificName": "Anolis marmoratus setosus Lazell, 1964", "date": "1961-08-11", "basis": "PRESERVED_SPECIMEN", "dataset": null, "gbifID": "476743292"}}, {"type": "Feature", "geometry": {"type": "Point", "coordinates": [-61.74369, 16.36159]}, "properties": {"taxon": "Anolis marmoratus", "scientificName": "Anolis marmoratus setosus Lazell, 1964", "date": "1961-08-11", "basis": "PRESERVED_SPECIMEN", "dataset": null, "gbifID": "476743293"}}, {"type": "Feature", "geometry": {"type": "Point", "coordinates": [-61.74369, 16.36159]}, "properties": {"taxon": "Anolis marmoratus", "scientificName": "Anolis marmoratus setosus Lazell, 1964", "date": "1961-08-11", "basis": "PRESERVED_SPECIMEN", "dataset": null, "gbifID": "476743294"}}, {"type": "Feature", "geometry": {"type": "Point", "coordinates": [-61.74369, 16.36159]}, "properties": {"taxon": "Anolis marmoratus", "scientificName": "Anolis marmoratus setosus Lazell, 1964", "date": "1961-08-11", "basis": "PRESERVED_SPECIMEN", "dataset": null, "gbifID": "476743295"}}, {"type": "Feature", "geometry": {"type": "Point", "coordinates": [-61.78886, 16.31134]}, "properties": {"taxon": "Anolis marmoratus", "scientificName": "Anolis marmoratus setosus Lazell, 1964", "date": "1961-08-11", "basis": "PRESERVED_SPECIMEN", "dataset": null, "gbifID": "476743296"}}, {"type": "Feature", "geometry": {"type": "Point", "coordinates": [-61.78886, 16.31134]}, "properties": {"taxon": "Anolis marmoratus", "scientificName": "Anolis marmoratus setosus Lazell, 1964", "date": "1961-08-11", "basis": "PRESERVED_SPECIMEN", "dataset": null, "gbifID": "476743297"}}, {"type": "Feature", "geometry": {"type": "Point", "coordinates": [-61.78886, 16.31134]}, "properties": {"taxon": "Anolis marmoratus", "scientificName": "Anolis marmoratus setosus Lazell, 1964", "date": "1961-08-11", "basis": "PRESERVED_SPECIMEN", "dataset": null, "gbifID": "476743403"}}, {"type": "Feature", "geometry": {"type": "Point", "coordinates": [-61.78886, 16.31134]}, "properties": {"taxon": "Anolis marmoratus", "scientificName": "Anolis marmoratus setosus Lazell, 1964", "date": "1961-08-11", "basis": "PRESERVED_SPECIMEN", "dataset": null, "gbifID": "476743404"}}, {"type": "Feature", "geometry": {"type": "Point", "coordinates": [-61.78886, 16.31134]}, "properties": {"taxon": "Anolis marmoratus", "scientificName": "Anolis marmoratus setosus Lazell, 1964", "date": "1961-08-11", "basis": "PRESERVED_SPECIMEN", "dataset": null, "gbifID": "476743405"}}, {"type": "Feature", "geometry": {"type": "Point", "coordinates": [-61.78886, 16.31134]}, "properties": {"taxon": "Anolis marmoratus", "scientificName": "Anolis marmoratus setosus Lazell, 1964", "date": "1961-08-11", "basis": "PRESERVED_SPECIMEN", "dataset": null, "gbifID": "476743406"}}, {"type": "Feature", "geometry": {"type": "Point", "coordinates": [-61.78886, 16.31134]}, "properties": {"taxon": "Anolis marmoratus", "scientificName": "Anolis marmoratus setosus Lazell, 1964", "date": "1961-08-11", "basis": "PRESERVED_SPECIMEN", "dataset": null, "gbifID": "476743407"}}, {"type": "Feature", "geometry": {"type": "Point", "coordinates": [-61.78329, 16.33738]}, "properties": {"taxon": "Anolis marmoratus", "scientificName": "Anolis marmoratus setosus Lazell, 1964", "date": "1961-08-28", "basis": "PRESERVED_SPECIMEN", "dataset": null, "gbifID": "476743408"}}, {"type": "Feature", "geometry": {"type": "Point", "coordinates": [-61.78329, 16.33738]}, "properties": {"taxon": "Anolis marmoratus", "scientificName": "Anolis marmoratus setosus Lazell, 1964", "date": "1961-08-28", "basis": "PRESERVED_SPECIMEN", "dataset": null, "gbifID": "476743514"}}, {"type": "Feature", "geometry": {"type": "Point", "coordinates": [-61.78329, 16.33738]}, "properties": {"taxon": "Anolis marmoratus", "scientificName": "Anolis marmoratus setosus Lazell, 1964", "date": "1961-08-28", "basis": "PRESERVED_SPECIMEN", "dataset": null, "gbifID": "476743515"}}, {"type": "Feature", "geometry": {"type": "Point", "coordinates": [-61.78329, 16.33738]}, "properties": {"taxon": "Anolis marmoratus", "scientificName": "Anolis marmoratus setosus Lazell, 1964", "date": "1961-08-28", "basis": "PRESERVED_SPECIMEN", "dataset": null, "gbifID": "476743516"}}, {"type": "Feature", "geometry": {"type": "Point", "coordinates": [-61.78329, 16.33738]}, "properties": {"taxon": "Anolis marmoratus", "scientificName": "Anolis marmoratus setosus Lazell, 1964", "date": "1961-08-28", "basis": "PRESERVED_SPECIMEN", "dataset": null, "gbifID": "476743517"}}, {"type": "Feature", "geometry": {"type": "Point", "coordinates": [-61.78329, 16.33738]}, "properties": {"taxon": "Anolis marmoratus", "scientificName": "Anolis marmoratus setosus Lazell, 1964", "date": "1961-08-28", "basis": "PRESERVED_SPECIMEN", "dataset": null, "gbifID": "476743518"}}, {"type": "Feature", "geometry": {"type": "Point", "coordinates": [-61.8, 16.25]}, "properties": {"taxon": "Anolis marmoratus", "scientificName": "Anolis marmoratus setosus x girafus", "date": "1961-08-11", "basis": "PRESERVED_SPECIMEN", "dataset": null, "gbifID": "476743519"}}, {"type": "Feature", "geometry": {"type": "Point", "coordinates": [-61.8, 16.25]}, "properties": {"taxon": "Anolis marmoratus", "scientificName": "Anolis marmoratus setosus x girafus", "date": "1961-08-11", "basis": "PRESERVED_SPECIMEN", "dataset": null, "gbifID": "476743520"}}, {"type": "Feature", "geometry": {"type": "Point", "coordinates": [-61.8, 16.25]}, "properties": {"taxon": "Anolis marmoratus", "scientificName": "Anolis marmoratus setosus x girafus", "date": "1961-08-11", "basis": "PRESERVED_SPECIMEN", "dataset": null, "gbifID": "476743752"}}, {"type": "Feature", "geometry": {"type": "Point", "coordinates": [-61.8, 16.25]}, "properties": {"taxon": "Anolis marmoratus", "scientificName": "Anolis marmoratus setosus x girafus", "date": "1961-08-11", "basis": "PRESERVED_SPECIMEN", "dataset": null, "gbifID": "476743860"}}, {"type": "Feature", "geometry": {"type": "Point", "coordinates": [-61.8, 16.25]}, "properties": {"taxon": "Anolis marmoratus", "scientificName": "Anolis marmoratus setosus x girafus", "date": "1961-08-11", "basis": "PRESERVED_SPECIMEN", "dataset": null, "gbifID": "476743861"}}, {"type": "Feature", "geometry": {"type": "Point", "coordinates": [-61.8, 16.25]}, "properties": {"taxon": "Anolis marmoratus", "scientificName": "Anolis marmoratus setosus x girafus", "date": "1961-08-11", "basis": "PRESERVED_SPECIMEN", "dataset": null, "gbifID": "476743862"}}, {"type": "Feature", "geometry": {"type": "Point", "coordinates": [-61.8, 16.25]}, "properties": {"taxon": "Anolis marmoratus", "scientificName": "Anolis marmoratus setosus x girafus", "date": "1961-08-11", "basis": "PRESERVED_SPECIMEN", "dataset": null, "gbifID": "476743863"}}, {"type": "Feature", "geometry": {"type": "Point", "coordinates": [-61.8, 16.25]}, "properties": {"taxon": "Anolis marmoratus", "scientificName": "Anolis marmoratus setosus x girafus", "date": "1961-08-23", "basis": "PRESERVED_SPECIMEN", "dataset": null, "gbifID": "476743864"}}, {"type": "Feature", "geometry": {"type": "Point", "coordinates": [-61.78331, 16.21378]}, "properties": {"taxon": "Anolis marmoratus", "scientificName": "Anolis marmoratus setosus x girafus", "date": "1961-08-23", "basis": "PRESERVED_SPECIMEN", "dataset": null, "gbifID": "476743865"}}, {"type": "Feature", "geometry": {"type": "Point", "coordinates": [-61.78331, 16.21378]}, "properties": {"taxon": "Anolis marmoratus", "scientificName": "Anolis marmoratus setosus x girafus", "date": "1961-08-23", "basis": "PRESERVED_SPECIMEN", "dataset": null, "gbifID": "476743866"}}, {"type": "Feature", "geometry": {"type": "Point", "coordinates": [-61.76707, 16.08282]}, "properties": {"taxon": "Anolis marmoratus", "scientificName": "Anolis marmoratus girafus Lazell, 1964", "date": "1961-08-23", "basis": "PRESERVED_SPECIMEN", "dataset": null, "gbifID": "476745710"}}, {"type": "Feature", "geometry": {"type": "Point", "coordinates": [-61.76707, 16.08282]}, "properties": {"taxon": "Anolis marmoratus", "scientificName": "Anolis marmoratus girafus Lazell, 1964", "date": "1961-08-23", "basis": "PRESERVED_SPECIMEN", "dataset": null, "gbifID": "476745711"}}, {"type": "Feature", "geometry": {"type": "Point", "coordinates": [-61.76707, 16.08282]}, "properties": {"taxon": "Anolis marmoratus", "scientificName": "Anolis marmoratus girafus Lazell, 1964", "date": "1961-08-23", "basis": "PRESERVED_SPECIMEN", "dataset": null, "gbifID": "476745712"}}, {"type": "Feature", "geometry": {"type": "Point", "coordinates": [-61.58333, 16.25]}, "properties": {"taxon": "Anolis marmoratus", "scientificName": "Anolis marmoratus alliaceus Cope, 1864", "date": "1961-08-17", "basis": "PRESERVED_SPECIMEN", "dataset": null, "gbifID": "476746371"}}, {"type": "Feature", "geometry": {"type": "Point", "coordinates": [-61.58333, 16.25]}, "properties": {"taxon": "Anolis marmoratus", "scientificName": "Anolis marmoratus alliaceus Cope, 1864", "date": "1961-08-17", "basis": "PRESERVED_SPECIMEN", "dataset": null, "gbifID": "476746372"}}, {"type": "Feature", "geometry": {"type": "Point", "coordinates": [-61.58333, 16.25]}, "properties": {"taxon": "Anolis marmoratus", "scientificName": "Anolis marmoratus alliaceus Cope, 1864", "date": "1961-08-17", "basis": "PRESERVED_SPECIMEN", "dataset": null, "gbifID": "476746373"}}, {"type": "Feature", "geometry": {"type": "Point", "coordinates": [-61.58333, 16.25]}, "properties": {"taxon": "Anolis marmoratus", "scientificName": "Anolis marmoratus alliaceus Cope, 1864", "date": "1961-08-17", "basis": "PRESERVED_SPECIMEN", "dataset": null, "gbifID": "476746374"}}, {"type": "Feature", "geometry": {"type": "Point", "coordinates": [-61.58333, 16.25]}, "properties": {"taxon": "Anolis marmoratus", "scientificName": "Anolis marmoratus alliaceus Cope, 1864", "date": "1961-08-17", "basis": "PRESERVED_SPECIMEN", "dataset": null, "gbifID": "476746375"}}, {"type": "Feature", "geometry": {"type": "Point", "coordinates": [-61.58333, 16.25]}, "properties": {"taxon": "Anolis marmoratus", "scientificName": "Anolis marmoratus alliaceus Cope, 1864", "date": "1961-08-17", "basis": "PRESERVED_SPECIMEN", "dataset": null, "gbifID": "476746482"}}, {"type": "Feature", "geometry": {"type": "Point", "coordinates": [-61.64292, 16.02386]}, "properties": {"taxon": "Anolis marmoratus", "scientificName": "Anolis marmoratus alliaceus Cope, 1864", "date": "1961-08-21", "basis": "PRESERVED_SPECIMEN", "dataset": null, "gbifID": "476746483"}}, {"type": "Feature", "geometry": {"type": "Point", "coordinates": [-61.58333, 16.25]}, "properties": {"taxon": "Anolis marmoratus", "scientificName": "Anolis marmoratus alliaceus Cope, 1864", "date": "1961-08-26", "basis": "PRESERVED_SPECIMEN", "dataset": null, "gbifID": "476746484"}}, {"type": "Feature", "geometry": {"type": "Point", "coordinates": [-61.58333, 16.25]}, "properties": {"taxon": "Anolis marmoratus", "scientificName": "Anolis marmoratus alliaceus Cope, 1864", "date": "1961-08-27", "basis": "PRESERVED_SPECIMEN", "dataset": null, "gbifID": "476746485"}}, {"type": "Feature", "geometry": {"type": "Point", "coordinates": [-61.58333, 16.25]}, "properties": {"taxon": "Anolis marmoratus", "scientificName": "Anolis marmoratus alliaceus Cope, 1864", "date": "1961-08-27", "basis": "PRESERVED_SPECIMEN", "dataset": null, "gbifID": "476746486"}}, {"type": "Feature", "geometry": {"type": "Point", "coordinates": [-61.58333, 16.25]}, "properties": {"taxon": "Anolis marmoratus", "scientificName": "Anolis marmoratus alliaceus Cope, 1864", "date": "1961-08-27", "basis": "PRESERVED_SPECIMEN", "dataset": null, "gbifID": "476746487"}}, {"type": "Feature", "geometry": {"type": "Point", "coordinates": [-61.76707, 16.08282]}, "properties": {"taxon": "Anolis marmoratus", "scientificName": "Anolis marmoratus girafus Lazell, 1964", "date": "1961-08-23", "basis": "PRESERVED_SPECIMEN", "dataset": null, "gbifID": "476747382"}}, {"type": "Feature", "geometry": {"type": "Point", "coordinates": [-61.76707, 16.08282]}, "properties": {"taxon": "Anolis marmoratus", "scientificName": "Anolis marmoratus girafus Lazell, 1964", "date": "1961-08-23", "basis": "PRESERVED_SPECIMEN", "dataset": null, "gbifID": "476747383"}}, {"type": "Feature", "geometry": {"type": "Point", "coordinates": [-61.76707, 16.08282]}, "properties": {"taxon": "Anolis marmoratus", "scientificName": "Anolis marmoratus girafus Lazell, 1964", "date": "1961-08-23", "basis": "PRESERVED_SPECIMEN", "dataset": null, "gbifID": "476747384"}}, {"type": "Feature", "geometry": {"type": "Point", "coordinates": [-61.5343, 16.2422]}, "properties": {"taxon": "Anolis marmoratus", "scientificName": "Anolis marmoratus speciosus (Garman, 1887)", "date": "1961-08-12", "basis": "PRESERVED_SPECIMEN", "dataset": null, "gbifID": "476750451"}}, {"type": "Feature", "geometry": {"type": "Point", "coordinates": [-61.5343, 16.2422]}, "properties": {"taxon": "Anolis marmoratus", "scientificName": "Anolis marmoratus speciosus (Garman, 1887)", "date": "1961-08-12", "basis": "PRESERVED_SPECIMEN", "dataset": null, "gbifID": "476750452"}}, {"type": "Feature", "geometry": {"type": "Point", "coordinates": [-61.5343, 16.2422]}, "properties": {"taxon": "Anolis marmoratus", "scientificName": "Anolis marmoratus speciosus (Garman, 1887)", "date": "1961-08-12", "basis": "PRESERVED_SPECIMEN", "dataset": null, "gbifID": "476750563"}}, {"type": "Feature", "geometry": {"type": "Point", "coordinates": [-61.5343, 16.2422]}, "properties": {"taxon": "Anolis marmoratus", "scientificName": "Anolis marmoratus speciosus (Garman, 1887)", "date": "1961-08-12", "basis": "PRESERVED_SPECIMEN", "dataset": null, "gbifID": "476750564"}}, {"type": "Feature", "geometry": {"type": "Point", "coordinates": [-61.5343, 16.2422]}, "properties": {"taxon": "Anolis marmoratus", "scientificName": "Anolis marmoratus speciosus (Garman, 1887)", "date": "1961-08-12", "basis": "PRESERVED_SPECIMEN", "dataset": null, "gbifID": "476750565"}}, {"type": "Feature", "geometry": {"type": "Point", "coordinates": [-61.5343, 16.2422]}, "properties": {"taxon": "Anolis marmoratus", "scientificName": "Anolis marmoratus speciosus (Garman, 1887)", "date": "1961-08-12", "basis": "PRESERVED_SPECIMEN", "dataset": null, "gbifID": "476750566"}}, {"type": "Feature", "geometry": {"type": "Point", "coordinates": [-61.5343, 16.2422]}, "properties": {"taxon": "Anolis marmoratus", "scientificName": "Anolis marmoratus speciosus (Garman, 1887)", "date": "1961-08-12", "basis": "PRESERVED_SPECIMEN", "dataset": null, "gbifID": "476750567"}}, {"type": "Feature", "geometry": {"type": "Point", "coordinates": [-61.5343, 16.2422]}, "properties": {"taxon": "Anolis marmoratus", "scientificName": "Anolis marmoratus speciosus (Garman, 1887)", "date": "1961-08-12", "basis": "PRESERVED_SPECIMEN", "dataset": null, "gbifID": "476750568"}}, {"type": "Feature", "geometry": {"type": "Point", "coordinates": [-61.5343, 16.2422]}, "properties": {"taxon": "Anolis marmoratus", "scientificName": "Anolis marmoratus speciosus (Garman, 1887)", "date": "1961-08-12", "basis": "PRESERVED_SPECIMEN", "dataset": null, "gbifID": "476750569"}}, {"type": "Feature", "geometry": {"type": "Point", "coordinates": [-61.5343, 16.2422]}, "properties": {"taxon": "Anolis marmoratus", "scientificName": "Anolis marmoratus speciosus (Garman, 1887)", "date": "1961-08-12", "basis": "PRESERVED_SPECIMEN", "dataset": null, "gbifID": "476750570"}}, {"type": "Feature", "geometry": {"type": "Point", "coordinates": [-61.5343, 16.2422]}, "properties": {"taxon": "Anolis marmoratus", "scientificName": "Anolis marmoratus speciosus (Garman, 1887)", "date": "1961-08-12", "basis": "PRESERVED_SPECIMEN", "dataset": null, "gbifID": "476750681"}}, {"type": "Feature", "geometry": {"type": "Point", "coordinates": [-61.65627, 16.18167]}, "properties": {"taxon": "Anolis marmoratus", "scientificName": "Anolis marmoratus Dum\u00e9ril & Bibron, 1837", "date": "1961-08-27", "basis": "PRESERVED_SPECIMEN", "dataset": null, "gbifID": "476750720"}}, {"type": "Feature", "geometry": {"type": "Point", "coordinates": [-61.65627, 16.18167]}, "properties": {"taxon": "Anolis marmoratus", "scientificName": "Anolis marmoratus Dum\u00e9ril & Bibron, 1837", "date": "1961-08-27", "basis": "PRESERVED_SPECIMEN", "dataset": null, "gbifID": "476750721"}}, {"type": "Feature", "geometry": {"type": "Point", "coordinates": [-61.65627, 16.18167]}, "properties": {"taxon": "Anolis marmoratus", "scientificName": "Anolis marmoratus Dum\u00e9ril & Bibron, 1837", "date": "1961-08-27", "basis": "PRESERVED_SPECIMEN", "dataset": null, "gbifID": "476750722"}}, {"type": "Feature", "geometry": {"type": "Point", "coordinates": [-61.53228, 16.41942]}, "properties": {"taxon": "Anolis marmoratus", "scientificName": "Anolis marmoratus inornatus Lazell, 1964", "date": "1961-08-08", "basis": "PRESERVED_SPECIMEN", "dataset": null, "gbifID": "476788801"}}, {"type": "Feature", "geometry": {"type": "Point", "coordinates": [-61.75927, 16.05614]}, "properties": {"taxon": "Anolis marmoratus", "scientificName": "Anolis marmoratus girafus Lazell, 1964", "date": "1961-08-14", "basis": "PRESERVED_SPECIMEN", "dataset": null, "gbifID": "476788902"}}, {"type": "Feature", "geometry": {"type": "Point", "coordinates": [-61.74182, 16.03115]}, "properties": {"taxon": "Anolis marmoratus", "scientificName": "Anolis marmoratus girafus Lazell, 1964", "date": "1961-08-14", "basis": "PRESERVED_SPECIMEN", "dataset": null, "gbifID": "476788993"}}, {"type": "Feature", "geometry": {"type": "Point", "coordinates": [-61.74182, 16.03115]}, "properties": {"taxon": "Anolis marmoratus", "scientificName": "Anolis marmoratus girafus Lazell, 1964", "date": "1961-08-14", "basis": "PRESERVED_SPECIMEN", "dataset": null, "gbifID": "476788994"}}, {"type": "Feature", "geometry": {"type": "Point", "coordinates": [-61.76707, 16.08282]}, "properties": {"taxon": "Anolis marmoratus", "scientificName": "Anolis marmoratus girafus Lazell, 1964", "date": "1961-08-23", "basis": "PRESERVED_SPECIMEN", "dataset": null, "gbifID": "476789092"}}, {"type": "Feature", "geometry": {"type": "Point", "coordinates": [-61.76853, 16.12902]}, "properties": {"taxon": "Anolis marmoratus", "scientificName": "Anolis marmoratus girafus Lazell, 1964", "date": "1961-08-23", "basis": "PRESERVED_SPECIMEN", "dataset": null, "gbifID": "476789093"}}, {"type": "Feature", "geometry": {"type": "Point", "coordinates": [-61.77556, 16.1716]}, "properties": {"taxon": "Anolis marmoratus", "scientificName": "Anolis marmoratus girafus Lazell, 1964", "date": "1961-08-23", "basis": "PRESERVED_SPECIMEN", "dataset": null, "gbifID": "476789094"}}, {"type": "Feature", "geometry": {"type": "Point", "coordinates": [-61.77556, 16.1716]}, "properties": {"taxon": "Anolis marmoratus", "scientificName": "Anolis marmoratus girafus Lazell, 1964", "date": "1961-08-23", "basis": "PRESERVED_SPECIMEN", "dataset": null, "gbifID": "476789095"}}, {"type": "Feature", "geometry": {"type": "Point", "coordinates": [-61.69808, 16.32709]}, "properties": {"taxon": "Anolis marmoratus", "scientificName": "Anolis marmoratus setosus Lazell, 1964", "date": "1961-08-11", "basis": "PRESERVED_SPECIMEN", "dataset": null, "gbifID": "476790143"}}, {"type": "Feature", "geometry": {"type": "Point", "coordinates": [-61.74369, 16.36159]}, "properties": {"taxon": "Anolis marmoratus", "scientificName": "Anolis marmoratus setosus Lazell, 1964", "date": "1961-08-11", "basis": "PRESERVED_SPECIMEN", "dataset": null, "gbifID": "476790144"}}, {"type": "Feature", "geometry": {"type": "Point", "coordinates": [-61.78886, 16.31134]}, "properties": {"taxon": "Anolis marmoratus", "scientificName": "Anolis marmoratus setosus Lazell, 1964", "date": "1961-08-11", "basis": "PRESERVED_SPECIMEN", "dataset": null, "gbifID": "476790145"}}, {"type": "Feature", "geometry": {"type": "Point", "coordinates": [-61.78886, 16.31134]}, "properties": {"taxon": "Anolis marmoratus", "scientificName": "Anolis marmoratus setosus Lazell, 1964", "date": "1961-08-11", "basis": "PRESERVED_SPECIMEN", "dataset": null, "gbifID": "476790239"}}, {"type": "Feature", "geometry": {"type": "Point", "coordinates": [-61.78329, 16.33738]}, "properties": {"taxon": "Anolis marmoratus", "scientificName": "Anolis marmoratus setosus Lazell, 1964", "date": "1961-08-28", "basis": "PRESERVED_SPECIMEN", "dataset": null, "gbifID": "476790240"}}, {"type": "Feature", "geometry": {"type": "Point", "coordinates": [-61.34656, 16.33164]}, "properties": {"taxon": "Anolis marmoratus", "scientificName": "Anolis marmoratus inornatus Lazell, 1964", "date": "1961-08-07", "basis": "PRESERVED_SPECIMEN", "dataset": null, "gbifID": "476794980"}}, {"type": "Feature", "geometry": {"type": "Point", "coordinates": [-61.53228, 16.41942]}, "properties": {"taxon": "Anolis marmoratus", "scientificName": "Anolis marmoratus inornatus Lazell, 1964", "date": "1961-08-08", "basis": "PRESERVED_SPECIMEN", "dataset": null, "gbifID": "476794981"}}, {"type": "Feature", "geometry": {"type": "Point", "coordinates": [-61.50604, 16.46897]}, "properties": {"taxon": "Anolis marmoratus", "scientificName": "Anolis marmoratus inornatus Lazell, 1964", "date": "1961-08-13", "basis": "PRESERVED_SPECIMEN", "dataset": null, "gbifID": "476794982"}}, {"type": "Feature", "geometry": {"type": "Point", "coordinates": [-61.50604, 16.46897]}, "properties": {"taxon": "Anolis marmoratus", "scientificName": "Anolis marmoratus inornatus Lazell, 1964", "date": "1961-08-13", "basis": "PRESERVED_SPECIMEN", "dataset": null, "gbifID": "476794983"}}, {"type": "Feature", "geometry": {"type": "Point", "coordinates": [-61.43813, 16.44312]}, "properties": {"taxon": "Anolis marmoratus", "scientificName": "Anolis marmoratus inornatus Lazell, 1964", "date": "1961-08-13", "basis": "PRESERVED_SPECIMEN", "dataset": null, "gbifID": "476794984"}}, {"type": "Feature", "geometry": {"type": "Point", "coordinates": [-61.4043, 16.35584]}, "properties": {"taxon": "Anolis marmoratus", "scientificName": "Anolis marmoratus inornatus Lazell, 1964", "date": "1961-08-30", "basis": "PRESERVED_SPECIMEN", "dataset": null, "gbifID": "476794985"}}, {"type": "Feature", "geometry": {"type": "Point", "coordinates": [-61.75927, 16.05614]}, "properties": {"taxon": "Anolis marmoratus", "scientificName": "Anolis marmoratus girafus Lazell, 1964", "date": "1961-08-14", "basis": "PRESERVED_SPECIMEN", "dataset": null, "gbifID": "476795086"}}, {"type": "Feature", "geometry": {"type": "Point", "coordinates": [-61.74182, 16.03115]}, "properties": {"taxon": "Anolis marmoratus", "scientificName": "Anolis marmoratus girafus Lazell, 1964", "date": "1961-08-14", "basis": "PRESERVED_SPECIMEN", "dataset": null, "gbifID": "476795183"}}, {"type": "Feature", "geometry": {"type": "Point", "coordinates": [-61.76853, 16.12902]}, "properties": {"taxon": "Anolis marmoratus", "scientificName": "Anolis marmoratus girafus Lazell, 1964", "date": "1961-08-23", "basis": "PRESERVED_SPECIMEN", "dataset": null, "gbifID": "476795754"}}, {"type": "Feature", "geometry": {"type": "Point", "coordinates": [-61.5343, 16.2422]}, "properties": {"taxon": "Anolis marmoratus", "scientificName": "Anolis marmoratus speciosus (Garman, 1887)", "date": "1961-08-12", "basis": "PRESERVED_SPECIMEN", "dataset": null, "gbifID": "476796140"}}, {"type": "Feature", "geometry": {"type": "Point", "coordinates": [-61.47143, 16.20915]}, "properties": {"taxon": "Anolis marmoratus", "scientificName": "Anolis marmoratus speciosus (Garman, 1887)", "date": "1961-08-09", "basis": "PRESERVED_SPECIMEN", "dataset": null, "gbifID": "476796226"}}, {"type": "Feature", "geometry": {"type": "Point", "coordinates": [-61.39107, 16.23616]}, "properties": {"taxon": "Anolis marmoratus", "scientificName": "Anolis marmoratus speciosus (Garman, 1887)", "date": "1961-08-09", "basis": "PRESERVED_SPECIMEN", "dataset": null, "gbifID": "476796317"}}, {"type": "Feature", "geometry": {"type": "Point", "coordinates": [-61.75927, 16.05614]}, "properties": {"taxon": "Anolis marmoratus", "scientificName": "Anolis marmoratus girafus Lazell, 1964", "date": "1961-08-14", "basis": "PRESERVED_SPECIMEN", "dataset": null, "gbifID": "476796319"}}, {"type": "Feature", "geometry": {"type": "Point", "coordinates": [-61.77556, 16.1716]}, "properties": {"taxon": "Anolis marmoratus", "scientificName": "Anolis marmoratus girafus Lazell, 1964", "date": "1961-08-23", "basis": "PRESERVED_SPECIMEN", "dataset": null, "gbifID": "476797608"}}, {"type": "Feature", "geometry": {"type": "Point", "coordinates": [-61.76707, 16.08282]}, "properties": {"taxon": "Anolis marmoratus", "scientificName": "Anolis marmoratus girafus Lazell, 1964", "date": "1961-08-23", "basis": "PRESERVED_SPECIMEN", "dataset": null, "gbifID": "476797782"}}, {"type": "Feature", "geometry": {"type": "Point", "coordinates": [-61.69808, 16.32709]}, "properties": {"taxon": "Anolis marmoratus", "scientificName": "Anolis marmoratus setosus Lazell, 1964", "date": "1961-08-11", "basis": "PRESERVED_SPECIMEN", "dataset": null, "gbifID": "476798901"}}, {"type": "Feature", "geometry": {"type": "Point", "coordinates": [-61.69808, 16.32709]}, "properties": {"taxon": "Anolis marmoratus", "scientificName": "Anolis marmoratus setosus Lazell, 1964", "date": "1961-08-11", "basis": "PRESERVED_SPECIMEN", "dataset": null, "gbifID": "476798902"}}, {"type": "Feature", "geometry": {"type": "Point", "coordinates": [-61.78886, 16.31134]}, "properties": {"taxon": "Anolis marmoratus", "scientificName": "Anolis marmoratus setosus Lazell, 1964", "date": "1961-08-11", "basis": "PRESERVED_SPECIMEN", "dataset": null, "gbifID": "476798980"}}, {"type": "Feature", "geometry": {"type": "Point", "coordinates": [-61.78886, 16.31134]}, "properties": {"taxon": "Anolis marmoratus", "scientificName": "Anolis marmoratus setosus Lazell, 1964", "date": "1961-08-11", "basis": "PRESERVED_SPECIMEN", "dataset": null, "gbifID": "476798981"}}, {"type": "Feature", "geometry": {"type": "Point", "coordinates": [-61.768, 16.130147]}, "properties": {"taxon": "Anolis marmoratus", "scientificName": "Anolis marmoratus girafus Lazell, 1964", "date": "1961-08-23", "basis": "PRESERVED_SPECIMEN", "dataset": null, "gbifID": "543441663"}}, {"type": "Feature", "geometry": {"type": "Point", "coordinates": [-61.63348, 15.85417]}, "properties": {"taxon": "Anolis marmoratus", "scientificName": "Anolis marmoratus caryae Lazell, 1964", "date": "1961-09-06", "basis": "PRESERVED_SPECIMEN", "dataset": null, "gbifID": "476505073"}}, {"type": "Feature", "geometry": {"type": "Point", "coordinates": [-61.63348, 15.85417]}, "properties": {"taxon": "Anolis marmoratus", "scientificName": "Anolis marmoratus caryae Lazell, 1964", "date": "1961-09-06", "basis": "PRESERVED_SPECIMEN", "dataset": null, "gbifID": "476505094"}}, {"type": "Feature", "geometry": {"type": "Point", "coordinates": [-61.59815, 15.83595]}, "properties": {"taxon": "Anolis marmoratus", "scientificName": "Anolis marmoratus Dum\u00e9ril & Bibron, 1837", "date": "1961-09-07", "basis": "PRESERVED_SPECIMEN", "dataset": null, "gbifID": "476505095"}}, {"type": "Feature", "geometry": {"type": "Point", "coordinates": [-61.59815, 15.83595]}, "properties": {"taxon": "Anolis marmoratus", "scientificName": "Anolis marmoratus Dum\u00e9ril & Bibron, 1837", "date": "1961-09-07", "basis": "PRESERVED_SPECIMEN", "dataset": null, "gbifID": "476505096"}}, {"type": "Feature", "geometry": {"type": "Point", "coordinates": [-61.59459, 15.87534]}, "properties": {"taxon": "Anolis marmoratus", "scientificName": "Anolis marmoratus Dum\u00e9ril & Bibron, 1837", "date": "1961-09-07", "basis": "PRESERVED_SPECIMEN", "dataset": null, "gbifID": "476505097"}}, {"type": "Feature", "geometry": {"type": "Point", "coordinates": [-61.59459, 15.87534]}, "properties": {"taxon": "Anolis marmoratus", "scientificName": "Anolis marmoratus Dum\u00e9ril & Bibron, 1837", "date": "1961-09-07", "basis": "PRESERVED_SPECIMEN", "dataset": null, "gbifID": "476742191"}}, {"type": "Feature", "geometry": {"type": "Point", "coordinates": [-61.59459, 15.87534]}, "properties": {"taxon": "Anolis marmoratus", "scientificName": "Anolis marmoratus Dum\u00e9ril & Bibron, 1837", "date": "1961-09-07", "basis": "PRESERVED_SPECIMEN", "dataset": null, "gbifID": "476742192"}}, {"type": "Feature", "geometry": {"type": "Point", "coordinates": [-61.59459, 15.87534]}, "properties": {"taxon": "Anolis marmoratus", "scientificName": "Anolis marmoratus Dum\u00e9ril & Bibron, 1837", "date": "1961-09-07", "basis": "PRESERVED_SPECIMEN", "dataset": null, "gbifID": "476742193"}}, {"type": "Feature", "geometry": {"type": "Point", "coordinates": [-61.59459, 15.87534]}, "properties": {"taxon": "Anolis marmoratus", "scientificName": "Anolis marmoratus Dum\u00e9ril & Bibron, 1837", "date": "1961-09-07", "basis": "PRESERVED_SPECIMEN", "dataset": null, "gbifID": "476742194"}}, {"type": "Feature", "geometry": {"type": "Point", "coordinates": [-61.59459, 15.87534]}, "properties": {"taxon": "Anolis marmoratus", "scientificName": "Anolis marmoratus Dum\u00e9ril & Bibron, 1837", "date": "1961-09-07", "basis": "PRESERVED_SPECIMEN", "dataset": null, "gbifID": "476742195"}}, {"type": "Feature", "geometry": {"type": "Point", "coordinates": [-61.59459, 15.87534]}, "properties": {"taxon": "Anolis marmoratus", "scientificName": "Anolis marmoratus Dum\u00e9ril & Bibron, 1837", "date": "1961-09-07", "basis": "PRESERVED_SPECIMEN", "dataset": null, "gbifID": "476742196"}}, {"type": "Feature", "geometry": {"type": "Point", "coordinates": [-61.63348, 15.85417]}, "properties": {"taxon": "Anolis marmoratus", "scientificName": "Anolis marmoratus caryae Lazell, 1964", "date": "1961-09-06", "basis": "PRESERVED_SPECIMEN", "dataset": null, "gbifID": "476743183"}}, {"type": "Feature", "geometry": {"type": "Point", "coordinates": [-61.63348, 15.85417]}, "properties": {"taxon": "Anolis marmoratus", "scientificName": "Anolis marmoratus caryae Lazell, 1964", "date": "1961-09-06", "basis": "PRESERVED_SPECIMEN", "dataset": null, "gbifID": "476743184"}}, {"type": "Feature", "geometry": {"type": "Point", "coordinates": [-61.63348, 15.85417]}, "properties": {"taxon": "Anolis marmoratus", "scientificName": "Anolis marmoratus caryae Lazell, 1964", "date": "1961-09-06", "basis": "PRESERVED_SPECIMEN", "dataset": null, "gbifID": "476743185"}}, {"type": "Feature", "geometry": {"type": "Point", "coordinates": [-61.63348, 15.85417]}, "properties": {"taxon": "Anolis marmoratus", "scientificName": "Anolis marmoratus caryae Lazell, 1964", "date": "1961-09-06", "basis": "PRESERVED_SPECIMEN", "dataset": null, "gbifID": "476743286"}}, {"type": "Feature", "geometry": {"type": "Point", "coordinates": [-61.63348, 15.85417]}, "properties": {"taxon": "Anolis marmoratus", "scientificName": "Anolis marmoratus caryae Lazell, 1964", "date": "1961-09-06", "basis": "PRESERVED_SPECIMEN", "dataset": null, "gbifID": "476743287"}}, {"type": "Feature", "geometry": {"type": "Point", "coordinates": [-61.63348, 15.85417]}, "properties": {"taxon": "Anolis marmoratus", "scientificName": "Anolis marmoratus caryae Lazell, 1964", "date": "1961-09-06", "basis": "PRESERVED_SPECIMEN", "dataset": null, "gbifID": "476743288"}}, {"type": "Feature", "geometry": {"type": "Point", "coordinates": [-61.63348, 15.85417]}, "properties": {"taxon": "Anolis marmoratus", "scientificName": "Anolis marmoratus caryae Lazell, 1964", "date": "1961-09-06", "basis": "PRESERVED_SPECIMEN", "dataset": null, "gbifID": "476743289"}}, {"type": "Feature", "geometry": {"type": "Point", "coordinates": [-61.63348, 15.85417]}, "properties": {"taxon": "Anolis marmoratus", "scientificName": "Anolis marmoratus caryae Lazell, 1964", "date": "1961-09-06", "basis": "PRESERVED_SPECIMEN", "dataset": null, "gbifID": "476743626"}}, {"type": "Feature", "geometry": {"type": "Point", "coordinates": [-61.64417, 15.85011]}, "properties": {"taxon": "Anolis marmoratus", "scientificName": "Anolis marmoratus caryae Lazell, 1964", "date": "1961-09-07", "basis": "PRESERVED_SPECIMEN", "dataset": null, "gbifID": "476743627"}}, {"type": "Feature", "geometry": {"type": "Point", "coordinates": [-61.64417, 15.85011]}, "properties": {"taxon": "Anolis marmoratus", "scientificName": "Anolis marmoratus caryae Lazell, 1964", "date": "1961-09-07", "basis": "PRESERVED_SPECIMEN", "dataset": null, "gbifID": "476743628"}}, {"type": "Feature", "geometry": {"type": "Point", "coordinates": [-61.64417, 15.85011]}, "properties": {"taxon": "Anolis marmoratus", "scientificName": "Anolis marmoratus caryae Lazell, 1964", "date": "1961-09-07", "basis": "PRESERVED_SPECIMEN", "dataset": null, "gbifID": "476743629"}}, {"type": "Feature", "geometry": {"type": "Point", "coordinates": [-61.64417, 15.85011]}, "properties": {"taxon": "Anolis marmoratus", "scientificName": "Anolis marmoratus caryae Lazell, 1964", "date": "1961-09-07", "basis": "PRESERVED_SPECIMEN", "dataset": null, "gbifID": "476743630"}}, {"type": "Feature", "geometry": {"type": "Point", "coordinates": [-61.64417, 15.85011]}, "properties": {"taxon": "Anolis marmoratus", "scientificName": "Anolis marmoratus caryae Lazell, 1964", "date": "1961-09-07", "basis": "PRESERVED_SPECIMEN", "dataset": null, "gbifID": "476743631"}}, {"type": "Feature", "geometry": {"type": "Point", "coordinates": [-61.64417, 15.85011]}, "properties": {"taxon": "Anolis marmoratus", "scientificName": "Anolis marmoratus caryae Lazell, 1964", "date": "1961-09-07", "basis": "PRESERVED_SPECIMEN", "dataset": null, "gbifID": "476743738"}}, {"type": "Feature", "geometry": {"type": "Point", "coordinates": [-61.64417, 15.85011]}, "properties": {"taxon": "Anolis marmoratus", "scientificName": "Anolis marmoratus caryae Lazell, 1964", "date": "1961-09-07", "basis": "PRESERVED_SPECIMEN", "dataset": null, "gbifID": "476743739"}}, {"type": "Feature", "geometry": {"type": "Point", "coordinates": [-61.64417, 15.85011]}, "properties": {"taxon": "Anolis marmoratus", "scientificName": "Anolis marmoratus caryae Lazell, 1964", "date": "1961-09-07", "basis": "PRESERVED_SPECIMEN", "dataset": null, "gbifID": "476743740"}}, {"type": "Feature", "geometry": {"type": "Point", "coordinates": [-61.59815, 15.83595]}, "properties": {"taxon": "Anolis marmoratus", "scientificName": "Anolis marmoratus Dum\u00e9ril & Bibron, 1837", "date": "1961-09-07", "basis": "PRESERVED_SPECIMEN", "dataset": null, "gbifID": "476743741"}}, {"type": "Feature", "geometry": {"type": "Point", "coordinates": [-61.59815, 15.83595]}, "properties": {"taxon": "Anolis marmoratus", "scientificName": "Anolis marmoratus Dum\u00e9ril & Bibron, 1837", "date": "1961-09-07", "basis": "PRESERVED_SPECIMEN", "dataset": null, "gbifID": "476743742"}}, {"type": "Feature", "geometry": {"type": "Point", "coordinates": [-61.59815, 15.83595]}, "properties": {"taxon": "Anolis marmoratus", "scientificName": "Anolis marmoratus Dum\u00e9ril & Bibron, 1837", "date": "1961-09-07", "basis": "PRESERVED_SPECIMEN", "dataset": null, "gbifID": "476743743"}}, {"type": "Feature", "geometry": {"type": "Point", "coordinates": [-61.59815, 15.83595]}, "properties": {"taxon": "Anolis marmoratus", "scientificName": "Anolis marmoratus Dum\u00e9ril & Bibron, 1837", "date": "1961-09-07", "basis": "PRESERVED_SPECIMEN", "dataset": null, "gbifID": "476743744"}}, {"type": "Feature", "geometry": {"type": "Point", "coordinates": [-61.59815, 15.83595]}, "properties": {"taxon": "Anolis marmoratus", "scientificName": "Anolis marmoratus Dum\u00e9ril & Bibron, 1837", "date": "1961-09-07", "basis": "PRESERVED_SPECIMEN", "dataset": null, "gbifID": "476743853"}}, {"type": "Feature", "geometry": {"type": "Point", "coordinates": [-61.59815, 15.83595]}, "properties": {"taxon": "Anolis marmoratus", "scientificName": "Anolis marmoratus Dum\u00e9ril & Bibron, 1837", "date": "1961-09-07", "basis": "PRESERVED_SPECIMEN", "dataset": null, "gbifID": "476743854"}}, {"type": "Feature", "geometry": {"type": "Point", "coordinates": [-61.59815, 15.83595]}, "properties": {"taxon": "Anolis marmoratus", "scientificName": "Anolis marmoratus Dum\u00e9ril & Bibron, 1837", "date": "1961-09-07", "basis": "PRESERVED_SPECIMEN", "dataset": null, "gbifID": "476743855"}}, {"type": "Feature", "geometry": {"type": "Point", "coordinates": [-61.59815, 15.83595]}, "properties": {"taxon": "Anolis marmoratus", "scientificName": "Anolis marmoratus Dum\u00e9ril & Bibron, 1837", "date": "1961-09-07", "basis": "PRESERVED_SPECIMEN", "dataset": null, "gbifID": "476743856"}}, {"type": "Feature", "geometry": {"type": "Point", "coordinates": [-61.59459, 15.87534]}, "properties": {"taxon": "Anolis marmoratus", "scientificName": "Anolis marmoratus Dum\u00e9ril & Bibron, 1837", "date": "1961-09-07", "basis": "PRESERVED_SPECIMEN", "dataset": null, "gbifID": "476743857"}}, {"type": "Feature", "geometry": {"type": "Point", "coordinates": [-61.59459, 15.87534]}, "properties": {"taxon": "Anolis marmoratus", "scientificName": "Anolis marmoratus Dum\u00e9ril & Bibron, 1837", "date": "1961-09-07", "basis": "PRESERVED_SPECIMEN", "dataset": null, "gbifID": "476743858"}}, {"type": "Feature", "geometry": {"type": "Point", "coordinates": [-61.59459, 15.87534]}, "properties": {"taxon": "Anolis marmoratus", "scientificName": "Anolis marmoratus Dum\u00e9ril & Bibron, 1837", "date": "1961-09-07", "basis": "PRESERVED_SPECIMEN", "dataset": null, "gbifID": "476743859"}}, {"type": "Feature", "geometry": {"type": "Point", "coordinates": [-61.64417, 15.85011]}, "properties": {"taxon": "Anolis marmoratus", "scientificName": "Anolis marmoratus caryae Lazell, 1964", "date": "1961-09-07", "basis": "PRESERVED_SPECIMEN", "dataset": null, "gbifID": "476790140"}}, {"type": "Feature", "geometry": {"type": "Point", "coordinates": [-61.64417, 15.85011]}, "properties": {"taxon": "Anolis marmoratus", "scientificName": "Anolis marmoratus caryae Lazell, 1964", "date": "1961-09-07", "basis": "PRESERVED_SPECIMEN", "dataset": null, "gbifID": "476798982"}}, {"type": "Feature", "geometry": {"type": "Point", "coordinates": [-61.63348, 15.85417]}, "properties": {"taxon": "Anolis marmoratus", "scientificName": "Anolis marmoratus caryae Lazell, 1964", "date": "1961-09-06", "basis": "PRESERVED_SPECIMEN", "dataset": null, "gbifID": "476799518"}}, {"type": "Feature", "geometry": {"type": "Point", "coordinates": [-61.625089, 15.857914]}, "properties": {"taxon": "Anolis marmoratus", "scientificName": "Anolis marmoratus caryae Lazell, 1964", "date": "1961-09-07", "basis": "PRESERVED_SPECIMEN", "dataset": null, "gbifID": "543441666"}}, {"type": "Feature", "geometry": {"type": "Point", "coordinates": [-61.65366, 15.97195]}, "properties": {"taxon": "Anolis marmoratus", "scientificName": "Anolis marmoratus Dum\u00e9ril & Bibron, 1837", "date": "1959-11-01", "basis": "PRESERVED_SPECIMEN", "dataset": null, "gbifID": "476493816"}}, {"type": "Feature", "geometry": {"type": "Point", "coordinates": [-61.65366, 15.97195]}, "properties": {"taxon": "Anolis marmoratus", "scientificName": "Anolis marmoratus Dum\u00e9ril & Bibron, 1837", "date": "1959-11-01", "basis": "PRESERVED_SPECIMEN", "dataset": null, "gbifID": "476493817"}}, {"type": "Feature", "geometry": {"type": "Point", "coordinates": [-61.10792, 16.17792]}, "properties": {"taxon": "Anolis marmoratus", "scientificName": "Anolis speciosus Garman, 1887", "date": "1959-11-21", "basis": "PRESERVED_SPECIMEN", "dataset": null, "gbifID": "476493819"}}, {"type": "Feature", "geometry": {"type": "Point", "coordinates": [-61.65366, 15.97195]}, "properties": {"taxon": "Anolis marmoratus", "scientificName": "Anolis marmoratus Dum\u00e9ril & Bibron, 1837", "date": "1959-11-01", "basis": "PRESERVED_SPECIMEN", "dataset": null, "gbifID": "476668118"}}, {"type": "Feature", "geometry": {"type": "Point", "coordinates": [-61.65366, 15.97195]}, "properties": {"taxon": "Anolis marmoratus", "scientificName": "Anolis marmoratus Dum\u00e9ril & Bibron, 1837", "date": "1959-11-01", "basis": "PRESERVED_SPECIMEN", "dataset": null, "gbifID": "476668119"}}, {"type": "Feature", "geometry": {"type": "Point", "coordinates": [-61.65366, 15.97195]}, "properties": {"taxon": "Anolis marmoratus", "scientificName": "Anolis marmoratus Dum\u00e9ril & Bibron, 1837", "date": "1959-11-01", "basis": "PRESERVED_SPECIMEN", "dataset": null, "gbifID": "476668120"}}, {"type": "Feature", "geometry": {"type": "Point", "coordinates": [-61.65366, 15.97195]}, "properties": {"taxon": "Anolis marmoratus", "scientificName": "Anolis marmoratus Dum\u00e9ril & Bibron, 1837", "date": "1959-11-01", "basis": "PRESERVED_SPECIMEN", "dataset": null, "gbifID": "476668121"}}, {"type": "Feature", "geometry": {"type": "Point", "coordinates": [-61.65366, 15.97195]}, "properties": {"taxon": "Anolis marmoratus", "scientificName": "Anolis marmoratus Dum\u00e9ril & Bibron, 1837", "date": "1959-11-01", "basis": "PRESERVED_SPECIMEN", "dataset": null, "gbifID": "476668212"}}, {"type": "Feature", "geometry": {"type": "Point", "coordinates": [-61.65366, 15.97195]}, "properties": {"taxon": "Anolis marmoratus", "scientificName": "Anolis marmoratus Dum\u00e9ril & Bibron, 1837", "date": "1959-11-01", "basis": "PRESERVED_SPECIMEN", "dataset": null, "gbifID": "476668213"}}, {"type": "Feature", "geometry": {"type": "Point", "coordinates": [-61.65366, 15.97195]}, "properties": {"taxon": "Anolis marmoratus", "scientificName": "Anolis marmoratus Dum\u00e9ril & Bibron, 1837", "date": "1959-11-01", "basis": "PRESERVED_SPECIMEN", "dataset": null, "gbifID": "476668214"}}, {"type": "Feature", "geometry": {"type": "Point", "coordinates": [-61.65366, 15.97195]}, "properties": {"taxon": "Anolis marmoratus", "scientificName": "Anolis marmoratus Dum\u00e9ril & Bibron, 1837", "date": "1959-11-01", "basis": "PRESERVED_SPECIMEN", "dataset": null, "gbifID": "476668215"}}, {"type": "Feature", "geometry": {"type": "Point", "coordinates": [-61.10792, 16.17792]}, "properties": {"taxon": "Anolis marmoratus", "scientificName": "Anolis speciosus Garman, 1887", "date": "1959-11-21", "basis": "PRESERVED_SPECIMEN", "dataset": null, "gbifID": "476668315"}}, {"type": "Feature", "geometry": {"type": "Point", "coordinates": [-61.10792, 16.17792]}, "properties": {"taxon": "Anolis marmoratus", "scientificName": "Anolis speciosus Garman, 1887", "date": "1959-11-21", "basis": "PRESERVED_SPECIMEN", "dataset": null, "gbifID": "476668316"}}, {"type": "Feature", "geometry": {"type": "Point", "coordinates": [-61.10792, 16.17792]}, "properties": {"taxon": "Anolis marmoratus", "scientificName": "Anolis speciosus Garman, 1887", "date": "1959-11-21", "basis": "PRESERVED_SPECIMEN", "dataset": null, "gbifID": "476668317"}}, {"type": "Feature", "geometry": {"type": "Point", "coordinates": [-61.348528, 16.329781]}, "properties": {"taxon": "Anolis marmoratus", "scientificName": "Anolis marmoratus inornatus Lazell, 1964", "date": "1959-12", "basis": "PRESERVED_SPECIMEN", "dataset": null, "gbifID": "543441661"}}, {"type": "Feature", "geometry": {"type": "Point", "coordinates": [-61.7022, 16.0241]}, "properties": {"taxon": "Anolis marmoratus", "scientificName": "Anolis marmoratus Dum\u00e9ril & Bibron, 1837", "date": "1946-07", "basis": "PRESERVED_SPECIMEN", "dataset": "NMNH Extant Biology", "gbifID": "1317942882"}}, {"type": "Feature", "geometry": {"type": "Point", "coordinates": [-61.7022, 16.0241]}, "properties": {"taxon": "Anolis marmoratus", "scientificName": "Anolis marmoratus Dum\u00e9ril & Bibron, 1837", "date": "1946-07", "basis": "PRESERVED_SPECIMEN", "dataset": "NMNH Extant Biology", "gbifID": "1318551468"}}, {"type": "Feature", "geometry": {"type": "Point", "coordinates": [-61.2667, 15.9333]}, "properties": {"taxon": "Anolis marmoratus", "scientificName": "Anolis speciosus Garman, 1887", "date": "1929-02-24", "basis": "PRESERVED_SPECIMEN", "dataset": null, "gbifID": "476491110"}}, {"type": "Feature", "geometry": {"type": "Point", "coordinates": [-61.2667, 15.9333]}, "properties": {"taxon": "Anolis marmoratus", "scientificName": "Anolis speciosus Garman, 1887", "date": "1929-02-24", "basis": "PRESERVED_SPECIMEN", "dataset": null, "gbifID": "476491111"}}, {"type": "Feature", "geometry": {"type": "Point", "coordinates": [-61.2667, 15.9333]}, "properties": {"taxon": "Anolis marmoratus", "scientificName": "Anolis speciosus Garman, 1887", "date": "1929-02-24", "basis": "PRESERVED_SPECIMEN", "dataset": null, "gbifID": "476493387"}}, {"type": "Feature", "geometry": {"type": "Point", "coordinates": [-61.2667, 15.9333]}, "properties": {"taxon": "Anolis marmoratus", "scientificName": "Anolis speciosus Garman, 1887", "date": "1929-02-24", "basis": "PRESERVED_SPECIMEN", "dataset": null, "gbifID": "476655052"}}, {"type": "Feature", "geometry": {"type": "Point", "coordinates": [-61.2667, 15.9333]}, "properties": {"taxon": "Anolis marmoratus", "scientificName": "Anolis speciosus Garman, 1887", "date": "1929-02-24", "basis": "PRESERVED_SPECIMEN", "dataset": null, "gbifID": "476655053"}}, {"type": "Feature", "geometry": {"type": "Point", "coordinates": [-61.2667, 15.9333]}, "properties": {"taxon": "Anolis marmoratus", "scientificName": "Anolis speciosus Garman, 1887", "date": "1929-02-24", "basis": "PRESERVED_SPECIMEN", "dataset": null, "gbifID": "476655054"}}, {"type": "Feature", "geometry": {"type": "Point", "coordinates": [-61.2667, 15.9333]}, "properties": {"taxon": "Anolis marmoratus", "scientificName": "Anolis speciosus Garman, 1887", "date": "1929-02-24", "basis": "PRESERVED_SPECIMEN", "dataset": null, "gbifID": "476655055"}}, {"type": "Feature", "geometry": {"type": "Point", "coordinates": [-61.2667, 15.9333]}, "properties": {"taxon": "Anolis marmoratus", "scientificName": "Anolis speciosus Garman, 1887", "date": "1929-02-24", "basis": "PRESERVED_SPECIMEN", "dataset": null, "gbifID": "476655056"}}, {"type": "Feature", "geometry": {"type": "Point", "coordinates": [-61.2667, 15.9333]}, "properties": {"taxon": "Anolis marmoratus", "scientificName": "Anolis speciosus Garman, 1887", "date": "1929-02-24", "basis": "PRESERVED_SPECIMEN", "dataset": null, "gbifID": "476655057"}}, {"type": "Feature", "geometry": {"type": "Point", "coordinates": [-61.2667, 15.9333]}, "properties": {"taxon": "Anolis marmoratus", "scientificName": "Anolis speciosus Garman, 1887", "date": "1929-02-24", "basis": "PRESERVED_SPECIMEN", "dataset": null, "gbifID": "476655058"}}, {"type": "Feature", "geometry": {"type": "Point", "coordinates": [-61.2667, 15.9333]}, "properties": {"taxon": "Anolis marmoratus", "scientificName": "Anolis speciosus Garman, 1887", "date": "1929-02-24", "basis": "PRESERVED_SPECIMEN", "dataset": null, "gbifID": "476655161"}}, {"type": "Feature", "geometry": {"type": "Point", "coordinates": [-61.2667, 15.9333]}, "properties": {"taxon": "Anolis marmoratus", "scientificName": "Anolis speciosus Garman, 1887", "date": "1929-02-24", "basis": "PRESERVED_SPECIMEN", "dataset": null, "gbifID": "476655163"}}, {"type": "Feature", "geometry": {"type": "Point", "coordinates": [-61.2667, 15.9333]}, "properties": {"taxon": "Anolis marmoratus", "scientificName": "Anolis speciosus Garman, 1887", "date": "1929-02-24", "basis": "PRESERVED_SPECIMEN", "dataset": null, "gbifID": "476655164"}}, {"type": "Feature", "geometry": {"type": "Point", "coordinates": [-61.2667, 15.9333]}, "properties": {"taxon": "Anolis marmoratus", "scientificName": "Anolis speciosus Garman, 1887", "date": "1929-02-24", "basis": "PRESERVED_SPECIMEN", "dataset": null, "gbifID": "476655165"}}, {"type": "Feature", "geometry": {"type": "Point", "coordinates": [-61.2667, 15.9333]}, "properties": {"taxon": "Anolis marmoratus", "scientificName": "Anolis speciosus Garman, 1887", "date": "1929-02-26", "basis": "PRESERVED_SPECIMEN", "dataset": null, "gbifID": "476672454"}}, {"type": "Feature", "geometry": {"type": "Point", "coordinates": [-61.2667, 15.9333]}, "properties": {"taxon": "Anolis marmoratus", "scientificName": "Anolis speciosus Garman, 1887", "date": "1929-02-26", "basis": "PRESERVED_SPECIMEN", "dataset": null, "gbifID": "476672455"}}, {"type": "Feature", "geometry": {"type": "Point", "coordinates": [-61.2667, 15.9333]}, "properties": {"taxon": "Anolis marmoratus", "scientificName": "Anolis speciosus Garman, 1887", "date": "1929-02-24", "basis": "PRESERVED_SPECIMEN", "dataset": null, "gbifID": "476672456"}}, {"type": "Feature", "geometry": {"type": "Point", "coordinates": [-61.2667, 15.9333]}, "properties": {"taxon": "Anolis marmoratus", "scientificName": "Anolis speciosus Garman, 1887", "date": "1929-02-24", "basis": "PRESERVED_SPECIMEN", "dataset": null, "gbifID": "476672457"}}, {"type": "Feature", "geometry": {"type": "Point", "coordinates": [-61.2667, 15.9333]}, "properties": {"taxon": "Anolis marmoratus", "scientificName": "Anolis speciosus Garman, 1887", "date": "1929-02-24", "basis": "PRESERVED_SPECIMEN", "dataset": null, "gbifID": "476672572"}}, {"type": "Feature", "geometry": {"type": "Point", "coordinates": [-61.2667, 15.9333]}, "properties": {"taxon": "Anolis marmoratus", "scientificName": "Anolis speciosus Garman, 1887", "date": "1929-02-24", "basis": "PRESERVED_SPECIMEN", "dataset": null, "gbifID": "476672573"}}, {"type": "Feature", "geometry": {"type": "Point", "coordinates": [-61.2667, 15.9333]}, "properties": {"taxon": "Anolis marmoratus", "scientificName": "Anolis speciosus Garman, 1887", "date": "1929-02-24", "basis": "PRESERVED_SPECIMEN", "dataset": null, "gbifID": "476672574"}}, {"type": "Feature", "geometry": {"type": "Point", "coordinates": [-61.2667, 15.9333]}, "properties": {"taxon": "Anolis marmoratus", "scientificName": "Anolis speciosus Garman, 1887", "date": "1929-02-24", "basis": "PRESERVED_SPECIMEN", "dataset": null, "gbifID": "476672575"}}, {"type": "Feature", "geometry": {"type": "Point", "coordinates": [-61.2667, 15.9333]}, "properties": {"taxon": "Anolis marmoratus", "scientificName": "Anolis speciosus Garman, 1887", "date": "1929-02-24", "basis": "PRESERVED_SPECIMEN", "dataset": null, "gbifID": "476672576"}}, {"type": "Feature", "geometry": {"type": "Point", "coordinates": [-61.5958, 15.8583]}, "properties": {"taxon": "Anolis marmoratus", "scientificName": "Anolis marmoratus Dum\u00e9ril & Bibron, 1837", "date": "1929-08-01", "basis": "PRESERVED_SPECIMEN", "dataset": "NMNH Extant Biology", "gbifID": "1319537926"}}, {"type": "Feature", "geometry": {"type": "Point", "coordinates": [-61.5958, 15.8583]}, "properties": {"taxon": "Anolis marmoratus", "scientificName": "Anolis marmoratus Dum\u00e9ril & Bibron, 1837", "date": "1929-08-01", "basis": "PRESERVED_SPECIMEN", "dataset": "NMNH Extant Biology", "gbifID": "1322224531"}}, {"type": "Feature", "geometry": {"type": "Point", "coordinates": [-61.583, 15.86528]}, "properties": {"taxon": "Anolis marmoratus", "scientificName": "Anolis marmoratus Dum\u00e9ril & Bibron, 1837", "date": "1914-09-01", "basis": "PRESERVED_SPECIMEN", "dataset": null, "gbifID": "476491385"}}, {"type": "Feature", "geometry": {"type": "Point", "coordinates": [-61.583, 15.86528]}, "properties": {"taxon": "Anolis marmoratus", "scientificName": "Anolis marmoratus Dum\u00e9ril & Bibron, 1837", "date": "1914-09-01", "basis": "PRESERVED_SPECIMEN", "dataset": null, "gbifID": "476653199"}}, {"type": "Feature", "geometry": {"type": "Point", "coordinates": [-61.583, 15.86528]}, "properties": {"taxon": "Anolis marmoratus", "scientificName": "Anolis marmoratus Dum\u00e9ril & Bibron, 1837", "date": "1914-09-01", "basis": "PRESERVED_SPECIMEN", "dataset": null, "gbifID": "476653200"}}, {"type": "Feature", "geometry": {"type": "Point", "coordinates": [-61.583, 15.86528]}, "properties": {"taxon": "Anolis marmoratus", "scientificName": "Anolis marmoratus Dum\u00e9ril & Bibron, 1837", "date": "1914-09-01", "basis": "PRESERVED_SPECIMEN", "dataset": null, "gbifID": "476796617"}}, {"type": "Feature", "geometry": {"type": "Point", "coordinates": [-61.69943, 16.33222]}, "properties": {"taxon": "Anolis marmoratus", "scientificName": "Anolis marmoratus setosus Lazell, 1964", "date": "1914", "basis": "PRESERVED_SPECIMEN", "dataset": null, "gbifID": "476491335"}}, {"type": "Feature", "geometry": {"type": "Point", "coordinates": [-61.69943, 16.33222]}, "properties": {"taxon": "Anolis marmoratus", "scientificName": "Anolis marmoratus setosus Lazell, 1964", "date": "1914", "basis": "PRESERVED_SPECIMEN", "dataset": null, "gbifID": "476491336"}}, {"type": "Feature", "geometry": {"type": "Point", "coordinates": [-61.69943, 16.33222]}, "properties": {"taxon": "Anolis marmoratus", "scientificName": "Anolis marmoratus setosus Lazell, 1964", "date": "1914", "basis": "PRESERVED_SPECIMEN", "dataset": null, "gbifID": "476491337"}}, {"type": "Feature", "geometry": {"type": "Point", "coordinates": [-61.69943, 16.33222]}, "properties": {"taxon": "Anolis marmoratus", "scientificName": "Anolis marmoratus setosus Lazell, 1964", "date": "1914", "basis": "PRESERVED_SPECIMEN", "dataset": null, "gbifID": "476491338"}}, {"type": "Feature", "geometry": {"type": "Point", "coordinates": [-61.69943, 16.33222]}, "properties": {"taxon": "Anolis marmoratus", "scientificName": "Anolis marmoratus setosus Lazell, 1964", "date": "1914", "basis": "PRESERVED_SPECIMEN", "dataset": null, "gbifID": "476652820"}}, {"type": "Feature", "geometry": {"type": "Point", "coordinates": [-61.69943, 16.33222]}, "properties": {"taxon": "Anolis marmoratus", "scientificName": "Anolis marmoratus setosus Lazell, 1964", "date": "1914", "basis": "PRESERVED_SPECIMEN", "dataset": null, "gbifID": "476652821"}}, {"type": "Feature", "geometry": {"type": "Point", "coordinates": [-61.69943, 16.33222]}, "properties": {"taxon": "Anolis marmoratus", "scientificName": "Anolis marmoratus setosus Lazell, 1964", "date": "1914", "basis": "PRESERVED_SPECIMEN", "dataset": null, "gbifID": "476652822"}}, {"type": "Feature", "geometry": {"type": "Point", "coordinates": [-61.69943, 16.33222]}, "properties": {"taxon": "Anolis marmoratus", "scientificName": "Anolis marmoratus setosus Lazell, 1964", "date": "1914", "basis": "PRESERVED_SPECIMEN", "dataset": null, "gbifID": "476652823"}}, {"type": "Feature", "geometry": {"type": "Point", "coordinates": [-61.69943, 16.33222]}, "properties": {"taxon": "Anolis marmoratus", "scientificName": "Anolis marmoratus setosus Lazell, 1964", "date": "1914", "basis": "PRESERVED_SPECIMEN", "dataset": null, "gbifID": "476652824"}}, {"type": "Feature", "geometry": {"type": "Point", "coordinates": [-61.69943, 16.33222]}, "properties": {"taxon": "Anolis marmoratus", "scientificName": "Anolis marmoratus setosus Lazell, 1964", "date": "1914", "basis": "PRESERVED_SPECIMEN", "dataset": null, "gbifID": "476652928"}}, {"type": "Feature", "geometry": {"type": "Point", "coordinates": [-61.69943, 16.33222]}, "properties": {"taxon": "Anolis marmoratus", "scientificName": "Anolis marmoratus setosus Lazell, 1964", "date": "1914", "basis": "PRESERVED_SPECIMEN", "dataset": null, "gbifID": "476652929"}}, {"type": "Feature", "geometry": {"type": "Point", "coordinates": [-61.69943, 16.33222]}, "properties": {"taxon": "Anolis marmoratus", "scientificName": "Anolis marmoratus setosus Lazell, 1964", "date": "1914", "basis": "PRESERVED_SPECIMEN", "dataset": null, "gbifID": "476652930"}}, {"type": "Feature", "geometry": {"type": "Point", "coordinates": [-61.69943, 16.33222]}, "properties": {"taxon": "Anolis marmoratus", "scientificName": "Anolis marmoratus setosus Lazell, 1964", "date": "1914", "basis": "PRESERVED_SPECIMEN", "dataset": null, "gbifID": "476652931"}}, {"type": "Feature", "geometry": {"type": "Point", "coordinates": [-61.69943, 16.33222]}, "properties": {"taxon": "Anolis marmoratus", "scientificName": "Anolis marmoratus setosus Lazell, 1964", "date": "1914", "basis": "PRESERVED_SPECIMEN", "dataset": null, "gbifID": "476652932"}}, {"type": "Feature", "geometry": {"type": "Point", "coordinates": [-61.69943, 16.33222]}, "properties": {"taxon": "Anolis marmoratus", "scientificName": "Anolis marmoratus setosus Lazell, 1964", "date": "1914", "basis": "PRESERVED_SPECIMEN", "dataset": null, "gbifID": "476652933"}}, {"type": "Feature", "geometry": {"type": "Point", "coordinates": [-61.69943, 16.33222]}, "properties": {"taxon": "Anolis marmoratus", "scientificName": "Anolis marmoratus setosus Lazell, 1964", "date": "1914", "basis": "PRESERVED_SPECIMEN", "dataset": null, "gbifID": "476653035"}}, {"type": "Feature", "geometry": {"type": "Point", "coordinates": [-61.69943, 16.33222]}, "properties": {"taxon": "Anolis marmoratus", "scientificName": "Anolis marmoratus setosus Lazell, 1964", "date": "1914", "basis": "PRESERVED_SPECIMEN", "dataset": null, "gbifID": "476653036"}}, {"type": "Feature", "geometry": {"type": "Point", "coordinates": [-61.69943, 16.33222]}, "properties": {"taxon": "Anolis marmoratus", "scientificName": "Anolis marmoratus setosus Lazell, 1964", "date": "1914", "basis": "PRESERVED_SPECIMEN", "dataset": null, "gbifID": "476653037"}}, {"type": "Feature", "geometry": {"type": "Point", "coordinates": [-61.69943, 16.33222]}, "properties": {"taxon": "Anolis marmoratus", "scientificName": "Anolis marmoratus setosus Lazell, 1964", "date": "1914", "basis": "PRESERVED_SPECIMEN", "dataset": null, "gbifID": "476653038"}}, {"type": "Feature", "geometry": {"type": "Point", "coordinates": [-61.69943, 16.33222]}, "properties": {"taxon": "Anolis marmoratus", "scientificName": "Anolis marmoratus setosus Lazell, 1964", "date": "1914", "basis": "PRESERVED_SPECIMEN", "dataset": null, "gbifID": "476653039"}}, {"type": "Feature", "geometry": {"type": "Point", "coordinates": [-61.69943, 16.33222]}, "properties": {"taxon": "Anolis marmoratus", "scientificName": "Anolis marmoratus setosus Lazell, 1964", "date": "1914", "basis": "PRESERVED_SPECIMEN", "dataset": null, "gbifID": "476790225"}}, {"type": "Feature", "geometry": {"type": "Point", "coordinates": [-61.69943, 16.33222]}, "properties": {"taxon": "Anolis marmoratus", "scientificName": "Anolis marmoratus setosus Lazell, 1964", "date": "1914", "basis": "PRESERVED_SPECIMEN", "dataset": null, "gbifID": "476793410"}}, {"type": "Feature", "geometry": {"type": "Point", "coordinates": [-61.69943, 16.33222]}, "properties": {"taxon": "Anolis marmoratus", "scientificName": "Anolis marmoratus setosus Lazell, 1964", "date": "1914", "basis": "PRESERVED_SPECIMEN", "dataset": null, "gbifID": "476793851"}}, {"type": "Feature", "geometry": {"type": "Point", "coordinates": [-61.69943, 16.33222]}, "properties": {"taxon": "Anolis marmoratus", "scientificName": "Anolis marmoratus setosus Lazell, 1964", "date": "1914", "basis": "PRESERVED_SPECIMEN", "dataset": null, "gbifID": "476793852"}}, {"type": "Feature", "geometry": {"type": "Point", "coordinates": [-61.69943, 16.33222]}, "properties": {"taxon": "Anolis marmoratus", "scientificName": "Anolis marmoratus setosus Lazell, 1964", "date": "1914", "basis": "PRESERVED_SPECIMEN", "dataset": null, "gbifID": "476797579"}}, {"type": "Feature", "geometry": {"type": "Point", "coordinates": [-61.697403, 16.329317]}, "properties": {"taxon": "Anolis marmoratus", "scientificName": "Anolis marmoratus setosus Lazell, 1964", "date": "1914", "basis": "PRESERVED_SPECIMEN", "dataset": null, "gbifID": "543441659"}}, {"type": "Feature", "geometry": {"type": "Point", "coordinates": [-61.6979, 16.3324]}, "properties": {"taxon": "Anolis marmoratus", "scientificName": "Anolis marmoratus setosus Lazell, 1964", "date": "1914", "basis": "PRESERVED_SPECIMEN", "dataset": "NMNH Extant Biology", "gbifID": "1321835906"}}, {"type": "Feature", "geometry": {"type": "Point", "coordinates": [-61.6979, 16.3324]}, "properties": {"taxon": "Anolis marmoratus", "scientificName": "Anolis marmoratus setosus Lazell, 1964", "date": "1914", "basis": "PRESERVED_SPECIMEN", "dataset": "NMNH Extant Biology", "gbifID": "1322809923"}}, {"type": "Feature", "geometry": {"type": "Point", "coordinates": [-61.5343, 16.2422]}, "properties": {"taxon": "Anolis marmoratus", "scientificName": "Anolis marmoratus speciosus (Garman, 1887)", "date": "1886-03-01", "basis": "PRESERVED_SPECIMEN", "dataset": null, "gbifID": "476503964"}}, {"type": "Feature", "geometry": {"type": "Point", "coordinates": [-61.5343, 16.2422]}, "properties": {"taxon": "Anolis marmoratus", "scientificName": "Anolis marmoratus speciosus (Garman, 1887)", "date": "1886-03-01", "basis": "PRESERVED_SPECIMEN", "dataset": null, "gbifID": "476735892"}}, {"type": "Feature", "geometry": {"type": "Point", "coordinates": [-61.5343, 16.2422]}, "properties": {"taxon": "Anolis marmoratus", "scientificName": "Anolis marmoratus speciosus (Garman, 1887)", "date": "1886-03-01", "basis": "PRESERVED_SPECIMEN", "dataset": null, "gbifID": "476735893"}}, {"type": "Feature", "geometry": {"type": "Point", "coordinates": [-61.5343, 16.2422]}, "properties": {"taxon": "Anolis marmoratus", "scientificName": "Anolis marmoratus speciosus (Garman, 1887)", "date": "1886-03-01", "basis": "PRESERVED_SPECIMEN", "dataset": null, "gbifID": "476735894"}}, {"type": "Feature", "geometry": {"type": "Point", "coordinates": [-61.43776, 16.22363]}, "properties": {"taxon": "Anolis marmoratus", "scientificName": "Anolis marmoratus Dum\u00e9ril & Bibron, 1837", "date": "1880-05-01", "basis": "PRESERVED_SPECIMEN", "dataset": null, "gbifID": "476694404"}}, {"type": "Feature", "geometry": {"type": "Point", "coordinates": [-61.26636, 15.9333]}, "properties": {"taxon": "Anolis marmoratus", "scientificName": "Anolis marmoratus speciosus (Garman, 1887)", "date": null, "basis": "PRESERVED_SPECIMEN", "dataset": null, "gbifID": "476488375"}}, {"type": "Feature", "geometry": {"type": "Point", "coordinates": [-61.35, 16.3333]}, "properties": {"taxon": "Anolis marmoratus", "scientificName": "Anolis marmoratus inornatus Lazell, 1964", "date": null, "basis": "PRESERVED_SPECIMEN", "dataset": null, "gbifID": "476493713"}}, {"type": "Feature", "geometry": {"type": "Point", "coordinates": [-61.35, 16.3333]}, "properties": {"taxon": "Anolis marmoratus", "scientificName": "Anolis marmoratus inornatus Lazell, 1964", "date": null, "basis": "PRESERVED_SPECIMEN", "dataset": null, "gbifID": "476493911"}}, {"type": "Feature", "geometry": {"type": "Point", "coordinates": [-61.43776, 16.22363]}, "properties": {"taxon": "Anolis marmoratus", "scientificName": "Anolis marmoratus Dum\u00e9ril & Bibron, 1837", "date": null, "basis": "PRESERVED_SPECIMEN", "dataset": null, "gbifID": "476496715"}}, {"type": "Feature", "geometry": {"type": "Point", "coordinates": [-61.35, 16.3333]}, "properties": {"taxon": "Anolis marmoratus", "scientificName": "Anolis marmoratus inornatus Lazell, 1964", "date": null, "basis": "PRESERVED_SPECIMEN", "dataset": null, "gbifID": "476668114"}}, {"type": "Feature", "geometry": {"type": "Point", "coordinates": [-61.35, 16.3333]}, "properties": {"taxon": "Anolis marmoratus", "scientificName": "Anolis marmoratus inornatus Lazell, 1964", "date": null, "basis": "PRESERVED_SPECIMEN", "dataset": null, "gbifID": "476668849"}}, {"type": "Feature", "geometry": {"type": "Point", "coordinates": [-61.35, 16.3333]}, "properties": {"taxon": "Anolis marmoratus", "scientificName": "Anolis marmoratus inornatus Lazell, 1964", "date": null, "basis": "PRESERVED_SPECIMEN", "dataset": null, "gbifID": "476669100"}}, {"type": "Feature", "geometry": {"type": "Point", "coordinates": [-61.35, 16.3333]}, "properties": {"taxon": "Anolis marmoratus", "scientificName": "Anolis marmoratus inornatus Lazell, 1964", "date": null, "basis": "PRESERVED_SPECIMEN", "dataset": null, "gbifID": "476669279"}}, {"type": "Feature", "geometry": {"type": "Point", "coordinates": [-61.35, 16.3333]}, "properties": {"taxon": "Anolis marmoratus", "scientificName": "Anolis marmoratus inornatus Lazell, 1964", "date": null, "basis": "PRESERVED_SPECIMEN", "dataset": null, "gbifID": "476669280"}}, {"type": "Feature", "geometry": {"type": "Point", "coordinates": [-61.35, 16.3333]}, "properties": {"taxon": "Anolis marmoratus", "scientificName": "Anolis marmoratus inornatus Lazell, 1964", "date": null, "basis": "PRESERVED_SPECIMEN", "dataset": null, "gbifID": "476669281"}}, {"type": "Feature", "geometry": {"type": "Point", "coordinates": [-61.35, 16.3333]}, "properties": {"taxon": "Anolis marmoratus", "scientificName": "Anolis marmoratus inornatus Lazell, 1964", "date": null, "basis": "PRESERVED_SPECIMEN", "dataset": null, "gbifID": "476670936"}}, {"type": "Feature", "geometry": {"type": "Point", "coordinates": [-61.35, 16.3333]}, "properties": {"taxon": "Anolis marmoratus", "scientificName": "Anolis marmoratus inornatus Lazell, 1964", "date": null, "basis": "PRESERVED_SPECIMEN", "dataset": null, "gbifID": "476670937"}}, {"type": "Feature", "geometry": {"type": "Point", "coordinates": [-61.35, 16.3333]}, "properties": {"taxon": "Anolis marmoratus", "scientificName": "Anolis marmoratus inornatus Lazell, 1964", "date": null, "basis": "PRESERVED_SPECIMEN", "dataset": null, "gbifID": "476670938"}}, {"type": "Feature", "geometry": {"type": "Point", "coordinates": [-61.43776, 16.22363]}, "properties": {"taxon": "Anolis marmoratus", "scientificName": "Anolis marmoratus Dum\u00e9ril & Bibron, 1837", "date": null, "basis": "PRESERVED_SPECIMEN", "dataset": null, "gbifID": "476692778"}}, {"type": "Feature", "geometry": {"type": "Point", "coordinates": [-61.55111, 16.25939]}, "properties": {"taxon": "Anolis marmoratus", "scientificName": "Anolis marmoratus Dum\u00e9ril & Bibron, 1837", "date": null, "basis": "PRESERVED_SPECIMEN", "dataset": null, "gbifID": "476708747"}}, {"type": "Feature", "geometry": {"type": "Point", "coordinates": [-61.55111, 16.25939]}, "properties": {"taxon": "Anolis marmoratus", "scientificName": "Anolis marmoratus Dum\u00e9ril & Bibron, 1837", "date": null, "basis": "PRESERVED_SPECIMEN", "dataset": null, "gbifID": "476708748"}}, {"type": "Feature", "geometry": {"type": "Point", "coordinates": [-61.55111, 16.25939]}, "properties": {"taxon": "Anolis marmoratus", "scientificName": "Anolis marmoratus Dum\u00e9ril & Bibron, 1837", "date": null, "basis": "PRESERVED_SPECIMEN", "dataset": null, "gbifID": "476708749"}}, {"type": "Feature", "geometry": {"type": "Point", "coordinates": [-61.59035, 15.83724]}, "properties": {"taxon": "Anolis marmoratus", "scientificName": "Anolis marmoratus Dum\u00e9ril & Bibron, 1837", "date": "1993/1995", "basis": "HUMAN_OBSERVATION", "dataset": null, "gbifID": "3073553561"}}, {"type": "Feature", "geometry": {"type": "Point", "coordinates": [-61.69225, 16.02512]}, "properties": {"taxon": "Anolis marmoratus", "scientificName": "Ctenonotus marmoratus (Dum\u00e9ril & Bibron, 1837)", "date": null, "basis": "HUMAN_OBSERVATION", "dataset": null, "gbifID": "3491392876"}}, {"type": "Feature", "geometry": {"type": "Point", "coordinates": [-61.7542, 16.14378]}, "properties": {"taxon": "Anolis marmoratus", "scientificName": "Ctenonotus marmoratus (Dum\u00e9ril & Bibron, 1837)", "date": null, "basis": "HUMAN_OBSERVATION", "dataset": null, "gbifID": "3491487564"}}, {"type": "Feature", "geometry": {"type": "Point", "coordinates": [-61.58533, 16.15493]}, "properties": {"taxon": "Anolis marmoratus", "scientificName": "Anolis marmoratus Dum\u00e9ril & Bibron, 1837", "date": null, "basis": "HUMAN_OBSERVATION", "dataset": null, "gbifID": "3491491425"}}, {"type": "Feature", "geometry": {"type": "Point", "coordinates": [-61.72741, 16.05302]}, "properties": {"taxon": "Anolis marmoratus", "scientificName": "Ctenonotus marmoratus (Dum\u00e9ril & Bibron, 1837)", "date": null, "basis": "HUMAN_OBSERVATION", "dataset": null, "gbifID": "3491498865"}}, {"type": "Feature", "geometry": {"type": "Point", "coordinates": [-61.69008, 16.03345]}, "properties": {"taxon": "Anolis marmoratus", "scientificName": "Ctenonotus marmoratus (Dum\u00e9ril & Bibron, 1837)", "date": null, "basis": "HUMAN_OBSERVATION", "dataset": null, "gbifID": "3491504191"}}, {"type": "Feature", "geometry": {"type": "Point", "coordinates": [-61.6575, 16.17166]}, "properties": {"taxon": "Anolis marmoratus", "scientificName": "Ctenonotus marmoratus (Dum\u00e9ril & Bibron, 1837)", "date": null, "basis": "HUMAN_OBSERVATION", "dataset": null, "gbifID": "3491556450"}}, {"type": "Feature", "geometry": {"type": "Point", "coordinates": [-61.53977, 16.19759]}, "properties": {"taxon": "Anolis marmoratus", "scientificName": "Ctenonotus marmoratus speciosus x setosus", "date": null, "basis": "HUMAN_OBSERVATION", "dataset": null, "gbifID": "3846912171"}}, {"type": "Feature", "geometry": {"type": "Point", "coordinates": [-61.53977, 16.19759]}, "properties": {"taxon": "Anolis marmoratus", "scientificName": "Ctenonotus marmoratus alliaceus (Cope, 1864)", "date": null, "basis": "HUMAN_OBSERVATION", "dataset": null, "gbifID": "3846912228"}}, {"type": "Feature", "geometry": {"type": "Point", "coordinates": [-61.53977, 16.19759]}, "properties": {"taxon": "Anolis marmoratus", "scientificName": "Ctenonotus marmoratus (Dum\u00e9ril & Bibron, 1837)", "date": null, "basis": "HUMAN_OBSERVATION", "dataset": null, "gbifID": "3846912889"}}, {"type": "Feature", "geometry": {"type": "Point", "coordinates": [-61.53977, 16.19759]}, "properties": {"taxon": "Anolis marmoratus", "scientificName": "Ctenonotus marmoratus setosus (Lazell, 1964)", "date": null, "basis": "HUMAN_OBSERVATION", "dataset": null, "gbifID": "3846915227"}}, {"type": "Feature", "geometry": {"type": "Point", "coordinates": [-61.53977, 16.19759]}, "properties": {"taxon": "Anolis marmoratus", "scientificName": "Ctenonotus marmoratus inornatus (Lazell, 1964)", "date": null, "basis": "HUMAN_OBSERVATION", "dataset": null, "gbifID": "3846919228"}}, {"type": "Feature", "geometry": {"type": "Point", "coordinates": [-61.53977, 16.19759]}, "properties": {"taxon": "Anolis marmoratus", "scientificName": "Ctenonotus marmoratus marmoratus", "date": null, "basis": "HUMAN_OBSERVATION", "dataset": null, "gbifID": "3846944352"}}, {"type": "Feature", "geometry": {"type": "Point", "coordinates": [-61.53977, 16.19759]}, "properties": {"taxon": "Anolis marmoratus", "scientificName": "Ctenonotus marmoratus speciosus x inornatus", "date": null, "basis": "HUMAN_OBSERVATION", "dataset": null, "gbifID": "3846947479"}}, {"type": "Feature", "geometry": {"type": "Point", "coordinates": [-61.53977, 16.19759]}, "properties": {"taxon": "Anolis marmoratus", "scientificName": "Ctenonotus marmoratus marmoratus x speciosus", "date": null, "basis": "HUMAN_OBSERVATION", "dataset": null, "gbifID": "3846979188"}}, {"type": "Feature", "geometry": {"type": "Point", "coordinates": [-61.53977, 16.19759]}, "properties": {"taxon": "Anolis marmoratus", "scientificName": "Ctenonotus marmoratus marmoratus x alliaceus x girafus", "date": null, "basis": "HUMAN_OBSERVATION", "dataset": null, "gbifID": "3846991746"}}, {"type": "Feature", "geometry": {"type": "Point", "coordinates": [-61.53977, 16.19759]}, "properties": {"taxon": "Anolis marmoratus", "scientificName": "Ctenonotus marmoratus alliaceus x speciosus", "date": null, "basis": "HUMAN_OBSERVATION", "dataset": null, "gbifID": "3847000624"}}, {"type": "Feature", "geometry": {"type": "Point", "coordinates": [-61.53977, 16.19759]}, "properties": {"taxon": "Anolis marmoratus", "scientificName": "Ctenonotus marmoratus marmoratus x alliaceus", "date": null, "basis": "HUMAN_OBSERVATION", "dataset": null, "gbifID": "3847002816"}}, {"type": "Feature", "geometry": {"type": "Point", "coordinates": [-61.53977, 16.19759]}, "properties": {"taxon": "Anolis marmoratus", "scientificName": "Ctenonotus marmoratus speciosus (Garman, 1887)", "date": null, "basis": "HUMAN_OBSERVATION", "dataset": null, "gbifID": "3847021612"}}, {"type": "Feature", "geometry": {"type": "Point", "coordinates": [-61.53977, 16.19759]}, "properties": {"taxon": "Anolis marmoratus", "scientificName": "Ctenonotus marmoratus girafus (Lazell, 1964)", "date": null, "basis": "HUMAN_OBSERVATION", "dataset": null, "gbifID": "3847030353"}}, {"type": "Feature", "geometry": {"type": "Point", "coordinates": [-61.53977, 16.19759]}, "properties": {"taxon": "Anolis marmoratus", "scientificName": "Ctenonotus marmoratus setosus x girafus", "date": null, "basis": "HUMAN_OBSERVATION", "dataset": null, "gbifID": "3847030368"}}, {"type": "Feature", "geometry": {"type": "Point", "coordinates": [-61.53977, 16.19759]}, "properties": {"taxon": "Anolis marmoratus", "scientificName": "Ctenonotus marmoratus alliaceus x setosus", "date": null, "basis": "HUMAN_OBSERVATION", "dataset": null, "gbifID": "3847044655"}}, {"type": "Feature", "geometry": {"type": "Point", "coordinates": [-61.53977, 16.19759]}, "properties": {"taxon": "Anolis marmoratus", "scientificName": "Ctenonotus marmoratus speciosus x desiradei", "date": null, "basis": "HUMAN_OBSERVATION", "dataset": null, "gbifID": "3847047526"}}, {"type": "Feature", "geometry": {"type": "Point", "coordinates": [-61.59204, 16.25167]}, "properties": {"taxon": "Anolis marmoratus", "scientificName": "Anolis marmoratus marmoratus x speciosus", "date": "2020-03-03", "basis": "HUMAN_OBSERVATION", "dataset": null, "gbifID": "3853610308"}}, {"type": "Feature", "geometry": {"type": "Point", "coordinates": [-61.28112, 16.27296]}, "properties": {"taxon": "Anolis marmoratus", "scientificName": "Ctenonotus marmoratus marmoratus x speciosus", "date": "2019-10-15", "basis": "HUMAN_OBSERVATION", "dataset": null, "gbifID": "3854615325"}}, {"type": "Feature", "geometry": {"type": "Point", "coordinates": [-61.53977, 16.19759]}, "properties": {"taxon": "Anolis marmoratus", "scientificName": "Ctenonotus marmoratus alliaceus (Cope, 1864)", "date": null, "basis": "HUMAN_OBSERVATION", "dataset": null, "gbifID": "3934992545"}}, {"type": "Feature", "geometry": {"type": "Point", "coordinates": [-61.53977, 16.19759]}, "properties": {"taxon": "Anolis marmoratus", "scientificName": "Ctenonotus marmoratus marmoratus", "date": null, "basis": "HUMAN_OBSERVATION", "dataset": null, "gbifID": "3935004513"}}, {"type": "Feature", "geometry": {"type": "Point", "coordinates": [-61.53977, 16.19759]}, "properties": {"taxon": "Anolis marmoratus", "scientificName": "Ctenonotus marmoratus inornatus (Lazell, 1964)", "date": null, "basis": "HUMAN_OBSERVATION", "dataset": null, "gbifID": "3935010395"}}, {"type": "Feature", "geometry": {"type": "Point", "coordinates": [-61.53977, 16.19759]}, "properties": {"taxon": "Anolis marmoratus", "scientificName": "Ctenonotus marmoratus (Dum\u00e9ril & Bibron, 1837)", "date": null, "basis": "HUMAN_OBSERVATION", "dataset": null, "gbifID": "3935031587"}}, {"type": "Feature", "geometry": {"type": "Point", "coordinates": [-61.53977, 16.19759]}, "properties": {"taxon": "Anolis marmoratus", "scientificName": "Ctenonotus marmoratus alliaceus x setosus", "date": null, "basis": "HUMAN_OBSERVATION", "dataset": null, "gbifID": "3935032953"}}, {"type": "Feature", "geometry": {"type": "Point", "coordinates": [-61.53977, 16.19759]}, "properties": {"taxon": "Anolis marmoratus", "scientificName": "Ctenonotus marmoratus marmoratus x speciosus", "date": null, "basis": "HUMAN_OBSERVATION", "dataset": null, "gbifID": "3935034291"}}, {"type": "Feature", "geometry": {"type": "Point", "coordinates": [-61.53977, 16.19759]}, "properties": {"taxon": "Anolis marmoratus", "scientificName": "Ctenonotus marmoratus speciosus x desiradei", "date": null, "basis": "HUMAN_OBSERVATION", "dataset": null, "gbifID": "3935041038"}}, {"type": "Feature", "geometry": {"type": "Point", "coordinates": [-61.53977, 16.19759]}, "properties": {"taxon": "Anolis marmoratus", "scientificName": "Ctenonotus marmoratus speciosus x setosus", "date": null, "basis": "HUMAN_OBSERVATION", "dataset": null, "gbifID": "3935066593"}}, {"type": "Feature", "geometry": {"type": "Point", "coordinates": [-61.53977, 16.19759]}, "properties": {"taxon": "Anolis marmoratus", "scientificName": "Ctenonotus marmoratus marmoratus x alliaceus", "date": null, "basis": "HUMAN_OBSERVATION", "dataset": null, "gbifID": "3935068647"}}, {"type": "Feature", "geometry": {"type": "Point", "coordinates": [-61.53977, 16.19759]}, "properties": {"taxon": "Anolis marmoratus", "scientificName": "Ctenonotus marmoratus alliaceus x speciosus", "date": null, "basis": "HUMAN_OBSERVATION", "dataset": null, "gbifID": "3935077037"}}, {"type": "Feature", "geometry": {"type": "Point", "coordinates": [-61.53977, 16.19759]}, "properties": {"taxon": "Anolis marmoratus", "scientificName": "Ctenonotus marmoratus speciosus x inornatus", "date": null, "basis": "HUMAN_OBSERVATION", "dataset": null, "gbifID": "3935085741"}}, {"type": "Feature", "geometry": {"type": "Point", "coordinates": [-61.53977, 16.19759]}, "properties": {"taxon": "Anolis marmoratus", "scientificName": "Ctenonotus marmoratus speciosus (Garman, 1887)", "date": null, "basis": "HUMAN_OBSERVATION", "dataset": null, "gbifID": "3935090287"}}, {"type": "Feature", "geometry": {"type": "Point", "coordinates": [-61.53977, 16.19759]}, "properties": {"taxon": "Anolis marmoratus", "scientificName": "Ctenonotus marmoratus girafus (Lazell, 1964)", "date": null, "basis": "HUMAN_OBSERVATION", "dataset": null, "gbifID": "3935104687"}}, {"type": "Feature", "geometry": {"type": "Point", "coordinates": [-61.53977, 16.19759]}, "properties": {"taxon": "Anolis marmoratus", "scientificName": "Ctenonotus marmoratus marmoratus x alliaceus x girafus", "date": null, "basis": "HUMAN_OBSERVATION", "dataset": null, "gbifID": "3935110526"}}, {"type": "Feature", "geometry": {"type": "Point", "coordinates": [-61.53977, 16.19759]}, "properties": {"taxon": "Anolis marmoratus", "scientificName": "Ctenonotus marmoratus setosus x girafus", "date": null, "basis": "HUMAN_OBSERVATION", "dataset": null, "gbifID": "3935128266"}}, {"type": "Feature", "geometry": {"type": "Point", "coordinates": [-61.53977, 16.19759]}, "properties": {"taxon": "Anolis marmoratus", "scientificName": "Ctenonotus marmoratus setosus (Lazell, 1964)", "date": null, "basis": "HUMAN_OBSERVATION", "dataset": null, "gbifID": "3935137415"}}, {"type": "Feature", "geometry": {"type": "Point", "coordinates": [-61.5398, 16.19761]}, "properties": {"taxon": "Anolis marmoratus", "scientificName": "Ctenonotus marmoratus marmoratus x alliaceus x girafus", "date": null, "basis": "HUMAN_OBSERVATION", "dataset": null, "gbifID": "4547699463"}}, {"type": "Feature", "geometry": {"type": "Point", "coordinates": [-61.5398, 16.19761]}, "properties": {"taxon": "Anolis marmoratus", "scientificName": "Ctenonotus marmoratus marmoratus x alliaceus", "date": null, "basis": "HUMAN_OBSERVATION", "dataset": null, "gbifID": "4547746103"}}, {"type": "Feature", "geometry": {"type": "Point", "coordinates": [-61.5398, 16.19761]}, "properties": {"taxon": "Anolis marmoratus", "scientificName": "Ctenonotus marmoratus inornatus (Lazell, 1964)", "date": null, "basis": "HUMAN_OBSERVATION", "dataset": null, "gbifID": "4547808601"}}, {"type": "Feature", "geometry": {"type": "Point", "coordinates": [-61.5398, 16.19761]}, "properties": {"taxon": "Anolis marmoratus", "scientificName": "Ctenonotus marmoratus setosus (Lazell, 1964)", "date": null, "basis": "HUMAN_OBSERVATION", "dataset": null, "gbifID": "4547812946"}}, {"type": "Feature", "geometry": {"type": "Point", "coordinates": [-61.5398, 16.19761]}, "properties": {"taxon": "Anolis marmoratus", "scientificName": "Ctenonotus marmoratus alliaceus (Cope, 1864)", "date": null, "basis": "HUMAN_OBSERVATION", "dataset": null, "gbifID": "4547866031"}}, {"type": "Feature", "geometry": {"type": "Point", "coordinates": [-61.5398, 16.19761]}, "properties": {"taxon": "Anolis marmoratus", "scientificName": "Ctenonotus marmoratus (Dum\u00e9ril & Bibron, 1837)", "date": null, "basis": "HUMAN_OBSERVATION", "dataset": null, "gbifID": "4547873609"}}, {"type": "Feature", "geometry": {"type": "Point", "coordinates": [-61.5398, 16.19761]}, "properties": {"taxon": "Anolis marmoratus", "scientificName": "Ctenonotus marmoratus alliaceus x setosus", "date": null, "basis": "HUMAN_OBSERVATION", "dataset": null, "gbifID": "4547961228"}}, {"type": "Feature", "geometry": {"type": "Point", "coordinates": [-61.5398, 16.19761]}, "properties": {"taxon": "Anolis marmoratus", "scientificName": "Ctenonotus marmoratus marmoratus", "date": null, "basis": "HUMAN_OBSERVATION", "dataset": null, "gbifID": "4547975905"}}, {"type": "Feature", "geometry": {"type": "Point", "coordinates": [-61.5398, 16.19761]}, "properties": {"taxon": "Anolis marmoratus", "scientificName": "Ctenonotus marmoratus girafus (Lazell, 1964)", "date": null, "basis": "HUMAN_OBSERVATION", "dataset": null, "gbifID": "4548045100"}}, {"type": "Feature", "geometry": {"type": "Point", "coordinates": [-61.5398, 16.19761]}, "properties": {"taxon": "Anolis marmoratus", "scientificName": "Ctenonotus marmoratus marmoratus x speciosus", "date": null, "basis": "HUMAN_OBSERVATION", "dataset": null, "gbifID": "4548197655"}}, {"type": "Feature", "geometry": {"type": "Point", "coordinates": [-61.5398, 16.19761]}, "properties": {"taxon": "Anolis marmoratus", "scientificName": "Ctenonotus marmoratus speciosus x desiradei", "date": null, "basis": "HUMAN_OBSERVATION", "dataset": null, "gbifID": "4548219339"}}, {"type": "Feature", "geometry": {"type": "Point", "coordinates": [-61.5398, 16.19761]}, "properties": {"taxon": "Anolis marmoratus", "scientificName": "Ctenonotus marmoratus speciosus x setosus", "date": null, "basis": "HUMAN_OBSERVATION", "dataset": null, "gbifID": "4548503402"}}, {"type": "Feature", "geometry": {"type": "Point", "coordinates": [-61.5398, 16.19761]}, "properties": {"taxon": "Anolis marmoratus", "scientificName": "Ctenonotus marmoratus alliaceus x speciosus", "date": null, "basis": "HUMAN_OBSERVATION", "dataset": null, "gbifID": "4548519539"}}, {"type": "Feature", "geometry": {"type": "Point", "coordinates": [-61.5398, 16.19761]}, "properties": {"taxon": "Anolis marmoratus", "scientificName": "Ctenonotus marmoratus setosus x girafus", "date": null, "basis": "HUMAN_OBSERVATION", "dataset": null, "gbifID": "4548578696"}}, {"type": "Feature", "geometry": {"type": "Point", "coordinates": [-61.5398, 16.19761]}, "properties": {"taxon": "Anolis marmoratus", "scientificName": "Ctenonotus marmoratus speciosus (Garman, 1887)", "date": null, "basis": "HUMAN_OBSERVATION", "dataset": null, "gbifID": "4548692901"}}, {"type": "Feature", "geometry": {"type": "Point", "coordinates": [-61.5398, 16.19761]}, "properties": {"taxon": "Anolis marmoratus", "scientificName": "Ctenonotus marmoratus speciosus x inornatus", "date": null, "basis": "HUMAN_OBSERVATION", "dataset": null, "gbifID": "4548695828"}}, {"type": "Feature", "geometry": {"type": "Point", "coordinates": [-61.214578, 15.947792]}, "properties": {"taxon": "Anolis ferreus", "scientificName": "Anolis ferreus (Cope, 1864)", "date": "2026-01-16", "basis": "HUMAN_OBSERVATION", "dataset": "iNaturalist research-grade observations", "gbifID": "6133088682"}}, {"type": "Feature", "geometry": {"type": "Point", "coordinates": [-61.264419, 15.892335]}, "properties": {"taxon": "Anolis ferreus", "scientificName": "Anolis ferreus (Cope, 1864)", "date": "2026-03-01", "basis": "HUMAN_OBSERVATION", "dataset": "iNaturalist research-grade observations", "gbifID": "6179416111"}}, {"type": "Feature", "geometry": {"type": "Point", "coordinates": [-61.337283, 15.944353]}, "properties": {"taxon": "Anolis ferreus", "scientificName": "Anolis ferreus (Cope, 1864)", "date": "2026-06-20", "basis": "HUMAN_OBSERVATION", "dataset": "iNaturalist research-grade observations", "gbifID": "6413020727"}}, {"type": "Feature", "geometry": {"type": "Point", "coordinates": [-61.298555, 15.99236]}, "properties": {"taxon": "Anolis ferreus", "scientificName": "Anolis ferreus (Cope, 1864)", "date": "2026-08-05", "basis": "HUMAN_OBSERVATION", "dataset": "iNaturalist research-grade observations", "gbifID": "6479956949"}}, {"type": "Feature", "geometry": {"type": "Point", "coordinates": [-61.315922, 15.967872]}, "properties": {"taxon": "Anolis ferreus", "scientificName": "Anolis ferreus (Cope, 1864)", "date": "2025-02-08", "basis": "HUMAN_OBSERVATION", "dataset": "iNaturalist research-grade observations", "gbifID": "5064092305"}}, {"type": "Feature", "geometry": {"type": "Point", "coordinates": [-61.286142, 15.878146]}, "properties": {"taxon": "Anolis ferreus", "scientificName": "Anolis ferreus (Cope, 1864)", "date": "2025-12-07", "basis": "HUMAN_OBSERVATION", "dataset": "iNaturalist research-grade observations", "gbifID": "6470370717"}}, {"type": "Feature", "geometry": {"type": "Point", "coordinates": [-61.30241, 15.883536]}, "properties": {"taxon": "Anolis ferreus", "scientificName": "Anolis ferreus (Cope, 1864)", "date": "2024-01-28", "basis": "HUMAN_OBSERVATION", "dataset": "iNaturalist research-grade observations", "gbifID": "4516537457"}}, {"type": "Feature", "geometry": {"type": "Point", "coordinates": [-61.223145, 15.957214]}, "properties": {"taxon": "Anolis ferreus", "scientificName": "Anolis ferreus (Cope, 1864)", "date": "2024-03-01", "basis": "HUMAN_OBSERVATION", "dataset": "iNaturalist research-grade observations", "gbifID": "4535897291"}}, {"type": "Feature", "geometry": {"type": "Point", "coordinates": [-61.223145, 15.957214]}, "properties": {"taxon": "Anolis ferreus", "scientificName": "Anolis ferreus (Cope, 1864)", "date": "2024-03-01", "basis": "HUMAN_OBSERVATION", "dataset": "iNaturalist research-grade observations", "gbifID": "4536019346"}}, {"type": "Feature", "geometry": {"type": "Point", "coordinates": [-61.196625, 15.931287]}, "properties": {"taxon": "Anolis ferreus", "scientificName": "Anolis ferreus (Cope, 1864)", "date": "2024-03-09", "basis": "HUMAN_OBSERVATION", "dataset": "iNaturalist research-grade observations", "gbifID": "4597399158"}}, {"type": "Feature", "geometry": {"type": "Point", "coordinates": [-61.300247, 15.88558]}, "properties": {"taxon": "Anolis ferreus", "scientificName": "Anolis ferreus (Cope, 1864)", "date": "2024-03-12", "basis": "HUMAN_OBSERVATION", "dataset": "iNaturalist research-grade observations", "gbifID": "4597421243"}}, {"type": "Feature", "geometry": {"type": "Point", "coordinates": [-61.298845, 15.934287]}, "properties": {"taxon": "Anolis ferreus", "scientificName": "Anolis ferreus (Cope, 1864)", "date": "2024-03-26", "basis": "HUMAN_OBSERVATION", "dataset": "iNaturalist research-grade observations", "gbifID": "4855550744"}}, {"type": "Feature", "geometry": {"type": "Point", "coordinates": [-61.246947, 15.987494]}, "properties": {"taxon": "Anolis ferreus", "scientificName": "Anolis ferreus (Cope, 1864)", "date": "2024-05-10", "basis": "HUMAN_OBSERVATION", "dataset": "iNaturalist research-grade observations", "gbifID": "5076996702"}}, {"type": "Feature", "geometry": {"type": "Point", "coordinates": [-61.334261, 15.929179]}, "properties": {"taxon": "Anolis ferreus", "scientificName": "Anolis ferreus (Cope, 1864)", "date": "2024-10-18", "basis": "HUMAN_OBSERVATION", "dataset": "iNaturalist research-grade observations", "gbifID": "4974054792"}}, {"type": "Feature", "geometry": {"type": "Point", "coordinates": [-61.334252, 15.926645]}, "properties": {"taxon": "Anolis ferreus", "scientificName": "Anolis ferreus (Cope, 1864)", "date": "2024-10-18", "basis": "HUMAN_OBSERVATION", "dataset": "iNaturalist research-grade observations", "gbifID": "4976661755"}}, {"type": "Feature", "geometry": {"type": "Point", "coordinates": [-61.322733, 15.897498]}, "properties": {"taxon": "Anolis ferreus", "scientificName": "Anolis ferreus (Cope, 1864)", "date": "2023-02-11", "basis": "HUMAN_OBSERVATION", "dataset": "iNaturalist research-grade observations", "gbifID": "4976540836"}}, {"type": "Feature", "geometry": {"type": "Point", "coordinates": [-61.323142, 15.897591]}, "properties": {"taxon": "Anolis ferreus", "scientificName": "Anolis ferreus (Cope, 1864)", "date": "2023-02-11", "basis": "HUMAN_OBSERVATION", "dataset": "iNaturalist research-grade observations", "gbifID": "4976590217"}}, {"type": "Feature", "geometry": {"type": "Point", "coordinates": [-61.28718, 16.00231]}, "properties": {"taxon": "Anolis ferreus", "scientificName": "Ctenonotus ferreus (Cope, 1864)", "date": "2023-04-06", "basis": "HUMAN_OBSERVATION", "dataset": null, "gbifID": "4149173549"}}, {"type": "Feature", "geometry": {"type": "Point", "coordinates": [-61.33468, 15.93997]}, "properties": {"taxon": "Anolis ferreus", "scientificName": "Ctenonotus ferreus (Cope, 1864)", "date": "2023-04-17", "basis": "HUMAN_OBSERVATION", "dataset": null, "gbifID": "4151137395"}}, {"type": "Feature", "geometry": {"type": "Point", "coordinates": [-61.24837, 15.95904]}, "properties": {"taxon": "Anolis ferreus", "scientificName": "Ctenonotus ferreus (Cope, 1864)", "date": "2023-04-17", "basis": "HUMAN_OBSERVATION", "dataset": null, "gbifID": "4151137453"}}, {"type": "Feature", "geometry": {"type": "Point", "coordinates": [-61.22413, 15.89367]}, "properties": {"taxon": "Anolis ferreus", "scientificName": "Ctenonotus ferreus (Cope, 1864)", "date": "2023-04-18", "basis": "HUMAN_OBSERVATION", "dataset": null, "gbifID": "4151137495"}}, {"type": "Feature", "geometry": {"type": "Point", "coordinates": [-61.21767, 15.95405]}, "properties": {"taxon": "Anolis ferreus", "scientificName": "Ctenonotus ferreus (Cope, 1864)", "date": "2023-04-18", "basis": "HUMAN_OBSERVATION", "dataset": null, "gbifID": "4151137785"}}, {"type": "Feature", "geometry": {"type": "Point", "coordinates": [-61.2216, 15.95367]}, "properties": {"taxon": "Anolis ferreus", "scientificName": "Ctenonotus ferreus (Cope, 1864)", "date": "2023-04-18", "basis": "HUMAN_OBSERVATION", "dataset": null, "gbifID": "4151137824"}}, {"type": "Feature", "geometry": {"type": "Point", "coordinates": [-61.31898, 15.95665]}, "properties": {"taxon": "Anolis ferreus", "scientificName": "Ctenonotus ferreus (Cope, 1864)", "date": "2023-04-17", "basis": "HUMAN_OBSERVATION", "dataset": null, "gbifID": "4151137956"}}, {"type": "Feature", "geometry": {"type": "Point", "coordinates": [-61.313587, 15.88541]}, "properties": {"taxon": "Anolis ferreus", "scientificName": "Anolis ferreus (Cope, 1864)", "date": "2023-04-10", "basis": "HUMAN_OBSERVATION", "dataset": "iNaturalist research-grade observations", "gbifID": "5215713392"}}, {"type": "Feature", "geometry": {"type": "Point", "coordinates": [-61.285158, 15.870629]}, "properties": {"taxon": "Anolis ferreus", "scientificName": "Anolis ferreus (Cope, 1864)", "date": "2023-05-14", "basis": "HUMAN_OBSERVATION", "dataset": "iNaturalist research-grade observations", "gbifID": "4416856466"}}, {"type": "Feature", "geometry": {"type": "Point", "coordinates": [-61.29393, 15.9061]}, "properties": {"taxon": "Anolis ferreus", "scientificName": "Ctenonotus ferreus (Cope, 1864)", "date": "2021-03-22", "basis": "HUMAN_OBSERVATION", "dataset": null, "gbifID": "4151368310"}}, {"type": "Feature", "geometry": {"type": "Point", "coordinates": [-61.29393, 15.9061]}, "properties": {"taxon": "Anolis ferreus", "scientificName": "Ctenonotus ferreus (Cope, 1864)", "date": "2021-03-22", "basis": "HUMAN_OBSERVATION", "dataset": null, "gbifID": "4151368405"}}, {"type": "Feature", "geometry": {"type": "Point", "coordinates": [-61.20153, 15.92012]}, "properties": {"taxon": "Anolis ferreus", "scientificName": "Ctenonotus ferreus (Cope, 1864)", "date": "2021-05-29", "basis": "HUMAN_OBSERVATION", "dataset": null, "gbifID": "3849242740"}}, {"type": "Feature", "geometry": {"type": "Point", "coordinates": [-61.29393, 15.9061]}, "properties": {"taxon": "Anolis ferreus", "scientificName": "Ctenonotus ferreus (Cope, 1864)", "date": "2021-07-02", "basis": "HUMAN_OBSERVATION", "dataset": null, "gbifID": "4589413381"}}, {"type": "Feature", "geometry": {"type": "Point", "coordinates": [-61.29393, 15.9061]}, "properties": {"taxon": "Anolis ferreus", "scientificName": "Ctenonotus ferreus (Cope, 1864)", "date": "2021-07-01", "basis": "HUMAN_OBSERVATION", "dataset": null, "gbifID": "4589413458"}}, {"type": "Feature", "geometry": {"type": "Point", "coordinates": [-61.29393, 15.9061]}, "properties": {"taxon": "Anolis ferreus", "scientificName": "Ctenonotus ferreus (Cope, 1864)", "date": "2021-07-02", "basis": "HUMAN_OBSERVATION", "dataset": null, "gbifID": "4589413578"}}, {"type": "Feature", "geometry": {"type": "Point", "coordinates": [-61.29393, 15.9061]}, "properties": {"taxon": "Anolis ferreus", "scientificName": "Ctenonotus ferreus (Cope, 1864)", "date": "2021-07-02", "basis": "HUMAN_OBSERVATION", "dataset": null, "gbifID": "4589413657"}}, {"type": "Feature", "geometry": {"type": "Point", "coordinates": [-61.286098, 15.900066]}, "properties": {"taxon": "Anolis ferreus", "scientificName": "Anolis ferreus (Cope, 1864)", "date": "2021-08-09", "basis": "HUMAN_OBSERVATION", "dataset": "iNaturalist research-grade observations", "gbifID": "5077071275"}}, {"type": "Feature", "geometry": {"type": "Point", "coordinates": [-61.286298, 15.899761]}, "properties": {"taxon": "Anolis ferreus", "scientificName": "Anolis ferreus (Cope, 1864)", "date": "2021-08-09", "basis": "HUMAN_OBSERVATION", "dataset": "iNaturalist research-grade observations", "gbifID": "5077097289"}}, {"type": "Feature", "geometry": {"type": "Point", "coordinates": [-61.330742, 15.910962]}, "properties": {"taxon": "Anolis ferreus", "scientificName": "Anolis ferreus (Cope, 1864)", "date": "2020-03-22", "basis": "HUMAN_OBSERVATION", "dataset": "iNaturalist research-grade observations", "gbifID": "4516209767"}}, {"type": "Feature", "geometry": {"type": "Point", "coordinates": [-61.27561, 15.96619]}, "properties": {"taxon": "Anolis ferreus", "scientificName": "Ctenonotus ferreus (Cope, 1864)", "date": "2019-07-16", "basis": "HUMAN_OBSERVATION", "dataset": null, "gbifID": "3491496637"}}, {"type": "Feature", "geometry": {"type": "Point", "coordinates": [-61.2986, 15.992488]}, "properties": {"taxon": "Anolis ferreus", "scientificName": "Anolis ferreus (Cope, 1864)", "date": "2018-05-20", "basis": "HUMAN_OBSERVATION", "dataset": "iNaturalist research-grade observations", "gbifID": "4872510333"}}, {"type": "Feature", "geometry": {"type": "Point", "coordinates": [-61.298588, 15.992484]}, "properties": {"taxon": "Anolis ferreus", "scientificName": "Anolis ferreus (Cope, 1864)", "date": "2018-05-20", "basis": "HUMAN_OBSERVATION", "dataset": "iNaturalist research-grade observations", "gbifID": "4872620543"}}, {"type": "Feature", "geometry": {"type": "Point", "coordinates": [-61.334119, 15.925726]}, "properties": {"taxon": "Anolis ferreus", "scientificName": "Anolis ferreus (Cope, 1864)", "date": "2014-02-20", "basis": "HUMAN_OBSERVATION", "dataset": "iNaturalist research-grade observations", "gbifID": "4153812816"}}, {"type": "Feature", "geometry": {"type": "Point", "coordinates": [-61.205521, 15.925677]}, "properties": {"taxon": "Anolis ferreus", "scientificName": "Anolis ferreus (Cope, 1864)", "date": "2012-08-06", "basis": "HUMAN_OBSERVATION", "dataset": "iNaturalist research-grade observations", "gbifID": "1640133161"}}, {"type": "Feature", "geometry": {"type": "Point", "coordinates": [-61.246947, 15.987494]}, "properties": {"taxon": "Anolis ferreus", "scientificName": "Anolis ferreus (Cope, 1864)", "date": "2009-04-07", "basis": "HUMAN_OBSERVATION", "dataset": "iNaturalist research-grade observations", "gbifID": "5077018903"}}, {"type": "Feature", "geometry": {"type": "Point", "coordinates": [-61.246947, 15.987494]}, "properties": {"taxon": "Anolis ferreus", "scientificName": "Anolis ferreus (Cope, 1864)", "date": "2009-04-07", "basis": "HUMAN_OBSERVATION", "dataset": "iNaturalist research-grade observations", "gbifID": "6178749311"}}, {"type": "Feature", "geometry": {"type": "Point", "coordinates": [-61.297996, 15.98985]}, "properties": {"taxon": "Anolis ferreus", "scientificName": "Anolis ferreus (Cope, 1864)", "date": "1992-01-15", "basis": "PRESERVED_SPECIMEN", "dataset": null, "gbifID": "5147068480"}}, {"type": "Feature", "geometry": {"type": "Point", "coordinates": [-61.297996, 15.98985]}, "properties": {"taxon": "Anolis ferreus", "scientificName": "Anolis ferreus (Cope, 1864)", "date": "1992-01-15", "basis": "PRESERVED_SPECIMEN", "dataset": null, "gbifID": "5147070485"}}, {"type": "Feature", "geometry": {"type": "Point", "coordinates": [-61.263736, 15.87597]}, "properties": {"taxon": "Anolis ferreus", "scientificName": "Anolis ferreus (Cope, 1864)", "date": "1992-01-15", "basis": "PRESERVED_SPECIMEN", "dataset": null, "gbifID": "5147073483"}}, {"type": "Feature", "geometry": {"type": "Point", "coordinates": [-61.297996, 15.98985]}, "properties": {"taxon": "Anolis ferreus", "scientificName": "Anolis ferreus (Cope, 1864)", "date": "1992-01-15", "basis": "PRESERVED_SPECIMEN", "dataset": null, "gbifID": "5147188483"}}, {"type": "Feature", "geometry": {"type": "Point", "coordinates": [-61.227626, 15.93337]}, "properties": {"taxon": "Anolis ferreus", "scientificName": "Anolis ferreus (Cope, 1864)", "date": "1992-01-15", "basis": "PRESERVED_SPECIMEN", "dataset": null, "gbifID": "5147193483"}}, {"type": "Feature", "geometry": {"type": "Point", "coordinates": [-61.263736, 15.87597]}, "properties": {"taxon": "Anolis ferreus", "scientificName": "Anolis ferreus (Cope, 1864)", "date": "1992-01-15", "basis": "PRESERVED_SPECIMEN", "dataset": null, "gbifID": "5147193484"}}, {"type": "Feature", "geometry": {"type": "Point", "coordinates": [-61.263736, 15.87597]}, "properties": {"taxon": "Anolis ferreus", "scientificName": "Anolis ferreus (Cope, 1864)", "date": "1992-01-15", "basis": "PRESERVED_SPECIMEN", "dataset": null, "gbifID": "5147197483"}}, {"type": "Feature", "geometry": {"type": "Point", "coordinates": [-61.308176, 15.97411]}, "properties": {"taxon": "Anolis ferreus", "scientificName": "Anolis ferreus (Cope, 1864)", "date": "1992-01-23", "basis": "PRESERVED_SPECIMEN", "dataset": null, "gbifID": "5147305487"}}, {"type": "Feature", "geometry": {"type": "Point", "coordinates": [-61.308176, 15.97411]}, "properties": {"taxon": "Anolis ferreus", "scientificName": "Anolis ferreus (Cope, 1864)", "date": "1992-01-23", "basis": "PRESERVED_SPECIMEN", "dataset": null, "gbifID": "5147313487"}}, {"type": "Feature", "geometry": {"type": "Point", "coordinates": [-61.227626, 15.93337]}, "properties": {"taxon": "Anolis ferreus", "scientificName": "Anolis ferreus (Cope, 1864)", "date": "1992-01-15", "basis": "PRESERVED_SPECIMEN", "dataset": null, "gbifID": "5147320483"}}, {"type": "Feature", "geometry": {"type": "Point", "coordinates": [-61.227626, 15.93337]}, "properties": {"taxon": "Anolis ferreus", "scientificName": "Anolis ferreus (Cope, 1864)", "date": "1992-01-15", "basis": "PRESERVED_SPECIMEN", "dataset": null, "gbifID": "5147320484"}}, {"type": "Feature", "geometry": {"type": "Point", "coordinates": [-61.297996, 15.98985]}, "properties": {"taxon": "Anolis ferreus", "scientificName": "Anolis ferreus (Cope, 1864)", "date": "1992-01-15", "basis": "PRESERVED_SPECIMEN", "dataset": null, "gbifID": "5147419482"}}, {"type": "Feature", "geometry": {"type": "Point", "coordinates": [-61.297996, 15.98985]}, "properties": {"taxon": "Anolis ferreus", "scientificName": "Anolis ferreus (Cope, 1864)", "date": "1992-01-15", "basis": "PRESERVED_SPECIMEN", "dataset": null, "gbifID": "5147421486"}}, {"type": "Feature", "geometry": {"type": "Point", "coordinates": [-61.227626, 15.93337]}, "properties": {"taxon": "Anolis ferreus", "scientificName": "Anolis ferreus (Cope, 1864)", "date": "1992-01-15", "basis": "PRESERVED_SPECIMEN", "dataset": null, "gbifID": "5147422484"}}, {"type": "Feature", "geometry": {"type": "Point", "coordinates": [-61.227626, 15.93337]}, "properties": {"taxon": "Anolis ferreus", "scientificName": "Anolis ferreus (Cope, 1864)", "date": "1992-01-15", "basis": "PRESERVED_SPECIMEN", "dataset": null, "gbifID": "5147422485"}}, {"type": "Feature", "geometry": {"type": "Point", "coordinates": [-61.263736, 15.87597]}, "properties": {"taxon": "Anolis ferreus", "scientificName": "Anolis ferreus (Cope, 1864)", "date": "1992-01-15", "basis": "PRESERVED_SPECIMEN", "dataset": null, "gbifID": "5147496484"}}, {"type": "Feature", "geometry": {"type": "Point", "coordinates": [-61.308176, 15.97411]}, "properties": {"taxon": "Anolis ferreus", "scientificName": "Anolis ferreus (Cope, 1864)", "date": "1992-01-12", "basis": "PRESERVED_SPECIMEN", "dataset": null, "gbifID": "5147498487"}}, {"type": "Feature", "geometry": {"type": "Point", "coordinates": [-61.263736, 15.87597]}, "properties": {"taxon": "Anolis ferreus", "scientificName": "Anolis ferreus (Cope, 1864)", "date": "1992-01-15", "basis": "PRESERVED_SPECIMEN", "dataset": null, "gbifID": "5147501485"}}, {"type": "Feature", "geometry": {"type": "Point", "coordinates": [-61.24, 15.92]}, "properties": {"taxon": "Anolis ferreus", "scientificName": "Anolis ferreus (Cope, 1864)", "date": "1992-08-04", "basis": "PRESERVED_SPECIMEN", "dataset": null, "gbifID": "3351422312"}}, {"type": "Feature", "geometry": {"type": "Point", "coordinates": [-61.25, 15.93]}, "properties": {"taxon": "Anolis ferreus", "scientificName": "Anolis ferreus (Cope, 1864)", "date": "1992-08-04", "basis": "PRESERVED_SPECIMEN", "dataset": null, "gbifID": "3351432177"}}, {"type": "Feature", "geometry": {"type": "Point", "coordinates": [-61.25, 15.93]}, "properties": {"taxon": "Anolis ferreus", "scientificName": "Anolis ferreus (Cope, 1864)", "date": "1992-08-04", "basis": "PRESERVED_SPECIMEN", "dataset": null, "gbifID": "3351561063"}}, {"type": "Feature", "geometry": {"type": "Point", "coordinates": [-61.24376, 15.916211]}, "properties": {"taxon": "Anolis ferreus", "scientificName": "BOLD:ADI1927", "date": "1992-08-04", "basis": "MATERIAL_SAMPLE", "dataset": null, "gbifID": "4038793299"}}, {"type": "Feature", "geometry": {"type": "Point", "coordinates": [-61.246002, 15.93264]}, "properties": {"taxon": "Anolis ferreus", "scientificName": "BOLD:ADI1927", "date": "1992-08-04", "basis": "MATERIAL_SAMPLE", "dataset": null, "gbifID": "4038804309"}}, {"type": "Feature", "geometry": {"type": "Point", "coordinates": [-61.25387, 15.931386]}, "properties": {"taxon": "Anolis ferreus", "scientificName": "BOLD:ADI1927", "date": "1992-08-04", "basis": "MATERIAL_SAMPLE", "dataset": null, "gbifID": "4038823325"}}, {"type": "Feature", "geometry": {"type": "Point", "coordinates": [-61.312806, 15.97874]}, "properties": {"taxon": "Anolis ferreus", "scientificName": "Anolis ferreus (Cope, 1864)", "date": "1988-08-06", "basis": "PRESERVED_SPECIMEN", "dataset": null, "gbifID": "5147499471"}}, {"type": "Feature", "geometry": {"type": "Point", "coordinates": [-61.267642, 15.93682]}, "properties": {"taxon": "Anolis ferreus", "scientificName": "Anolis ferreus (Cope, 1864)", "date": "1988-01-01", "basis": "PRESERVED_SPECIMEN", "dataset": null, "gbifID": "5147437470"}}, {"type": "Feature", "geometry": {"type": "Point", "coordinates": [-61.28513, 15.87107]}, "properties": {"taxon": "Anolis ferreus", "scientificName": "Anolis marmoratus ferreus Cope, 1864", "date": "1974-01-20", "basis": "PRESERVED_SPECIMEN", "dataset": null, "gbifID": "476625106"}}, {"type": "Feature", "geometry": {"type": "Point", "coordinates": [-61.28513, 15.87107]}, "properties": {"taxon": "Anolis ferreus", "scientificName": "Anolis marmoratus ferreus Cope, 1864", "date": "1974-01-18", "basis": "PRESERVED_SPECIMEN", "dataset": null, "gbifID": "476648164"}}, {"type": "Feature", "geometry": {"type": "Point", "coordinates": [-61.31382, 15.95492]}, "properties": {"taxon": "Anolis ferreus", "scientificName": "Anolis ferreus (Cope, 1864)", "date": "1971-07-24", "basis": "PRESERVED_SPECIMEN", "dataset": null, "gbifID": "476469427"}}, {"type": "Feature", "geometry": {"type": "Point", "coordinates": [-61.31382, 15.95492]}, "properties": {"taxon": "Anolis ferreus", "scientificName": "Anolis ferreus (Cope, 1864)", "date": "1971-07-24", "basis": "PRESERVED_SPECIMEN", "dataset": null, "gbifID": "476469657"}}, {"type": "Feature", "geometry": {"type": "Point", "coordinates": [-61.31382, 15.95492]}, "properties": {"taxon": "Anolis ferreus", "scientificName": "Anolis ferreus (Cope, 1864)", "date": "1971-07-24", "basis": "PRESERVED_SPECIMEN", "dataset": null, "gbifID": "476469658"}}, {"type": "Feature", "geometry": {"type": "Point", "coordinates": [-61.31382, 15.95492]}, "properties": {"taxon": "Anolis ferreus", "scientificName": "Anolis ferreus (Cope, 1864)", "date": "1971-07-24", "basis": "PRESERVED_SPECIMEN", "dataset": null, "gbifID": "476785027"}}, {"type": "Feature", "geometry": {"type": "Point", "coordinates": [-61.31382, 15.95492]}, "properties": {"taxon": "Anolis ferreus", "scientificName": "Anolis ferreus (Cope, 1864)", "date": "1971-07-24", "basis": "PRESERVED_SPECIMEN", "dataset": null, "gbifID": "476788433"}}, {"type": "Feature", "geometry": {"type": "Point", "coordinates": [-61.31382, 15.95492]}, "properties": {"taxon": "Anolis ferreus", "scientificName": "Anolis ferreus (Cope, 1864)", "date": "1971-07-24", "basis": "PRESERVED_SPECIMEN", "dataset": null, "gbifID": "476788532"}}, {"type": "Feature", "geometry": {"type": "Point", "coordinates": [-61.31382, 15.95492]}, "properties": {"taxon": "Anolis ferreus", "scientificName": "Anolis ferreus (Cope, 1864)", "date": "1971-07-24", "basis": "PRESERVED_SPECIMEN", "dataset": null, "gbifID": "476788533"}}, {"type": "Feature", "geometry": {"type": "Point", "coordinates": [-61.31382, 15.95492]}, "properties": {"taxon": "Anolis ferreus", "scientificName": "Anolis ferreus (Cope, 1864)", "date": "1971-07-24", "basis": "PRESERVED_SPECIMEN", "dataset": null, "gbifID": "476788534"}}, {"type": "Feature", "geometry": {"type": "Point", "coordinates": [-61.31382, 15.95492]}, "properties": {"taxon": "Anolis ferreus", "scientificName": "Anolis ferreus (Cope, 1864)", "date": "1971-07-24", "basis": "PRESERVED_SPECIMEN", "dataset": null, "gbifID": "476788535"}}, {"type": "Feature", "geometry": {"type": "Point", "coordinates": [-61.31382, 15.95492]}, "properties": {"taxon": "Anolis ferreus", "scientificName": "Anolis ferreus (Cope, 1864)", "date": "1971-07-24", "basis": "PRESERVED_SPECIMEN", "dataset": null, "gbifID": "476788536"}}, {"type": "Feature", "geometry": {"type": "Point", "coordinates": [-61.31382, 15.95492]}, "properties": {"taxon": "Anolis ferreus", "scientificName": "Anolis ferreus (Cope, 1864)", "date": "1971-07-24", "basis": "PRESERVED_SPECIMEN", "dataset": null, "gbifID": "476788537"}}, {"type": "Feature", "geometry": {"type": "Point", "coordinates": [-61.31382, 15.95492]}, "properties": {"taxon": "Anolis ferreus", "scientificName": "Anolis ferreus (Cope, 1864)", "date": "1971-07-24", "basis": "PRESERVED_SPECIMEN", "dataset": null, "gbifID": "476788538"}}, {"type": "Feature", "geometry": {"type": "Point", "coordinates": [-61.31382, 15.95492]}, "properties": {"taxon": "Anolis ferreus", "scientificName": "Anolis ferreus (Cope, 1864)", "date": "1971-07-24", "basis": "PRESERVED_SPECIMEN", "dataset": null, "gbifID": "476788539"}}, {"type": "Feature", "geometry": {"type": "Point", "coordinates": [-61.31382, 15.95492]}, "properties": {"taxon": "Anolis ferreus", "scientificName": "Anolis ferreus (Cope, 1864)", "date": "1971-07-24", "basis": "PRESERVED_SPECIMEN", "dataset": null, "gbifID": "476788636"}}, {"type": "Feature", "geometry": {"type": "Point", "coordinates": [-61.25694, 15.95817]}, "properties": {"taxon": "Anolis ferreus", "scientificName": "Anolis ferreus (Cope, 1864)", "date": "1969-09-08", "basis": "PRESERVED_SPECIMEN", "dataset": null, "gbifID": "476506587"}}, {"type": "Feature", "geometry": {"type": "Point", "coordinates": [-61.23975, 15.89369]}, "properties": {"taxon": "Anolis ferreus", "scientificName": "Anolis ferreus (Cope, 1864)", "date": "1969-09-08", "basis": "PRESERVED_SPECIMEN", "dataset": null, "gbifID": "476506588"}}, {"type": "Feature", "geometry": {"type": "Point", "coordinates": [-61.25694, 15.95817]}, "properties": {"taxon": "Anolis ferreus", "scientificName": "Anolis ferreus (Cope, 1864)", "date": "1969-09-08", "basis": "PRESERVED_SPECIMEN", "dataset": null, "gbifID": "476753537"}}, {"type": "Feature", "geometry": {"type": "Point", "coordinates": [-61.25694, 15.95817]}, "properties": {"taxon": "Anolis ferreus", "scientificName": "Anolis ferreus (Cope, 1864)", "date": "1969-09-08", "basis": "PRESERVED_SPECIMEN", "dataset": null, "gbifID": "476753538"}}, {"type": "Feature", "geometry": {"type": "Point", "coordinates": [-61.25694, 15.95817]}, "properties": {"taxon": "Anolis ferreus", "scientificName": "Anolis ferreus (Cope, 1864)", "date": "1969-09-08", "basis": "PRESERVED_SPECIMEN", "dataset": null, "gbifID": "476753539"}}, {"type": "Feature", "geometry": {"type": "Point", "coordinates": [-61.25694, 15.95817]}, "properties": {"taxon": "Anolis ferreus", "scientificName": "Anolis ferreus (Cope, 1864)", "date": "1969-09-08", "basis": "PRESERVED_SPECIMEN", "dataset": null, "gbifID": "476753540"}}, {"type": "Feature", "geometry": {"type": "Point", "coordinates": [-61.25694, 15.95817]}, "properties": {"taxon": "Anolis ferreus", "scientificName": "Anolis ferreus (Cope, 1864)", "date": "1969-09-08", "basis": "PRESERVED_SPECIMEN", "dataset": null, "gbifID": "476753541"}}, {"type": "Feature", "geometry": {"type": "Point", "coordinates": [-61.23975, 15.89369]}, "properties": {"taxon": "Anolis ferreus", "scientificName": "Anolis ferreus (Cope, 1864)", "date": "1969-09-08", "basis": "PRESERVED_SPECIMEN", "dataset": null, "gbifID": "476753542"}}, {"type": "Feature", "geometry": {"type": "Point", "coordinates": [-61.23975, 15.89369]}, "properties": {"taxon": "Anolis ferreus", "scientificName": "Anolis ferreus (Cope, 1864)", "date": "1969-09-08", "basis": "PRESERVED_SPECIMEN", "dataset": null, "gbifID": "476753543"}}, {"type": "Feature", "geometry": {"type": "Point", "coordinates": [-61.26636, 15.9333]}, "properties": {"taxon": "Anolis ferreus", "scientificName": "Anolis ferreus (Cope, 1864)", "date": "1969-12-09", "basis": "PRESERVED_SPECIMEN", "dataset": null, "gbifID": "476469592"}}, {"type": "Feature", "geometry": {"type": "Point", "coordinates": [-61.26636, 15.9333]}, "properties": {"taxon": "Anolis ferreus", "scientificName": "Anolis ferreus (Cope, 1864)", "date": "1969-12-09", "basis": "PRESERVED_SPECIMEN", "dataset": null, "gbifID": "476469593"}}, {"type": "Feature", "geometry": {"type": "Point", "coordinates": [-61.31751, 15.95322]}, "properties": {"taxon": "Anolis ferreus", "scientificName": "Anolis ferreus (Cope, 1864)", "date": "1969-12-01", "basis": "PRESERVED_SPECIMEN", "dataset": null, "gbifID": "476506100"}}, {"type": "Feature", "geometry": {"type": "Point", "coordinates": [-61.31751, 15.95322]}, "properties": {"taxon": "Anolis ferreus", "scientificName": "Anolis ferreus (Cope, 1864)", "date": "1969-12-01", "basis": "PRESERVED_SPECIMEN", "dataset": null, "gbifID": "476507828"}}, {"type": "Feature", "geometry": {"type": "Point", "coordinates": [-61.31751, 15.95322]}, "properties": {"taxon": "Anolis ferreus", "scientificName": "Anolis ferreus (Cope, 1864)", "date": "1969-12-01", "basis": "PRESERVED_SPECIMEN", "dataset": null, "gbifID": "476507829"}}, {"type": "Feature", "geometry": {"type": "Point", "coordinates": [-61.31751, 15.95322]}, "properties": {"taxon": "Anolis ferreus", "scientificName": "Anolis ferreus (Cope, 1864)", "date": "1969-12-01", "basis": "PRESERVED_SPECIMEN", "dataset": null, "gbifID": "476747651"}}, {"type": "Feature", "geometry": {"type": "Point", "coordinates": [-61.31751, 15.95322]}, "properties": {"taxon": "Anolis ferreus", "scientificName": "Anolis ferreus (Cope, 1864)", "date": "1969-12-01", "basis": "PRESERVED_SPECIMEN", "dataset": null, "gbifID": "476747652"}}, {"type": "Feature", "geometry": {"type": "Point", "coordinates": [-61.31751, 15.95322]}, "properties": {"taxon": "Anolis ferreus", "scientificName": "Anolis ferreus (Cope, 1864)", "date": "1969-12-01", "basis": "PRESERVED_SPECIMEN", "dataset": null, "gbifID": "476747653"}}, {"type": "Feature", "geometry": {"type": "Point", "coordinates": [-61.31751, 15.95322]}, "properties": {"taxon": "Anolis ferreus", "scientificName": "Anolis ferreus (Cope, 1864)", "date": "1969-12-01", "basis": "PRESERVED_SPECIMEN", "dataset": null, "gbifID": "476749453"}}, {"type": "Feature", "geometry": {"type": "Point", "coordinates": [-61.31751, 15.95322]}, "properties": {"taxon": "Anolis ferreus", "scientificName": "Anolis ferreus (Cope, 1864)", "date": "1969-12-01", "basis": "PRESERVED_SPECIMEN", "dataset": null, "gbifID": "476749454"}}, {"type": "Feature", "geometry": {"type": "Point", "coordinates": [-61.31751, 15.95322]}, "properties": {"taxon": "Anolis ferreus", "scientificName": "Anolis ferreus (Cope, 1864)", "date": "1969-12-01", "basis": "PRESERVED_SPECIMEN", "dataset": null, "gbifID": "476749455"}}, {"type": "Feature", "geometry": {"type": "Point", "coordinates": [-61.31751, 15.95322]}, "properties": {"taxon": "Anolis ferreus", "scientificName": "Anolis ferreus (Cope, 1864)", "date": "1969-12-01", "basis": "PRESERVED_SPECIMEN", "dataset": null, "gbifID": "476749456"}}, {"type": "Feature", "geometry": {"type": "Point", "coordinates": [-61.31751, 15.95322]}, "properties": {"taxon": "Anolis ferreus", "scientificName": "Anolis ferreus (Cope, 1864)", "date": "1969-12-01", "basis": "PRESERVED_SPECIMEN", "dataset": null, "gbifID": "476749457"}}, {"type": "Feature", "geometry": {"type": "Point", "coordinates": [-61.31751, 15.95322]}, "properties": {"taxon": "Anolis ferreus", "scientificName": "Anolis ferreus (Cope, 1864)", "date": "1969-12-01", "basis": "PRESERVED_SPECIMEN", "dataset": null, "gbifID": "476749458"}}, {"type": "Feature", "geometry": {"type": "Point", "coordinates": [-61.31751, 15.95322]}, "properties": {"taxon": "Anolis ferreus", "scientificName": "Anolis ferreus (Cope, 1864)", "date": "1969-12-01", "basis": "PRESERVED_SPECIMEN", "dataset": null, "gbifID": "476764331"}}, {"type": "Feature", "geometry": {"type": "Point", "coordinates": [-61.31751, 15.95322]}, "properties": {"taxon": "Anolis ferreus", "scientificName": "Anolis ferreus (Cope, 1864)", "date": "1969-12-01", "basis": "PRESERVED_SPECIMEN", "dataset": null, "gbifID": "476764431"}}, {"type": "Feature", "geometry": {"type": "Point", "coordinates": [-61.31751, 15.95322]}, "properties": {"taxon": "Anolis ferreus", "scientificName": "Anolis ferreus (Cope, 1864)", "date": "1969-12-01", "basis": "PRESERVED_SPECIMEN", "dataset": null, "gbifID": "476764432"}}, {"type": "Feature", "geometry": {"type": "Point", "coordinates": [-61.31751, 15.95322]}, "properties": {"taxon": "Anolis ferreus", "scientificName": "Anolis ferreus (Cope, 1864)", "date": "1969-12-01", "basis": "PRESERVED_SPECIMEN", "dataset": null, "gbifID": "476764433"}}, {"type": "Feature", "geometry": {"type": "Point", "coordinates": [-61.31751, 15.95322]}, "properties": {"taxon": "Anolis ferreus", "scientificName": "Anolis ferreus (Cope, 1864)", "date": "1969-12-01", "basis": "PRESERVED_SPECIMEN", "dataset": null, "gbifID": "476764434"}}, {"type": "Feature", "geometry": {"type": "Point", "coordinates": [-61.31751, 15.95322]}, "properties": {"taxon": "Anolis ferreus", "scientificName": "Anolis ferreus (Cope, 1864)", "date": "1969-12-01", "basis": "PRESERVED_SPECIMEN", "dataset": null, "gbifID": "476764435"}}, {"type": "Feature", "geometry": {"type": "Point", "coordinates": [-61.31751, 15.95322]}, "properties": {"taxon": "Anolis ferreus", "scientificName": "Anolis ferreus (Cope, 1864)", "date": "1969-12-01", "basis": "PRESERVED_SPECIMEN", "dataset": null, "gbifID": "476764436"}}, {"type": "Feature", "geometry": {"type": "Point", "coordinates": [-61.31751, 15.95322]}, "properties": {"taxon": "Anolis ferreus", "scientificName": "Anolis ferreus (Cope, 1864)", "date": "1969-12-01", "basis": "PRESERVED_SPECIMEN", "dataset": null, "gbifID": "476764437"}}, {"type": "Feature", "geometry": {"type": "Point", "coordinates": [-61.31751, 15.95322]}, "properties": {"taxon": "Anolis ferreus", "scientificName": "Anolis ferreus (Cope, 1864)", "date": "1969-12-01", "basis": "PRESERVED_SPECIMEN", "dataset": null, "gbifID": "476764438"}}, {"type": "Feature", "geometry": {"type": "Point", "coordinates": [-61.31751, 15.95322]}, "properties": {"taxon": "Anolis ferreus", "scientificName": "Anolis ferreus (Cope, 1864)", "date": "1969-12-01", "basis": "PRESERVED_SPECIMEN", "dataset": null, "gbifID": "476764536"}}, {"type": "Feature", "geometry": {"type": "Point", "coordinates": [-61.31751, 15.95322]}, "properties": {"taxon": "Anolis ferreus", "scientificName": "Anolis ferreus (Cope, 1864)", "date": "1969-12-01", "basis": "PRESERVED_SPECIMEN", "dataset": null, "gbifID": "476764537"}}, {"type": "Feature", "geometry": {"type": "Point", "coordinates": [-61.31751, 15.95322]}, "properties": {"taxon": "Anolis ferreus", "scientificName": "Anolis ferreus (Cope, 1864)", "date": "1969-12-01", "basis": "PRESERVED_SPECIMEN", "dataset": null, "gbifID": "476764538"}}, {"type": "Feature", "geometry": {"type": "Point", "coordinates": [-61.31751, 15.95322]}, "properties": {"taxon": "Anolis ferreus", "scientificName": "Anolis ferreus (Cope, 1864)", "date": "1969-12-01", "basis": "PRESERVED_SPECIMEN", "dataset": null, "gbifID": "476764539"}}, {"type": "Feature", "geometry": {"type": "Point", "coordinates": [-61.31751, 15.95322]}, "properties": {"taxon": "Anolis ferreus", "scientificName": "Anolis ferreus (Cope, 1864)", "date": "1969-12-01", "basis": "PRESERVED_SPECIMEN", "dataset": null, "gbifID": "476764540"}}, {"type": "Feature", "geometry": {"type": "Point", "coordinates": [-61.26636, 15.9333]}, "properties": {"taxon": "Anolis ferreus", "scientificName": "Anolis ferreus (Cope, 1864)", "date": "1969-12-09", "basis": "PRESERVED_SPECIMEN", "dataset": null, "gbifID": "476787481"}}, {"type": "Feature", "geometry": {"type": "Point", "coordinates": [-61.26636, 15.9333]}, "properties": {"taxon": "Anolis ferreus", "scientificName": "Anolis ferreus (Cope, 1864)", "date": "1969-12-09", "basis": "PRESERVED_SPECIMEN", "dataset": null, "gbifID": "476787482"}}, {"type": "Feature", "geometry": {"type": "Point", "coordinates": [-61.26636, 15.9333]}, "properties": {"taxon": "Anolis ferreus", "scientificName": "Anolis ferreus (Cope, 1864)", "date": "1969-12-09", "basis": "PRESERVED_SPECIMEN", "dataset": null, "gbifID": "476787483"}}, {"type": "Feature", "geometry": {"type": "Point", "coordinates": [-61.26636, 15.9333]}, "properties": {"taxon": "Anolis ferreus", "scientificName": "Anolis ferreus (Cope, 1864)", "date": "1969-12-09", "basis": "PRESERVED_SPECIMEN", "dataset": null, "gbifID": "476787586"}}, {"type": "Feature", "geometry": {"type": "Point", "coordinates": [-61.26636, 15.9333]}, "properties": {"taxon": "Anolis ferreus", "scientificName": "Anolis ferreus (Cope, 1864)", "date": "1969-12-09", "basis": "PRESERVED_SPECIMEN", "dataset": null, "gbifID": "476787587"}}, {"type": "Feature", "geometry": {"type": "Point", "coordinates": [-61.26636, 15.9333]}, "properties": {"taxon": "Anolis ferreus", "scientificName": "Anolis ferreus (Cope, 1864)", "date": "1969-12-09", "basis": "PRESERVED_SPECIMEN", "dataset": null, "gbifID": "476787588"}}, {"type": "Feature", "geometry": {"type": "Point", "coordinates": [-61.26636, 15.9333]}, "properties": {"taxon": "Anolis ferreus", "scientificName": "Anolis ferreus (Cope, 1864)", "date": "1969-12-09", "basis": "PRESERVED_SPECIMEN", "dataset": null, "gbifID": "476787589"}}, {"type": "Feature", "geometry": {"type": "Point", "coordinates": [-61.26636, 15.9333]}, "properties": {"taxon": "Anolis ferreus", "scientificName": "Anolis ferreus (Cope, 1864)", "date": "1969-12-09", "basis": "PRESERVED_SPECIMEN", "dataset": null, "gbifID": "476787590"}}, {"type": "Feature", "geometry": {"type": "Point", "coordinates": [-61.23333, 15.95]}, "properties": {"taxon": "Anolis ferreus", "scientificName": "Anolis ferreus (Cope, 1864)", "date": "1961-09-11", "basis": "PRESERVED_SPECIMEN", "dataset": null, "gbifID": "476504726"}}, {"type": "Feature", "geometry": {"type": "Point", "coordinates": [-61.23333, 15.95]}, "properties": {"taxon": "Anolis ferreus", "scientificName": "Anolis ferreus (Cope, 1864)", "date": "1961-09-11", "basis": "PRESERVED_SPECIMEN", "dataset": null, "gbifID": "476504727"}}, {"type": "Feature", "geometry": {"type": "Point", "coordinates": [-61.31099, 15.89269]}, "properties": {"taxon": "Anolis ferreus", "scientificName": "Anolis ferreus (Cope, 1864)", "date": "1961-09-11", "basis": "PRESERVED_SPECIMEN", "dataset": null, "gbifID": "476505206"}}, {"type": "Feature", "geometry": {"type": "Point", "coordinates": [-61.27602, 15.98538]}, "properties": {"taxon": "Anolis ferreus", "scientificName": "Anolis ferreus (Cope, 1864)", "date": "1961-09-12", "basis": "PRESERVED_SPECIMEN", "dataset": null, "gbifID": "476505207"}}, {"type": "Feature", "geometry": {"type": "Point", "coordinates": [-61.30415, 15.95716]}, "properties": {"taxon": "Anolis ferreus", "scientificName": "Anolis ferreus (Cope, 1864)", "date": "1961-09-12", "basis": "PRESERVED_SPECIMEN", "dataset": null, "gbifID": "476505208"}}, {"type": "Feature", "geometry": {"type": "Point", "coordinates": [-61.27952, 15.86661]}, "properties": {"taxon": "Anolis ferreus", "scientificName": "Anolis ferreus (Cope, 1864)", "date": "1961-09-12", "basis": "PRESERVED_SPECIMEN", "dataset": null, "gbifID": "476505209"}}, {"type": "Feature", "geometry": {"type": "Point", "coordinates": [-61.23333, 15.95]}, "properties": {"taxon": "Anolis ferreus", "scientificName": "Anolis ferreus (Cope, 1864)", "date": "1961-09-11", "basis": "PRESERVED_SPECIMEN", "dataset": null, "gbifID": "476740566"}}, {"type": "Feature", "geometry": {"type": "Point", "coordinates": [-61.22197, 15.89226]}, "properties": {"taxon": "Anolis ferreus", "scientificName": "Anolis ferreus (Cope, 1864)", "date": "1961-09-11", "basis": "PRESERVED_SPECIMEN", "dataset": null, "gbifID": "476740567"}}, {"type": "Feature", "geometry": {"type": "Point", "coordinates": [-61.22197, 15.89226]}, "properties": {"taxon": "Anolis ferreus", "scientificName": "Anolis ferreus (Cope, 1864)", "date": "1961-09-11", "basis": "PRESERVED_SPECIMEN", "dataset": null, "gbifID": "476740568"}}, {"type": "Feature", "geometry": {"type": "Point", "coordinates": [-61.22197, 15.89226]}, "properties": {"taxon": "Anolis ferreus", "scientificName": "Anolis ferreus (Cope, 1864)", "date": "1961-09-11", "basis": "PRESERVED_SPECIMEN", "dataset": null, "gbifID": "476740569"}}, {"type": "Feature", "geometry": {"type": "Point", "coordinates": [-61.31099, 15.89269]}, "properties": {"taxon": "Anolis ferreus", "scientificName": "Anolis ferreus (Cope, 1864)", "date": "1961-09-11", "basis": "PRESERVED_SPECIMEN", "dataset": null, "gbifID": "476740570"}}, {"type": "Feature", "geometry": {"type": "Point", "coordinates": [-61.31099, 15.89269]}, "properties": {"taxon": "Anolis ferreus", "scientificName": "Anolis ferreus (Cope, 1864)", "date": "1961-09-11", "basis": "PRESERVED_SPECIMEN", "dataset": null, "gbifID": "476740571"}}, {"type": "Feature", "geometry": {"type": "Point", "coordinates": [-61.23333, 15.95]}, "properties": {"taxon": "Anolis ferreus", "scientificName": "Anolis ferreus (Cope, 1864)", "date": "1961-09-11", "basis": "PRESERVED_SPECIMEN", "dataset": null, "gbifID": "476742057"}}, {"type": "Feature", "geometry": {"type": "Point", "coordinates": [-61.23333, 15.95]}, "properties": {"taxon": "Anolis ferreus", "scientificName": "Anolis ferreus (Cope, 1864)", "date": "1961-09-11", "basis": "PRESERVED_SPECIMEN", "dataset": null, "gbifID": "476742058"}}, {"type": "Feature", "geometry": {"type": "Point", "coordinates": [-61.23333, 15.95]}, "properties": {"taxon": "Anolis ferreus", "scientificName": "Anolis ferreus (Cope, 1864)", "date": "1961-09-11", "basis": "PRESERVED_SPECIMEN", "dataset": null, "gbifID": "476742059"}}, {"type": "Feature", "geometry": {"type": "Point", "coordinates": [-61.23333, 15.95]}, "properties": {"taxon": "Anolis ferreus", "scientificName": "Anolis ferreus (Cope, 1864)", "date": "1961-09-11", "basis": "PRESERVED_SPECIMEN", "dataset": null, "gbifID": "476742060"}}, {"type": "Feature", "geometry": {"type": "Point", "coordinates": [-61.23333, 15.95]}, "properties": {"taxon": "Anolis ferreus", "scientificName": "Anolis ferreus (Cope, 1864)", "date": "1961-09-11", "basis": "PRESERVED_SPECIMEN", "dataset": null, "gbifID": "476742061"}}, {"type": "Feature", "geometry": {"type": "Point", "coordinates": [-61.23333, 15.95]}, "properties": {"taxon": "Anolis ferreus", "scientificName": "Anolis ferreus (Cope, 1864)", "date": "1961-09-11", "basis": "PRESERVED_SPECIMEN", "dataset": null, "gbifID": "476742062"}}, {"type": "Feature", "geometry": {"type": "Point", "coordinates": [-61.23333, 15.95]}, "properties": {"taxon": "Anolis ferreus", "scientificName": "Anolis ferreus (Cope, 1864)", "date": "1961-09-11", "basis": "PRESERVED_SPECIMEN", "dataset": null, "gbifID": "476742063"}}, {"type": "Feature", "geometry": {"type": "Point", "coordinates": [-61.23333, 15.95]}, "properties": {"taxon": "Anolis ferreus", "scientificName": "Anolis ferreus (Cope, 1864)", "date": "1961-09-11", "basis": "PRESERVED_SPECIMEN", "dataset": null, "gbifID": "476742064"}}, {"type": "Feature", "geometry": {"type": "Point", "coordinates": [-61.31099, 15.89269]}, "properties": {"taxon": "Anolis ferreus", "scientificName": "Anolis ferreus (Cope, 1864)", "date": "1961-09-11", "basis": "PRESERVED_SPECIMEN", "dataset": null, "gbifID": "476742898"}}, {"type": "Feature", "geometry": {"type": "Point", "coordinates": [-61.2995, 15.99094]}, "properties": {"taxon": "Anolis ferreus", "scientificName": "Anolis ferreus (Cope, 1864)", "date": "1961-09-11", "basis": "PRESERVED_SPECIMEN", "dataset": null, "gbifID": "476742899"}}, {"type": "Feature", "geometry": {"type": "Point", "coordinates": [-61.2995, 15.99094]}, "properties": {"taxon": "Anolis ferreus", "scientificName": "Anolis ferreus (Cope, 1864)", "date": "1961-09-11", "basis": "PRESERVED_SPECIMEN", "dataset": null, "gbifID": "476742900"}}, {"type": "Feature", "geometry": {"type": "Point", "coordinates": [-61.2995, 15.99094]}, "properties": {"taxon": "Anolis ferreus", "scientificName": "Anolis ferreus (Cope, 1864)", "date": "1961-09-11", "basis": "PRESERVED_SPECIMEN", "dataset": null, "gbifID": "476742901"}}, {"type": "Feature", "geometry": {"type": "Point", "coordinates": [-61.2995, 15.99094]}, "properties": {"taxon": "Anolis ferreus", "scientificName": "Anolis ferreus (Cope, 1864)", "date": "1961-09-11", "basis": "PRESERVED_SPECIMEN", "dataset": null, "gbifID": "476742902"}}, {"type": "Feature", "geometry": {"type": "Point", "coordinates": [-61.27602, 15.98538]}, "properties": {"taxon": "Anolis ferreus", "scientificName": "Anolis ferreus (Cope, 1864)", "date": "1961-09-12", "basis": "PRESERVED_SPECIMEN", "dataset": null, "gbifID": "476742903"}}, {"type": "Feature", "geometry": {"type": "Point", "coordinates": [-61.27602, 15.98538]}, "properties": {"taxon": "Anolis ferreus", "scientificName": "Anolis ferreus (Cope, 1864)", "date": "1961-09-12", "basis": "PRESERVED_SPECIMEN", "dataset": null, "gbifID": "476743013"}}, {"type": "Feature", "geometry": {"type": "Point", "coordinates": [-61.27602, 15.98538]}, "properties": {"taxon": "Anolis ferreus", "scientificName": "Anolis ferreus (Cope, 1864)", "date": "1961-09-12", "basis": "PRESERVED_SPECIMEN", "dataset": null, "gbifID": "476743014"}}, {"type": "Feature", "geometry": {"type": "Point", "coordinates": [-61.27602, 15.98538]}, "properties": {"taxon": "Anolis ferreus", "scientificName": "Anolis ferreus (Cope, 1864)", "date": "1961-09-12", "basis": "PRESERVED_SPECIMEN", "dataset": null, "gbifID": "476743015"}}, {"type": "Feature", "geometry": {"type": "Point", "coordinates": [-61.27602, 15.98538]}, "properties": {"taxon": "Anolis ferreus", "scientificName": "Anolis ferreus (Cope, 1864)", "date": "1961-09-12", "basis": "PRESERVED_SPECIMEN", "dataset": null, "gbifID": "476743016"}}, {"type": "Feature", "geometry": {"type": "Point", "coordinates": [-61.27602, 15.98538]}, "properties": {"taxon": "Anolis ferreus", "scientificName": "Anolis ferreus (Cope, 1864)", "date": "1961-09-12", "basis": "PRESERVED_SPECIMEN", "dataset": null, "gbifID": "476743017"}}, {"type": "Feature", "geometry": {"type": "Point", "coordinates": [-61.30415, 15.95716]}, "properties": {"taxon": "Anolis ferreus", "scientificName": "Anolis ferreus (Cope, 1864)", "date": "1961-09-12", "basis": "PRESERVED_SPECIMEN", "dataset": null, "gbifID": "476743018"}}, {"type": "Feature", "geometry": {"type": "Point", "coordinates": [-61.30415, 15.95716]}, "properties": {"taxon": "Anolis ferreus", "scientificName": "Anolis ferreus (Cope, 1864)", "date": "1961-09-12", "basis": "PRESERVED_SPECIMEN", "dataset": null, "gbifID": "476743019"}}, {"type": "Feature", "geometry": {"type": "Point", "coordinates": [-61.30415, 15.95716]}, "properties": {"taxon": "Anolis ferreus", "scientificName": "Anolis ferreus (Cope, 1864)", "date": "1961-09-12", "basis": "PRESERVED_SPECIMEN", "dataset": null, "gbifID": "476743020"}}, {"type": "Feature", "geometry": {"type": "Point", "coordinates": [-61.30415, 15.95716]}, "properties": {"taxon": "Anolis ferreus", "scientificName": "Anolis ferreus (Cope, 1864)", "date": "1961-09-12", "basis": "PRESERVED_SPECIMEN", "dataset": null, "gbifID": "476743124"}}, {"type": "Feature", "geometry": {"type": "Point", "coordinates": [-61.30415, 15.95716]}, "properties": {"taxon": "Anolis ferreus", "scientificName": "Anolis ferreus (Cope, 1864)", "date": "1961-09-12", "basis": "PRESERVED_SPECIMEN", "dataset": null, "gbifID": "476743125"}}, {"type": "Feature", "geometry": {"type": "Point", "coordinates": [-61.27952, 15.86661]}, "properties": {"taxon": "Anolis ferreus", "scientificName": "Anolis ferreus (Cope, 1864)", "date": "1961-09-12", "basis": "PRESERVED_SPECIMEN", "dataset": null, "gbifID": "476743126"}}, {"type": "Feature", "geometry": {"type": "Point", "coordinates": [-61.27952, 15.86661]}, "properties": {"taxon": "Anolis ferreus", "scientificName": "Anolis ferreus (Cope, 1864)", "date": "1961-09-12", "basis": "PRESERVED_SPECIMEN", "dataset": null, "gbifID": "476743127"}}, {"type": "Feature", "geometry": {"type": "Point", "coordinates": [-61.27952, 15.86661]}, "properties": {"taxon": "Anolis ferreus", "scientificName": "Anolis ferreus (Cope, 1864)", "date": "1961-09-12", "basis": "PRESERVED_SPECIMEN", "dataset": null, "gbifID": "476743128"}}, {"type": "Feature", "geometry": {"type": "Point", "coordinates": [-61.27952, 15.86661]}, "properties": {"taxon": "Anolis ferreus", "scientificName": "Anolis ferreus (Cope, 1864)", "date": "1961-09-12", "basis": "PRESERVED_SPECIMEN", "dataset": null, "gbifID": "476743129"}}, {"type": "Feature", "geometry": {"type": "Point", "coordinates": [-61.27952, 15.86661]}, "properties": {"taxon": "Anolis ferreus", "scientificName": "Anolis ferreus (Cope, 1864)", "date": "1961-09-12", "basis": "PRESERVED_SPECIMEN", "dataset": null, "gbifID": "476743130"}}, {"type": "Feature", "geometry": {"type": "Point", "coordinates": [-61.31099, 15.89269]}, "properties": {"taxon": "Anolis ferreus", "scientificName": "Anolis ferreus (Cope, 1864)", "date": "1961-09-11", "basis": "PRESERVED_SPECIMEN", "dataset": null, "gbifID": "476796139"}}, {"type": "Feature", "geometry": {"type": "Point", "coordinates": [-61.2995, 15.99094]}, "properties": {"taxon": "Anolis ferreus", "scientificName": "Anolis ferreus (Cope, 1864)", "date": "1961-09-11", "basis": "PRESERVED_SPECIMEN", "dataset": null, "gbifID": "476797787"}}, {"type": "Feature", "geometry": {"type": "Point", "coordinates": [-61.31382, 15.95492]}, "properties": {"taxon": "Anolis ferreus", "scientificName": "Anolis ferreus (Cope, 1864)", "date": "1960-05-01", "basis": "PRESERVED_SPECIMEN", "dataset": null, "gbifID": "476500542"}}, {"type": "Feature", "geometry": {"type": "Point", "coordinates": [-61.31382, 15.95492]}, "properties": {"taxon": "Anolis ferreus", "scientificName": "Anolis ferreus (Cope, 1864)", "date": "1960-05-01", "basis": "PRESERVED_SPECIMEN", "dataset": null, "gbifID": "476500543"}}, {"type": "Feature", "geometry": {"type": "Point", "coordinates": [-61.31382, 15.95492]}, "properties": {"taxon": "Anolis ferreus", "scientificName": "Anolis ferreus (Cope, 1864)", "date": "1960-05-01", "basis": "PRESERVED_SPECIMEN", "dataset": null, "gbifID": "476717632"}}, {"type": "Feature", "geometry": {"type": "Point", "coordinates": [-61.31382, 15.95492]}, "properties": {"taxon": "Anolis ferreus", "scientificName": "Anolis ferreus (Cope, 1864)", "date": "1960-05-01", "basis": "PRESERVED_SPECIMEN", "dataset": null, "gbifID": "476717633"}}, {"type": "Feature", "geometry": {"type": "Point", "coordinates": [-61.31382, 15.95492]}, "properties": {"taxon": "Anolis ferreus", "scientificName": "Anolis ferreus (Cope, 1864)", "date": "1960-05-01", "basis": "PRESERVED_SPECIMEN", "dataset": null, "gbifID": "476717634"}}, {"type": "Feature", "geometry": {"type": "Point", "coordinates": [-61.31382, 15.95492]}, "properties": {"taxon": "Anolis ferreus", "scientificName": "Anolis ferreus (Cope, 1864)", "date": "1960-05-01", "basis": "PRESERVED_SPECIMEN", "dataset": null, "gbifID": "476717635"}}, {"type": "Feature", "geometry": {"type": "Point", "coordinates": [-61.31382, 15.95492]}, "properties": {"taxon": "Anolis ferreus", "scientificName": "Anolis ferreus (Cope, 1864)", "date": "1960-05-01", "basis": "PRESERVED_SPECIMEN", "dataset": null, "gbifID": "476717736"}}, {"type": "Feature", "geometry": {"type": "Point", "coordinates": [-61.31382, 15.95492]}, "properties": {"taxon": "Anolis ferreus", "scientificName": "Anolis ferreus (Cope, 1864)", "date": "1960-05-01", "basis": "PRESERVED_SPECIMEN", "dataset": null, "gbifID": "476717737"}}, {"type": "Feature", "geometry": {"type": "Point", "coordinates": [-61.31382, 15.95492]}, "properties": {"taxon": "Anolis ferreus", "scientificName": "Anolis ferreus (Cope, 1864)", "date": "1960-05-01", "basis": "PRESERVED_SPECIMEN", "dataset": null, "gbifID": "476717738"}}, {"type": "Feature", "geometry": {"type": "Point", "coordinates": [-61.31382, 15.95492]}, "properties": {"taxon": "Anolis ferreus", "scientificName": "Anolis ferreus (Cope, 1864)", "date": "1960-05-01", "basis": "PRESERVED_SPECIMEN", "dataset": null, "gbifID": "476717739"}}, {"type": "Feature", "geometry": {"type": "Point", "coordinates": [-61.29793, 15.93679]}, "properties": {"taxon": "Anolis ferreus", "scientificName": "Anolis ferreus (Cope, 1864)", "date": "1960-05-31", "basis": "PRESERVED_SPECIMEN", "dataset": null, "gbifID": "476717740"}}, {"type": "Feature", "geometry": {"type": "Point", "coordinates": [-61.31382, 15.95492]}, "properties": {"taxon": "Anolis ferreus", "scientificName": "Anolis ferreus (Cope, 1864)", "date": "1959-12-01", "basis": "PRESERVED_SPECIMEN", "dataset": null, "gbifID": "476668115"}}, {"type": "Feature", "geometry": {"type": "Point", "coordinates": [-61.31382, 15.95492]}, "properties": {"taxon": "Anolis ferreus", "scientificName": "Anolis ferreus (Cope, 1864)", "date": "1959-12-01", "basis": "PRESERVED_SPECIMEN", "dataset": null, "gbifID": "476668116"}}, {"type": "Feature", "geometry": {"type": "Point", "coordinates": [-61.31382, 15.95492]}, "properties": {"taxon": "Anolis ferreus", "scientificName": "Anolis ferreus (Cope, 1864)", "date": "1959-12-01", "basis": "PRESERVED_SPECIMEN", "dataset": null, "gbifID": "476668117"}}, {"type": "Feature", "geometry": {"type": "Point", "coordinates": [-61.2667, 15.9333]}, "properties": {"taxon": "Anolis ferreus", "scientificName": "Anolis ferreus (Cope, 1864)", "date": "1929-02-24", "basis": "PRESERVED_SPECIMEN", "dataset": null, "gbifID": "476655162"}}, {"type": "Feature", "geometry": {"type": "Point", "coordinates": [-61.2667, 15.9333]}, "properties": {"taxon": "Anolis ferreus", "scientificName": "Anolis ferreus (Cope, 1864)", "date": "1929-02-24", "basis": "PRESERVED_SPECIMEN", "dataset": null, "gbifID": "476672458"}}, {"type": "Feature", "geometry": {"type": "Point", "coordinates": [-61.275486, 15.922864]}, "properties": {"taxon": "Anolis ferreus", "scientificName": "Anolis ferreus (Cope, 1864)", "date": "1886-03", "basis": "PRESERVED_SPECIMEN", "dataset": null, "gbifID": "543625075"}}, {"type": "Feature", "geometry": {"type": "Point", "coordinates": [-61.275486, 15.922864]}, "properties": {"taxon": "Anolis ferreus", "scientificName": "Anolis ferreus (Cope, 1864)", "date": "1886-03", "basis": "PRESERVED_SPECIMEN", "dataset": null, "gbifID": "543625076"}}, {"type": "Feature", "geometry": {"type": "Point", "coordinates": [-61.275486, 15.922864]}, "properties": {"taxon": "Anolis ferreus", "scientificName": "Anolis ferreus (Cope, 1864)", "date": "1886-03", "basis": "PRESERVED_SPECIMEN", "dataset": null, "gbifID": "543625078"}}, {"type": "Feature", "geometry": {"type": "Point", "coordinates": [-61.26916, 15.93724]}, "properties": {"taxon": "Anolis ferreus", "scientificName": "Anolis marmoratus ferreus Cope, 1864", "date": null, "basis": "PRESERVED_SPECIMEN", "dataset": null, "gbifID": "476486589"}}, {"type": "Feature", "geometry": {"type": "Point", "coordinates": [-61.26636, 15.9333]}, "properties": {"taxon": "Anolis ferreus", "scientificName": "Anolis ferreus (Cope, 1864)", "date": null, "basis": "PRESERVED_SPECIMEN", "dataset": null, "gbifID": "476500481"}}, {"type": "Feature", "geometry": {"type": "Point", "coordinates": [-61.26916, 15.93724]}, "properties": {"taxon": "Anolis ferreus", "scientificName": "Anolis marmoratus ferreus Cope, 1864", "date": null, "basis": "PRESERVED_SPECIMEN", "dataset": null, "gbifID": "476623891"}}, {"type": "Feature", "geometry": {"type": "Point", "coordinates": [-61.26916, 15.93724]}, "properties": {"taxon": "Anolis ferreus", "scientificName": "Anolis marmoratus ferreus Cope, 1864", "date": null, "basis": "PRESERVED_SPECIMEN", "dataset": null, "gbifID": "476627098"}}, {"type": "Feature", "geometry": {"type": "Point", "coordinates": [-61.26916, 15.93724]}, "properties": {"taxon": "Anolis ferreus", "scientificName": "Anolis marmoratus ferreus Cope, 1864", "date": null, "basis": "PRESERVED_SPECIMEN", "dataset": null, "gbifID": "476627099"}}, {"type": "Feature", "geometry": {"type": "Point", "coordinates": [-61.26636, 15.9333]}, "properties": {"taxon": "Anolis ferreus", "scientificName": "Anolis ferreus (Cope, 1864)", "date": null, "basis": "PRESERVED_SPECIMEN", "dataset": null, "gbifID": "476637040"}}, {"type": "Feature", "geometry": {"type": "Point", "coordinates": [-61.26636, 15.9333]}, "properties": {"taxon": "Anolis ferreus", "scientificName": "Anolis ferreus (Cope, 1864)", "date": null, "basis": "PRESERVED_SPECIMEN", "dataset": null, "gbifID": "476718249"}}, {"type": "Feature", "geometry": {"type": "Point", "coordinates": [-61.26636, 15.9333]}, "properties": {"taxon": "Anolis ferreus", "scientificName": "Anolis ferreus (Cope, 1864)", "date": null, "basis": "PRESERVED_SPECIMEN", "dataset": null, "gbifID": "476718250"}}, {"type": "Feature", "geometry": {"type": "Point", "coordinates": [-61.26636, 15.9333]}, "properties": {"taxon": "Anolis ferreus", "scientificName": "Anolis ferreus (Cope, 1864)", "date": null, "basis": "PRESERVED_SPECIMEN", "dataset": null, "gbifID": "476718251"}}, {"type": "Feature", "geometry": {"type": "Point", "coordinates": [-61.26636, 15.9333]}, "properties": {"taxon": "Anolis ferreus", "scientificName": "Anolis ferreus (Cope, 1864)", "date": null, "basis": "PRESERVED_SPECIMEN", "dataset": null, "gbifID": "476718252"}}, {"type": "Feature", "geometry": {"type": "Point", "coordinates": [-61.26636, 15.9333]}, "properties": {"taxon": "Anolis ferreus", "scientificName": "Anolis ferreus (Cope, 1864)", "date": null, "basis": "PRESERVED_SPECIMEN", "dataset": null, "gbifID": "476718253"}}, {"type": "Feature", "geometry": {"type": "Point", "coordinates": [-61.26636, 15.9333]}, "properties": {"taxon": "Anolis ferreus", "scientificName": "Anolis ferreus (Cope, 1864)", "date": null, "basis": "PRESERVED_SPECIMEN", "dataset": null, "gbifID": "476718254"}}, {"type": "Feature", "geometry": {"type": "Point", "coordinates": [-61.26636, 15.9333]}, "properties": {"taxon": "Anolis ferreus", "scientificName": "Anolis ferreus (Cope, 1864)", "date": null, "basis": "PRESERVED_SPECIMEN", "dataset": null, "gbifID": "476718357"}}, {"type": "Feature", "geometry": {"type": "Point", "coordinates": [-61.26636, 15.9333]}, "properties": {"taxon": "Anolis ferreus", "scientificName": "Anolis ferreus (Cope, 1864)", "date": null, "basis": "PRESERVED_SPECIMEN", "dataset": null, "gbifID": "476718358"}}, {"type": "Feature", "geometry": {"type": "Point", "coordinates": [-61.26636, 15.9333]}, "properties": {"taxon": "Anolis ferreus", "scientificName": "Anolis ferreus (Cope, 1864)", "date": null, "basis": "PRESERVED_SPECIMEN", "dataset": null, "gbifID": "476718359"}}, {"type": "Feature", "geometry": {"type": "Point", "coordinates": [-61.26636, 15.9333]}, "properties": {"taxon": "Anolis ferreus", "scientificName": "Anolis ferreus (Cope, 1864)", "date": null, "basis": "PRESERVED_SPECIMEN", "dataset": null, "gbifID": "476788885"}}, {"type": "Feature", "geometry": {"type": "Point", "coordinates": [-61.26636, 15.9333]}, "properties": {"taxon": "Anolis ferreus", "scientificName": "Anolis ferreus (Cope, 1864)", "date": null, "basis": "PRESERVED_SPECIMEN", "dataset": null, "gbifID": "476788886"}}, {"type": "Feature", "geometry": {"type": "Point", "coordinates": [-61.28921, 16.00222]}, "properties": {"taxon": "Anolis ferreus", "scientificName": "Ctenonotus ferreus (Cope, 1864)", "date": null, "basis": "HUMAN_OBSERVATION", "dataset": null, "gbifID": "3491507592"}}, {"type": "Feature", "geometry": {"type": "Point", "coordinates": [-61.53977, 16.19759]}, "properties": {"taxon": "Anolis ferreus", "scientificName": "Ctenonotus ferreus (Cope, 1864)", "date": null, "basis": "HUMAN_OBSERVATION", "dataset": null, "gbifID": "3846992497"}}, {"type": "Feature", "geometry": {"type": "Point", "coordinates": [-61.53977, 16.19759]}, "properties": {"taxon": "Anolis ferreus", "scientificName": "Ctenonotus ferreus (Cope, 1864)", "date": null, "basis": "HUMAN_OBSERVATION", "dataset": null, "gbifID": "3935132345"}}, {"type": "Feature", "geometry": {"type": "Point", "coordinates": [-61.5398, 16.19761]}, "properties": {"taxon": "Anolis ferreus", "scientificName": "Ctenonotus ferreus (Cope, 1864)", "date": null, "basis": "HUMAN_OBSERVATION", "dataset": null, "gbifID": "4547963712"}}, {"type": "Feature", "geometry": {"type": "Point", "coordinates": [-61.575177, 15.874112]}, "properties": {"taxon": "Anolis terraealtae", "scientificName": "Anolis terraealtae Barbour, 1915", "date": "2026-01-17", "basis": "HUMAN_OBSERVATION", "dataset": "iNaturalist research-grade observations", "gbifID": "6129843623"}}, {"type": "Feature", "geometry": {"type": "Point", "coordinates": [-61.575588, 15.874207]}, "properties": {"taxon": "Anolis terraealtae", "scientificName": "Anolis terraealtae Barbour, 1915", "date": "2026-01-17", "basis": "HUMAN_OBSERVATION", "dataset": "iNaturalist research-grade observations", "gbifID": "6130413748"}}, {"type": "Feature", "geometry": {"type": "Point", "coordinates": [-61.575756, 15.871145]}, "properties": {"taxon": "Anolis terraealtae", "scientificName": "Anolis terraealtae Barbour, 1915", "date": "2026-01-12", "basis": "HUMAN_OBSERVATION", "dataset": "iNaturalist research-grade observations", "gbifID": "6133401182"}}, {"type": "Feature", "geometry": {"type": "Point", "coordinates": [-61.573161, 15.875897]}, "properties": {"taxon": "Anolis terraealtae", "scientificName": "Anolis terraealtae Barbour, 1915", "date": "2026-01-17", "basis": "HUMAN_OBSERVATION", "dataset": "iNaturalist research-grade observations", "gbifID": "6178397198"}}, {"type": "Feature", "geometry": {"type": "Point", "coordinates": [-61.573161, 15.875897]}, "properties": {"taxon": "Anolis terraealtae", "scientificName": "Anolis terraealtae Barbour, 1915", "date": "2026-01-17", "basis": "HUMAN_OBSERVATION", "dataset": "iNaturalist research-grade observations", "gbifID": "6179122382"}}, {"type": "Feature", "geometry": {"type": "Point", "coordinates": [-61.591834, 15.858119]}, "properties": {"taxon": "Anolis terraealtae", "scientificName": "Anolis terraealtae Barbour, 1915", "date": "2026-03-14", "basis": "HUMAN_OBSERVATION", "dataset": "iNaturalist research-grade observations", "gbifID": "6178366262"}}, {"type": "Feature", "geometry": {"type": "Point", "coordinates": [-61.594974, 15.857902]}, "properties": {"taxon": "Anolis terraealtae", "scientificName": "Anolis terraealtae Barbour, 1915", "date": "2026-03-14", "basis": "HUMAN_OBSERVATION", "dataset": "iNaturalist research-grade observations", "gbifID": "6178430986"}}, {"type": "Feature", "geometry": {"type": "Point", "coordinates": [-61.602425, 15.857911]}, "properties": {"taxon": "Anolis terraealtae", "scientificName": "Anolis terraealtae Barbour, 1915", "date": "2026-03-05", "basis": "HUMAN_OBSERVATION", "dataset": "iNaturalist research-grade observations", "gbifID": "6178544938"}}, {"type": "Feature", "geometry": {"type": "Point", "coordinates": [-61.602228, 15.857704]}, "properties": {"taxon": "Anolis terraealtae", "scientificName": "Anolis terraealtae Barbour, 1915", "date": "2026-03-05", "basis": "HUMAN_OBSERVATION", "dataset": "iNaturalist research-grade observations", "gbifID": "6178742663"}}, {"type": "Feature", "geometry": {"type": "Point", "coordinates": [-61.595363, 15.858113]}, "properties": {"taxon": "Anolis terraealtae", "scientificName": "Anolis terraealtae Barbour, 1915", "date": "2026-03-14", "basis": "HUMAN_OBSERVATION", "dataset": "iNaturalist research-grade observations", "gbifID": "6179114882"}}, {"type": "Feature", "geometry": {"type": "Point", "coordinates": [-61.593083, 15.858626]}, "properties": {"taxon": "Anolis terraealtae", "scientificName": "Anolis terraealtae Barbour, 1915", "date": "2026-03-14", "basis": "HUMAN_OBSERVATION", "dataset": "iNaturalist research-grade observations", "gbifID": "6179171015"}}, {"type": "Feature", "geometry": {"type": "Point", "coordinates": [-61.594983, 15.857992]}, "properties": {"taxon": "Anolis terraealtae", "scientificName": "Anolis terraealtae Barbour, 1915", "date": "2026-03-14", "basis": "HUMAN_OBSERVATION", "dataset": "iNaturalist research-grade observations", "gbifID": "6179197030"}}, {"type": "Feature", "geometry": {"type": "Point", "coordinates": [-61.595007, 15.858082]}, "properties": {"taxon": "Anolis terraealtae", "scientificName": "Anolis terraealtae Barbour, 1915", "date": "2026-03-14", "basis": "HUMAN_OBSERVATION", "dataset": "iNaturalist research-grade observations", "gbifID": "6179285310"}}, {"type": "Feature", "geometry": {"type": "Point", "coordinates": [-61.598883, 15.863213]}, "properties": {"taxon": "Anolis terraealtae", "scientificName": "Anolis terraealtae Barbour, 1915", "date": "2026-03-14", "basis": "HUMAN_OBSERVATION", "dataset": "iNaturalist research-grade observations", "gbifID": "6179339328"}}, {"type": "Feature", "geometry": {"type": "Point", "coordinates": [-61.592251, 15.862478]}, "properties": {"taxon": "Anolis terraealtae", "scientificName": "Anolis terraealtae Barbour, 1915", "date": "2026-03-14", "basis": "HUMAN_OBSERVATION", "dataset": "iNaturalist research-grade observations", "gbifID": "6179416336"}}, {"type": "Feature", "geometry": {"type": "Point", "coordinates": [-61.594117, 15.860237]}, "properties": {"taxon": "Anolis terraealtae", "scientificName": "Anolis terraealtae Barbour, 1915", "date": "2026-03-14", "basis": "HUMAN_OBSERVATION", "dataset": "iNaturalist research-grade observations", "gbifID": "6179440221"}}, {"type": "Feature", "geometry": {"type": "Point", "coordinates": [-61.592099, 15.862388]}, "properties": {"taxon": "Anolis terraealtae", "scientificName": "Anolis terraealtae Barbour, 1915", "date": "2026-03-14", "basis": "HUMAN_OBSERVATION", "dataset": "iNaturalist research-grade observations", "gbifID": "6179486805"}}, {"type": "Feature", "geometry": {"type": "Point", "coordinates": [-61.594983, 15.857992]}, "properties": {"taxon": "Anolis terraealtae", "scientificName": "Anolis terraealtae Barbour, 1915", "date": "2026-03-14", "basis": "HUMAN_OBSERVATION", "dataset": "iNaturalist research-grade observations", "gbifID": "6179536025"}}, {"type": "Feature", "geometry": {"type": "Point", "coordinates": [-61.594974, 15.857902]}, "properties": {"taxon": "Anolis terraealtae", "scientificName": "Anolis terraealtae Barbour, 1915", "date": "2026-03-14", "basis": "HUMAN_OBSERVATION", "dataset": "iNaturalist research-grade observations", "gbifID": "6179551118"}}, {"type": "Feature", "geometry": {"type": "Point", "coordinates": [-61.598787, 15.863128]}, "properties": {"taxon": "Anolis terraealtae", "scientificName": "Anolis terraealtae Barbour, 1915", "date": "2026-03-14", "basis": "HUMAN_OBSERVATION", "dataset": "iNaturalist research-grade observations", "gbifID": "6179555482"}}, {"type": "Feature", "geometry": {"type": "Point", "coordinates": [-61.591834, 15.858119]}, "properties": {"taxon": "Anolis terraealtae", "scientificName": "Anolis terraealtae Barbour, 1915", "date": "2026-03-14", "basis": "HUMAN_OBSERVATION", "dataset": "iNaturalist research-grade observations", "gbifID": "6184914424"}}, {"type": "Feature", "geometry": {"type": "Point", "coordinates": [-61.594225, 15.86108]}, "properties": {"taxon": "Anolis terraealtae", "scientificName": "Anolis terraealtae Barbour, 1915", "date": "2026-03-14", "basis": "HUMAN_OBSERVATION", "dataset": "iNaturalist research-grade observations", "gbifID": "6184987249"}}, {"type": "Feature", "geometry": {"type": "Point", "coordinates": [-61.627369, 15.859019]}, "properties": {"taxon": "Anolis terraealtae", "scientificName": "Anolis terraealtae Barbour, 1915", "date": "2026-03-15", "basis": "HUMAN_OBSERVATION", "dataset": "iNaturalist research-grade observations", "gbifID": "6185077552"}}, {"type": "Feature", "geometry": {"type": "Point", "coordinates": [-61.59222, 15.862449]}, "properties": {"taxon": "Anolis terraealtae", "scientificName": "Anolis terraealtae Barbour, 1915", "date": "2026-03-14", "basis": "HUMAN_OBSERVATION", "dataset": "iNaturalist research-grade observations", "gbifID": "6185128324"}}, {"type": "Feature", "geometry": {"type": "Point", "coordinates": [-61.593615, 15.862074]}, "properties": {"taxon": "Anolis terraealtae", "scientificName": "Anolis terraealtae Barbour, 1915", "date": "2026-03-14", "basis": "HUMAN_OBSERVATION", "dataset": "iNaturalist research-grade observations", "gbifID": "6185416914"}}, {"type": "Feature", "geometry": {"type": "Point", "coordinates": [-61.593301, 15.862297]}, "properties": {"taxon": "Anolis terraealtae", "scientificName": "Anolis terraealtae Barbour, 1915", "date": "2026-03-14", "basis": "HUMAN_OBSERVATION", "dataset": "iNaturalist research-grade observations", "gbifID": "6185609656"}}, {"type": "Feature", "geometry": {"type": "Point", "coordinates": [-61.59878, 15.863618]}, "properties": {"taxon": "Anolis terraealtae", "scientificName": "Anolis terraealtae Barbour, 1915", "date": "2026-05-16", "basis": "HUMAN_OBSERVATION", "dataset": "iNaturalist research-grade observations", "gbifID": "6413598070"}}, {"type": "Feature", "geometry": {"type": "Point", "coordinates": [-61.571918, 15.877085]}, "properties": {"taxon": "Anolis terraealtae", "scientificName": "Anolis terraealtae Barbour, 1915", "date": "2026-06-19", "basis": "HUMAN_OBSERVATION", "dataset": "iNaturalist research-grade observations", "gbifID": "6413751867"}}, {"type": "Feature", "geometry": {"type": "Point", "coordinates": [-61.62341, 15.864177]}, "properties": {"taxon": "Anolis terraealtae", "scientificName": "Anolis terraealtae Barbour, 1915", "date": "2026-06-18", "basis": "HUMAN_OBSERVATION", "dataset": "iNaturalist research-grade observations", "gbifID": "6413886691"}}, {"type": "Feature", "geometry": {"type": "Point", "coordinates": [-61.635717, 15.865233]}, "properties": {"taxon": "Anolis terraealtae", "scientificName": "Anolis terraealtae Barbour, 1915", "date": "2026-06-18", "basis": "HUMAN_OBSERVATION", "dataset": "iNaturalist research-grade observations", "gbifID": "6431927638"}}, {"type": "Feature", "geometry": {"type": "Point", "coordinates": [-61.62647, 15.855357]}, "properties": {"taxon": "Anolis terraealtae", "scientificName": "Anolis terraealtae Barbour, 1915", "date": "2026-07-05", "basis": "HUMAN_OBSERVATION", "dataset": "iNaturalist research-grade observations", "gbifID": "6431765911"}}, {"type": "Feature", "geometry": {"type": "Point", "coordinates": [-61.598263, 15.861425]}, "properties": {"taxon": "Anolis terraealtae", "scientificName": "Anolis terraealtae Barbour, 1915", "date": "2026-08-12", "basis": "HUMAN_OBSERVATION", "dataset": "iNaturalist research-grade observations", "gbifID": "6498672471"}}, {"type": "Feature", "geometry": {"type": "Point", "coordinates": [-61.589539, 15.863456]}, "properties": {"taxon": "Anolis terraealtae", "scientificName": "Anolis terraealtae Barbour, 1915", "date": "2025-01-03", "basis": "HUMAN_OBSERVATION", "dataset": "iNaturalist research-grade observations", "gbifID": "6334012755"}}, {"type": "Feature", "geometry": {"type": "Point", "coordinates": [-61.579731, 15.863008]}, "properties": {"taxon": "Anolis terraealtae", "scientificName": "Anolis terraealtae Barbour, 1915", "date": "2025-01-03", "basis": "HUMAN_OBSERVATION", "dataset": "iNaturalist research-grade observations", "gbifID": "6334345643"}}, {"type": "Feature", "geometry": {"type": "Point", "coordinates": [-61.595769, 15.862081]}, "properties": {"taxon": "Anolis terraealtae", "scientificName": "Anolis terraealtae Barbour, 1915", "date": "2025-01-03", "basis": "HUMAN_OBSERVATION", "dataset": "iNaturalist research-grade observations", "gbifID": "6334541619"}}, {"type": "Feature", "geometry": {"type": "Point", "coordinates": [-61.58165, 15.875873]}, "properties": {"taxon": "Anolis terraealtae", "scientificName": "Anolis terraealtae Barbour, 1915", "date": "2025-03-01", "basis": "HUMAN_OBSERVATION", "dataset": "iNaturalist research-grade observations", "gbifID": "5892793202"}}, {"type": "Feature", "geometry": {"type": "Point", "coordinates": [-61.695635, 15.875455]}, "properties": {"taxon": "Anolis terraealtae", "scientificName": "Anolis terraealtae Barbour, 1915", "date": "2025-05-24", "basis": "HUMAN_OBSERVATION", "dataset": "iNaturalist research-grade observations", "gbifID": "5167324671"}}, {"type": "Feature", "geometry": {"type": "Point", "coordinates": [-61.605588, 15.806693]}, "properties": {"taxon": "Anolis terraealtae", "scientificName": "Anolis terraealtae Barbour, 1915", "date": "2025-05-23", "basis": "HUMAN_OBSERVATION", "dataset": "iNaturalist research-grade observations", "gbifID": "5168372303"}}, {"type": "Feature", "geometry": {"type": "Point", "coordinates": [-61.607065, 15.860057]}, "properties": {"taxon": "Anolis terraealtae", "scientificName": "Anolis terraealtae Barbour, 1915", "date": "2025-07-04", "basis": "HUMAN_OBSERVATION", "dataset": "iNaturalist research-grade observations", "gbifID": "6179367319"}}, {"type": "Feature", "geometry": {"type": "Point", "coordinates": [-61.573056, 15.875925]}, "properties": {"taxon": "Anolis terraealtae", "scientificName": "Anolis terraealtae Barbour, 1915", "date": "2025-08-26", "basis": "HUMAN_OBSERVATION", "dataset": "iNaturalist research-grade observations", "gbifID": "6179368979"}}, {"type": "Feature", "geometry": {"type": "Point", "coordinates": [-61.598195, 15.861457]}, "properties": {"taxon": "Anolis terraealtae", "scientificName": "Anolis terraealtae Barbour, 1915", "date": "2025-11-21", "basis": "HUMAN_OBSERVATION", "dataset": "iNaturalist research-grade observations", "gbifID": "6185872114"}}, {"type": "Feature", "geometry": {"type": "Point", "coordinates": [-61.578112, 15.873056]}, "properties": {"taxon": "Anolis terraealtae", "scientificName": "Anolis terraealtae Barbour, 1915", "date": "2025-12-24", "basis": "HUMAN_OBSERVATION", "dataset": "iNaturalist research-grade observations", "gbifID": "6171433408"}}, {"type": "Feature", "geometry": {"type": "Point", "coordinates": [-61.627873, 15.854195]}, "properties": {"taxon": "Anolis terraealtae", "scientificName": "Anolis terraealtae Barbour, 1915", "date": "2024-01-20", "basis": "HUMAN_OBSERVATION", "dataset": "iNaturalist research-grade observations", "gbifID": "4516427973"}}, {"type": "Feature", "geometry": {"type": "Point", "coordinates": [-61.628519, 15.858048]}, "properties": {"taxon": "Anolis terraealtae", "scientificName": "Anolis terraealtae Barbour, 1915", "date": "2024-01-20", "basis": "HUMAN_OBSERVATION", "dataset": "iNaturalist research-grade observations", "gbifID": "4516535915"}}, {"type": "Feature", "geometry": {"type": "Point", "coordinates": [-61.583245, 15.87212]}, "properties": {"taxon": "Anolis terraealtae", "scientificName": "Anolis terraealtae Barbour, 1915", "date": "2024-01-03", "basis": "HUMAN_OBSERVATION", "dataset": "iNaturalist research-grade observations", "gbifID": "4525102456"}}, {"type": "Feature", "geometry": {"type": "Point", "coordinates": [-61.581538, 15.86653]}, "properties": {"taxon": "Anolis terraealtae", "scientificName": "Anolis terraealtae Barbour, 1915", "date": "2024-04-21", "basis": "HUMAN_OBSERVATION", "dataset": "iNaturalist research-grade observations", "gbifID": "4852862779"}}, {"type": "Feature", "geometry": {"type": "Point", "coordinates": [-61.58292, 15.874892]}, "properties": {"taxon": "Anolis terraealtae", "scientificName": "Anolis terraealtae Barbour, 1915", "date": "2024-04-21", "basis": "HUMAN_OBSERVATION", "dataset": "iNaturalist research-grade observations", "gbifID": "4852988603"}}, {"type": "Feature", "geometry": {"type": "Point", "coordinates": [-61.583017, 15.875137]}, "properties": {"taxon": "Anolis terraealtae", "scientificName": "Anolis terraealtae Barbour, 1915", "date": "2024-04-21", "basis": "HUMAN_OBSERVATION", "dataset": "iNaturalist research-grade observations", "gbifID": "6184778124"}}, {"type": "Feature", "geometry": {"type": "Point", "coordinates": [-61.582781, 15.872954]}, "properties": {"taxon": "Anolis terraealtae", "scientificName": "Anolis terraealtae Barbour, 1915", "date": "2024-07-13", "basis": "HUMAN_OBSERVATION", "dataset": "iNaturalist research-grade observations", "gbifID": "4910771866"}}, {"type": "Feature", "geometry": {"type": "Point", "coordinates": [-61.593096, 15.857668]}, "properties": {"taxon": "Anolis terraealtae", "scientificName": "Anolis terraealtae Barbour, 1915", "date": "2024-07-13", "basis": "HUMAN_OBSERVATION", "dataset": "iNaturalist research-grade observations", "gbifID": "4910794684"}}, {"type": "Feature", "geometry": {"type": "Point", "coordinates": [-61.631036, 15.858659]}, "properties": {"taxon": "Anolis terraealtae", "scientificName": "Anolis terraealtae Barbour, 1915", "date": "2024-08-24", "basis": "HUMAN_OBSERVATION", "dataset": "iNaturalist research-grade observations", "gbifID": "4945484342"}}, {"type": "Feature", "geometry": {"type": "Point", "coordinates": [-61.628171, 15.859255]}, "properties": {"taxon": "Anolis terraealtae", "scientificName": "Anolis terraealtae Barbour, 1915", "date": "2024-08-25", "basis": "HUMAN_OBSERVATION", "dataset": "iNaturalist research-grade observations", "gbifID": "4946008325"}}, {"type": "Feature", "geometry": {"type": "Point", "coordinates": [-61.592067, 15.838914]}, "properties": {"taxon": "Anolis terraealtae", "scientificName": "Anolis terraealtae Barbour, 1915", "date": "2024-09-30", "basis": "HUMAN_OBSERVATION", "dataset": "iNaturalist research-grade observations", "gbifID": "4952270622"}}, {"type": "Feature", "geometry": {"type": "Point", "coordinates": [-61.648473, 15.84993]}, "properties": {"taxon": "Anolis terraealtae", "scientificName": "Anolis terraealtae Barbour, 1915", "date": "2024-09-29", "basis": "HUMAN_OBSERVATION", "dataset": "iNaturalist research-grade observations", "gbifID": "4952380424"}}, {"type": "Feature", "geometry": {"type": "Point", "coordinates": [-61.594205, 15.83692]}, "properties": {"taxon": "Anolis terraealtae", "scientificName": "Anolis terraealtae Barbour, 1915", "date": "2024-09-30", "basis": "HUMAN_OBSERVATION", "dataset": "iNaturalist research-grade observations", "gbifID": "4952871743"}}, {"type": "Feature", "geometry": {"type": "Point", "coordinates": [-61.579851, 15.875695]}, "properties": {"taxon": "Anolis terraealtae", "scientificName": "Anolis terraealtae Barbour, 1915", "date": "2024-09-30", "basis": "HUMAN_OBSERVATION", "dataset": "iNaturalist research-grade observations", "gbifID": "4974038167"}}, {"type": "Feature", "geometry": {"type": "Point", "coordinates": [-61.597435, 15.863617]}, "properties": {"taxon": "Anolis terraealtae", "scientificName": "Anolis terraealtae Barbour, 1915", "date": "2023-01-01", "basis": "HUMAN_OBSERVATION", "dataset": "iNaturalist research-grade observations", "gbifID": "4535590700"}}, {"type": "Feature", "geometry": {"type": "Point", "coordinates": [-61.633607, 15.857482]}, "properties": {"taxon": "Anolis terraealtae", "scientificName": "Anolis terraealtae Barbour, 1915", "date": "2023-02-06", "basis": "HUMAN_OBSERVATION", "dataset": "iNaturalist research-grade observations", "gbifID": "4976574167"}}, {"type": "Feature", "geometry": {"type": "Point", "coordinates": [-61.64188, 15.84839]}, "properties": {"taxon": "Anolis terraealtae", "scientificName": "Ctenonotus terraealtae caryae (Lazell, 1964)", "date": "2023-04-15", "basis": "HUMAN_OBSERVATION", "dataset": null, "gbifID": "4151137321"}}, {"type": "Feature", "geometry": {"type": "Point", "coordinates": [-61.6274, 15.84506]}, "properties": {"taxon": "Anolis terraealtae", "scientificName": "Ctenonotus terraealtae caryae (Lazell, 1964)", "date": "2023-04-15", "basis": "HUMAN_OBSERVATION", "dataset": null, "gbifID": "4151137449"}}, {"type": "Feature", "geometry": {"type": "Point", "coordinates": [-61.64183, 15.85173]}, "properties": {"taxon": "Anolis terraealtae", "scientificName": "Ctenonotus terraealtae caryae (Lazell, 1964)", "date": "2023-04-15", "basis": "HUMAN_OBSERVATION", "dataset": null, "gbifID": "4151137494"}}, {"type": "Feature", "geometry": {"type": "Point", "coordinates": [-61.5953, 15.85827]}, "properties": {"taxon": "Anolis terraealtae", "scientificName": "Ctenonotus terraealtae terraealtae", "date": "2023-04-16", "basis": "HUMAN_OBSERVATION", "dataset": null, "gbifID": "4151137517"}}, {"type": "Feature", "geometry": {"type": "Point", "coordinates": [-61.64053, 15.85426]}, "properties": {"taxon": "Anolis terraealtae", "scientificName": "Ctenonotus terraealtae caryae (Lazell, 1964)", "date": "2023-04-15", "basis": "HUMAN_OBSERVATION", "dataset": null, "gbifID": "4151137521"}}, {"type": "Feature", "geometry": {"type": "Point", "coordinates": [-61.64515, 15.8553]}, "properties": {"taxon": "Anolis terraealtae", "scientificName": "Ctenonotus terraealtae caryae (Lazell, 1964)", "date": "2023-04-15", "basis": "HUMAN_OBSERVATION", "dataset": null, "gbifID": "4151137526"}}, {"type": "Feature", "geometry": {"type": "Point", "coordinates": [-61.63458, 15.85734]}, "properties": {"taxon": "Anolis terraealtae", "scientificName": "Ctenonotus terraealtae caryae (Lazell, 1964)", "date": "2023-04-15", "basis": "HUMAN_OBSERVATION", "dataset": null, "gbifID": "4151137537"}}, {"type": "Feature", "geometry": {"type": "Point", "coordinates": [-61.64506, 15.85154]}, "properties": {"taxon": "Anolis terraealtae", "scientificName": "Ctenonotus terraealtae caryae (Lazell, 1964)", "date": "2023-04-15", "basis": "HUMAN_OBSERVATION", "dataset": null, "gbifID": "4151137557"}}, {"type": "Feature", "geometry": {"type": "Point", "coordinates": [-61.64428, 15.85681]}, "properties": {"taxon": "Anolis terraealtae", "scientificName": "Ctenonotus terraealtae caryae (Lazell, 1964)", "date": "2023-04-15", "basis": "HUMAN_OBSERVATION", "dataset": null, "gbifID": "4151137601"}}, {"type": "Feature", "geometry": {"type": "Point", "coordinates": [-61.61567, 15.85391]}, "properties": {"taxon": "Anolis terraealtae", "scientificName": "Ctenonotus terraealtae caryae (Lazell, 1964)", "date": "2023-04-15", "basis": "HUMAN_OBSERVATION", "dataset": null, "gbifID": "4151137638"}}, {"type": "Feature", "geometry": {"type": "Point", "coordinates": [-61.59292, 15.85802]}, "properties": {"taxon": "Anolis terraealtae", "scientificName": "Ctenonotus terraealtae terraealtae", "date": "2023-04-16", "basis": "HUMAN_OBSERVATION", "dataset": null, "gbifID": "4151137650"}}, {"type": "Feature", "geometry": {"type": "Point", "coordinates": [-61.59419, 15.86019]}, "properties": {"taxon": "Anolis terraealtae", "scientificName": "Ctenonotus terraealtae terraealtae", "date": "2023-04-16", "basis": "HUMAN_OBSERVATION", "dataset": null, "gbifID": "4151137716"}}, {"type": "Feature", "geometry": {"type": "Point", "coordinates": [-61.63766, 15.85555]}, "properties": {"taxon": "Anolis terraealtae", "scientificName": "Ctenonotus terraealtae caryae (Lazell, 1964)", "date": "2023-04-15", "basis": "HUMAN_OBSERVATION", "dataset": null, "gbifID": "4151137726"}}, {"type": "Feature", "geometry": {"type": "Point", "coordinates": [-61.63511, 15.85676]}, "properties": {"taxon": "Anolis terraealtae", "scientificName": "Ctenonotus terraealtae caryae (Lazell, 1964)", "date": "2023-04-15", "basis": "HUMAN_OBSERVATION", "dataset": null, "gbifID": "4151137768"}}, {"type": "Feature", "geometry": {"type": "Point", "coordinates": [-61.62818, 15.84411]}, "properties": {"taxon": "Anolis terraealtae", "scientificName": "Ctenonotus terraealtae caryae (Lazell, 1964)", "date": "2023-04-15", "basis": "HUMAN_OBSERVATION", "dataset": null, "gbifID": "4151137770"}}, {"type": "Feature", "geometry": {"type": "Point", "coordinates": [-61.64371, 15.85573]}, "properties": {"taxon": "Anolis terraealtae", "scientificName": "Ctenonotus terraealtae caryae (Lazell, 1964)", "date": "2023-04-15", "basis": "HUMAN_OBSERVATION", "dataset": null, "gbifID": "4151137772"}}, {"type": "Feature", "geometry": {"type": "Point", "coordinates": [-61.59315, 15.85716]}, "properties": {"taxon": "Anolis terraealtae", "scientificName": "Ctenonotus terraealtae terraealtae", "date": "2023-04-16", "basis": "HUMAN_OBSERVATION", "dataset": null, "gbifID": "4151137774"}}, {"type": "Feature", "geometry": {"type": "Point", "coordinates": [-61.64209, 15.85433]}, "properties": {"taxon": "Anolis terraealtae", "scientificName": "Ctenonotus terraealtae caryae (Lazell, 1964)", "date": "2023-04-15", "basis": "HUMAN_OBSERVATION", "dataset": null, "gbifID": "4151137787"}}, {"type": "Feature", "geometry": {"type": "Point", "coordinates": [-61.5935, 15.86212]}, "properties": {"taxon": "Anolis terraealtae", "scientificName": "Ctenonotus terraealtae terraealtae", "date": "2023-04-16", "basis": "HUMAN_OBSERVATION", "dataset": null, "gbifID": "4151137797"}}, {"type": "Feature", "geometry": {"type": "Point", "coordinates": [-61.59212, 15.86239]}, "properties": {"taxon": "Anolis terraealtae", "scientificName": "Ctenonotus terraealtae terraealtae", "date": "2023-04-16", "basis": "HUMAN_OBSERVATION", "dataset": null, "gbifID": "4151137819"}}, {"type": "Feature", "geometry": {"type": "Point", "coordinates": [-61.59244, 15.86218]}, "properties": {"taxon": "Anolis terraealtae", "scientificName": "Ctenonotus terraealtae terraealtae", "date": "2023-04-16", "basis": "HUMAN_OBSERVATION", "dataset": null, "gbifID": "4151137879"}}, {"type": "Feature", "geometry": {"type": "Point", "coordinates": [-61.63984, 15.85005]}, "properties": {"taxon": "Anolis terraealtae", "scientificName": "Ctenonotus terraealtae caryae (Lazell, 1964)", "date": "2023-04-15", "basis": "HUMAN_OBSERVATION", "dataset": null, "gbifID": "4151137880"}}, {"type": "Feature", "geometry": {"type": "Point", "coordinates": [-61.59321, 15.85955]}, "properties": {"taxon": "Anolis terraealtae", "scientificName": "Ctenonotus terraealtae terraealtae", "date": "2023-04-16", "basis": "HUMAN_OBSERVATION", "dataset": null, "gbifID": "4151137893"}}, {"type": "Feature", "geometry": {"type": "Point", "coordinates": [-61.64077, 15.84884]}, "properties": {"taxon": "Anolis terraealtae", "scientificName": "Ctenonotus terraealtae caryae (Lazell, 1964)", "date": "2023-04-15", "basis": "HUMAN_OBSERVATION", "dataset": null, "gbifID": "4151137920"}}, {"type": "Feature", "geometry": {"type": "Point", "coordinates": [-61.594, 15.86155]}, "properties": {"taxon": "Anolis terraealtae", "scientificName": "Ctenonotus terraealtae terraealtae", "date": "2023-04-16", "basis": "HUMAN_OBSERVATION", "dataset": null, "gbifID": "4151137935"}}, {"type": "Feature", "geometry": {"type": "Point", "coordinates": [-61.59422, 15.85766]}, "properties": {"taxon": "Anolis terraealtae", "scientificName": "Ctenonotus terraealtae terraealtae", "date": "2023-04-16", "basis": "HUMAN_OBSERVATION", "dataset": null, "gbifID": "4151137955"}}, {"type": "Feature", "geometry": {"type": "Point", "coordinates": [-61.63882, 15.85081]}, "properties": {"taxon": "Anolis terraealtae", "scientificName": "Ctenonotus terraealtae caryae (Lazell, 1964)", "date": "2023-04-15", "basis": "HUMAN_OBSERVATION", "dataset": null, "gbifID": "4151138024"}}, {"type": "Feature", "geometry": {"type": "Point", "coordinates": [-61.63628, 15.85616]}, "properties": {"taxon": "Anolis terraealtae", "scientificName": "Ctenonotus terraealtae caryae (Lazell, 1964)", "date": "2023-04-15", "basis": "HUMAN_OBSERVATION", "dataset": null, "gbifID": "4151138047"}}, {"type": "Feature", "geometry": {"type": "Point", "coordinates": [-61.63377, 15.85721]}, "properties": {"taxon": "Anolis terraealtae", "scientificName": "Ctenonotus terraealtae caryae (Lazell, 1964)", "date": "2023-04-15", "basis": "HUMAN_OBSERVATION", "dataset": null, "gbifID": "4151138165"}}, {"type": "Feature", "geometry": {"type": "Point", "coordinates": [-61.59183, 15.85729]}, "properties": {"taxon": "Anolis terraealtae", "scientificName": "Ctenonotus terraealtae terraealtae", "date": "2023-04-16", "basis": "HUMAN_OBSERVATION", "dataset": null, "gbifID": "4151138198"}}, {"type": "Feature", "geometry": {"type": "Point", "coordinates": [-61.64559, 15.85506]}, "properties": {"taxon": "Anolis terraealtae", "scientificName": "Ctenonotus terraealtae caryae (Lazell, 1964)", "date": "2023-04-15", "basis": "HUMAN_OBSERVATION", "dataset": null, "gbifID": "4151138239"}}, {"type": "Feature", "geometry": {"type": "Point", "coordinates": [-61.59181, 15.85809]}, "properties": {"taxon": "Anolis terraealtae", "scientificName": "Ctenonotus terraealtae terraealtae", "date": "2023-04-16", "basis": "HUMAN_OBSERVATION", "dataset": null, "gbifID": "4151138245"}}, {"type": "Feature", "geometry": {"type": "Point", "coordinates": [-61.597911, 15.858299]}, "properties": {"taxon": "Anolis terraealtae", "scientificName": "Anolis terraealtae Barbour, 1915", "date": "2023-04-27", "basis": "HUMAN_OBSERVATION", "dataset": "iNaturalist research-grade observations", "gbifID": "5216390384"}}, {"type": "Feature", "geometry": {"type": "Point", "coordinates": [-61.595418, 15.858248]}, "properties": {"taxon": "Anolis terraealtae", "scientificName": "Anolis terraealtae Barbour, 1915", "date": "2023-04-27", "basis": "HUMAN_OBSERVATION", "dataset": "iNaturalist research-grade observations", "gbifID": "5217106381"}}, {"type": "Feature", "geometry": {"type": "Point", "coordinates": [-61.582663, 15.874945]}, "properties": {"taxon": "Anolis terraealtae", "scientificName": "Anolis terraealtae Barbour, 1915", "date": "2023-07-21", "basis": "HUMAN_OBSERVATION", "dataset": "iNaturalist research-grade observations", "gbifID": "4165747555"}}, {"type": "Feature", "geometry": {"type": "Point", "coordinates": [-61.617793, 15.86103]}, "properties": {"taxon": "Anolis terraealtae", "scientificName": "Anolis terraealtae Barbour, 1915", "date": "2023-11-03", "basis": "HUMAN_OBSERVATION", "dataset": "iNaturalist research-grade observations", "gbifID": "4438953814"}}, {"type": "Feature", "geometry": {"type": "Point", "coordinates": [-61.620604, 15.855663]}, "properties": {"taxon": "Anolis terraealtae", "scientificName": "Anolis terraealtae Barbour, 1915", "date": "2022-02-14", "basis": "HUMAN_OBSERVATION", "dataset": "iNaturalist research-grade observations", "gbifID": "5076943008"}}, {"type": "Feature", "geometry": {"type": "Point", "coordinates": [-61.589749, 15.86434]}, "properties": {"taxon": "Anolis terraealtae", "scientificName": "Anolis terraealtae Barbour, 1915", "date": "2022-04-27", "basis": "HUMAN_OBSERVATION", "dataset": "iNaturalist research-grade observations", "gbifID": "3859408936"}}, {"type": "Feature", "geometry": {"type": "Point", "coordinates": [-61.5852, 15.8742]}, "properties": {"taxon": "Anolis terraealtae", "scientificName": "Ctenonotus terraealtae (Barbour, 1915)", "date": "2022-04-20", "basis": "HUMAN_OBSERVATION", "dataset": null, "gbifID": "3939953190"}}, {"type": "Feature", "geometry": {"type": "Point", "coordinates": [-61.5987, 15.86332]}, "properties": {"taxon": "Anolis terraealtae", "scientificName": "Ctenonotus terraealtae (Barbour, 1915)", "date": "2022-04-15", "basis": "HUMAN_OBSERVATION", "dataset": null, "gbifID": "3939953282"}}, {"type": "Feature", "geometry": {"type": "Point", "coordinates": [-61.60343, 15.858]}, "properties": {"taxon": "Anolis terraealtae", "scientificName": "Ctenonotus terraealtae (Barbour, 1915)", "date": "2022-04-19", "basis": "HUMAN_OBSERVATION", "dataset": null, "gbifID": "3939964668"}}, {"type": "Feature", "geometry": {"type": "Point", "coordinates": [-61.57504, 15.87679]}, "properties": {"taxon": "Anolis terraealtae", "scientificName": "Anolis terraealtae Barbour, 1915", "date": "2022-04-22", "basis": "HUMAN_OBSERVATION", "dataset": null, "gbifID": "3939964951"}}, {"type": "Feature", "geometry": {"type": "Point", "coordinates": [-61.57983, 15.87552]}, "properties": {"taxon": "Anolis terraealtae", "scientificName": "Anolis terraealtae Barbour, 1915", "date": "2022-11-19", "basis": "HUMAN_OBSERVATION", "dataset": "iNaturalist research-grade observations", "gbifID": "4852136505"}}, {"type": "Feature", "geometry": {"type": "Point", "coordinates": [-61.582472, 15.863929]}, "properties": {"taxon": "Anolis terraealtae", "scientificName": "Anolis terraealtae Barbour, 1915", "date": "2022-11-18", "basis": "HUMAN_OBSERVATION", "dataset": "iNaturalist research-grade observations", "gbifID": "6185533693"}}, {"type": "Feature", "geometry": {"type": "Point", "coordinates": [-61.583642, 15.865619]}, "properties": {"taxon": "Anolis terraealtae", "scientificName": "Anolis terraealtae Barbour, 1915", "date": "2022-11-23", "basis": "HUMAN_OBSERVATION", "dataset": "iNaturalist research-grade observations", "gbifID": "6352554359"}}, {"type": "Feature", "geometry": {"type": "Point", "coordinates": [-61.57122, 15.87644]}, "properties": {"taxon": "Anolis terraealtae", "scientificName": "Anolis terraealtae Barbour, 1915", "date": "2022-04-22", "basis": "HUMAN_OBSERVATION", "dataset": null, "gbifID": "3939964542"}}, {"type": "Feature", "geometry": {"type": "Point", "coordinates": [-61.586483, 15.859338]}, "properties": {"taxon": "Anolis terraealtae", "scientificName": "Anolis terraealtae Barbour, 1915", "date": "2021-01-23", "basis": "HUMAN_OBSERVATION", "dataset": "iNaturalist research-grade observations", "gbifID": "4525320981"}}, {"type": "Feature", "geometry": {"type": "Point", "coordinates": [-61.586395, 15.859345]}, "properties": {"taxon": "Anolis terraealtae", "scientificName": "Anolis terraealtae Barbour, 1915", "date": "2021-01-23", "basis": "HUMAN_OBSERVATION", "dataset": "iNaturalist research-grade observations", "gbifID": "6236152475"}}, {"type": "Feature", "geometry": {"type": "Point", "coordinates": [-61.60108, 15.8587]}, "properties": {"taxon": "Anolis terraealtae", "scientificName": "Ctenonotus terraealtae terraealtae", "date": "2021-02-15", "basis": "HUMAN_OBSERVATION", "dataset": null, "gbifID": "3848558180"}}, {"type": "Feature", "geometry": {"type": "Point", "coordinates": [-61.60105, 15.8587]}, "properties": {"taxon": "Anolis terraealtae", "scientificName": "Ctenonotus terraealtae terraealtae", "date": "2021-02-15", "basis": "HUMAN_OBSERVATION", "dataset": null, "gbifID": "3848564348"}}, {"type": "Feature", "geometry": {"type": "Point", "coordinates": [-61.60108, 15.85864]}, "properties": {"taxon": "Anolis terraealtae", "scientificName": "Ctenonotus terraealtae terraealtae", "date": "2021-02-15", "basis": "HUMAN_OBSERVATION", "dataset": null, "gbifID": "3848567660"}}, {"type": "Feature", "geometry": {"type": "Point", "coordinates": [-61.60109, 15.85857]}, "properties": {"taxon": "Anolis terraealtae", "scientificName": "Ctenonotus terraealtae terraealtae", "date": "2021-02-15", "basis": "HUMAN_OBSERVATION", "dataset": null, "gbifID": "3848568021"}}, {"type": "Feature", "geometry": {"type": "Point", "coordinates": [-61.60221, 15.8583]}, "properties": {"taxon": "Anolis terraealtae", "scientificName": "Ctenonotus terraealtae terraealtae", "date": "2021-02-15", "basis": "HUMAN_OBSERVATION", "dataset": null, "gbifID": "3848571270"}}, {"type": "Feature", "geometry": {"type": "Point", "coordinates": [-61.592059, 15.860168]}, "properties": {"taxon": "Anolis terraealtae", "scientificName": "Anolis terraealtae Barbour, 1915", "date": "2021-06-15", "basis": "HUMAN_OBSERVATION", "dataset": "iNaturalist research-grade observations", "gbifID": "3338140610"}}, {"type": "Feature", "geometry": {"type": "Point", "coordinates": [-61.594294, 15.860617]}, "properties": {"taxon": "Anolis terraealtae", "scientificName": "Anolis terraealtae Barbour, 1915", "date": "2021-06-15", "basis": "HUMAN_OBSERVATION", "dataset": "iNaturalist research-grade observations", "gbifID": "4976503906"}}, {"type": "Feature", "geometry": {"type": "Point", "coordinates": [-61.594067, 15.861458]}, "properties": {"taxon": "Anolis terraealtae", "scientificName": "Anolis terraealtae Barbour, 1915", "date": "2021-06-15", "basis": "HUMAN_OBSERVATION", "dataset": "iNaturalist research-grade observations", "gbifID": "4976626654"}}, {"type": "Feature", "geometry": {"type": "Point", "coordinates": [-61.58259, 15.87418]}, "properties": {"taxon": "Anolis terraealtae", "scientificName": "Ctenonotus terraealtae (Barbour, 1915)", "date": "2021-07-16", "basis": "HUMAN_OBSERVATION", "dataset": null, "gbifID": "3849243513"}}, {"type": "Feature", "geometry": {"type": "Point", "coordinates": [-61.58382, 15.8733]}, "properties": {"taxon": "Anolis terraealtae", "scientificName": "Ctenonotus terraealtae (Barbour, 1915)", "date": "2021-07-16", "basis": "HUMAN_OBSERVATION", "dataset": null, "gbifID": "3992566487"}}, {"type": "Feature", "geometry": {"type": "Point", "coordinates": [-61.620593, 15.855717]}, "properties": {"taxon": "Anolis terraealtae", "scientificName": "Anolis terraealtae Barbour, 1915", "date": "2021-12-04", "basis": "HUMAN_OBSERVATION", "dataset": "iNaturalist research-grade observations", "gbifID": "5889505029"}}, {"type": "Feature", "geometry": {"type": "Point", "coordinates": [-61.582628, 15.866597]}, "properties": {"taxon": "Anolis terraealtae", "scientificName": "Anolis terraealtae Barbour, 1915", "date": "2021-12-30", "basis": "HUMAN_OBSERVATION", "dataset": "iNaturalist research-grade observations", "gbifID": "6519782438"}}, {"type": "Feature", "geometry": {"type": "Point", "coordinates": [-61.604102, 15.852543]}, "properties": {"taxon": "Anolis terraealtae", "scientificName": "Anolis terraealtae Barbour, 1915", "date": "2019-03-02", "basis": "HUMAN_OBSERVATION", "dataset": "iNaturalist research-grade observations", "gbifID": "3018066900"}}, {"type": "Feature", "geometry": {"type": "Point", "coordinates": [-61.598217, 15.858047]}, "properties": {"taxon": "Anolis terraealtae", "scientificName": "Anolis terraealtae Barbour, 1915", "date": "2019-07-19", "basis": "HUMAN_OBSERVATION", "dataset": "iNaturalist research-grade observations", "gbifID": "5897324019"}}, {"type": "Feature", "geometry": {"type": "Point", "coordinates": [-61.620481, 15.856585]}, "properties": {"taxon": "Anolis terraealtae", "scientificName": "Anolis terraealtae Barbour, 1915", "date": "2017-09-16", "basis": "HUMAN_OBSERVATION", "dataset": "iNaturalist research-grade observations", "gbifID": "4952640804"}}, {"type": "Feature", "geometry": {"type": "Point", "coordinates": [-61.567398, 15.886769]}, "properties": {"taxon": "Anolis terraealtae", "scientificName": "Anolis terraealtae Barbour, 1915", "date": "2016-11-03", "basis": "HUMAN_OBSERVATION", "dataset": "iNaturalist research-grade observations", "gbifID": "4607164380"}}, {"type": "Feature", "geometry": {"type": "Point", "coordinates": [-61.62473, 15.86296]}, "properties": {"taxon": "Anolis terraealtae", "scientificName": "Ctenonotus terraealtae (Barbour, 1915)", "date": "2015-02-15", "basis": "HUMAN_OBSERVATION", "dataset": null, "gbifID": "3848564384"}}, {"type": "Feature", "geometry": {"type": "Point", "coordinates": [-61.62473, 15.86296]}, "properties": {"taxon": "Anolis terraealtae", "scientificName": "Ctenonotus terraealtae (Barbour, 1915)", "date": "2015-02-15", "basis": "HUMAN_OBSERVATION", "dataset": null, "gbifID": "3848567983"}}, {"type": "Feature", "geometry": {"type": "Point", "coordinates": [-61.59747, 15.857517]}, "properties": {"taxon": "Anolis terraealtae", "scientificName": "Anolis terraealtae Barbour, 1915", "date": "2014-06-16", "basis": "HUMAN_OBSERVATION", "dataset": "iNaturalist research-grade observations", "gbifID": "1841253290"}}, {"type": "Feature", "geometry": {"type": "Point", "coordinates": [-61.587624, 15.863917]}, "properties": {"taxon": "Anolis terraealtae", "scientificName": "Anolis terraealtae Barbour, 1915", "date": "2014-07-12", "basis": "HUMAN_OBSERVATION", "dataset": "iNaturalist research-grade observations", "gbifID": "5076926997"}}, {"type": "Feature", "geometry": {"type": "Point", "coordinates": [-61.57147, 15.88246]}, "properties": {"taxon": "Anolis terraealtae", "scientificName": "Ctenonotus terraealtae (Barbour, 1915)", "date": "2014-12-22", "basis": "HUMAN_OBSERVATION", "dataset": null, "gbifID": "3848556141"}}, {"type": "Feature", "geometry": {"type": "Point", "coordinates": [-61.582146, 15.875323]}, "properties": {"taxon": "Anolis terraealtae", "scientificName": "Anolis terraealtae Barbour, 1915", "date": "2013-06-10", "basis": "HUMAN_OBSERVATION", "dataset": "iNaturalist research-grade observations", "gbifID": "2850702795"}}, {"type": "Feature", "geometry": {"type": "Point", "coordinates": [-61.621129, 15.855559]}, "properties": {"taxon": "Anolis terraealtae", "scientificName": "Anolis terraealtae Barbour, 1915", "date": "2012-04-11", "basis": "HUMAN_OBSERVATION", "dataset": "iNaturalist research-grade observations", "gbifID": "5076969916"}}, {"type": "Feature", "geometry": {"type": "Point", "coordinates": [-61.585806, 15.869595]}, "properties": {"taxon": "Anolis terraealtae", "scientificName": "Anolis terraealtae Barbour, 1915", "date": "2010-05-15", "basis": "HUMAN_OBSERVATION", "dataset": "iNaturalist research-grade observations", "gbifID": "6130474481"}}, {"type": "Feature", "geometry": {"type": "Point", "coordinates": [-61.625, 15.865]}, "properties": {"taxon": "Anolis terraealtae", "scientificName": "Anolis terraealtae Barbour, 1915", "date": "2010-11-24", "basis": "HUMAN_OBSERVATION", "dataset": null, "gbifID": "2471828945"}}, {"type": "Feature", "geometry": {"type": "Point", "coordinates": [-61.587992, 15.864323]}, "properties": {"taxon": "Anolis terraealtae", "scientificName": "Anolis terraealtae Barbour, 1915", "date": "2009-08-31", "basis": "HUMAN_OBSERVATION", "dataset": "iNaturalist research-grade observations", "gbifID": "5076921829"}}, {"type": "Feature", "geometry": {"type": "Point", "coordinates": [-61.580416, 15.870814]}, "properties": {"taxon": "Anolis terraealtae", "scientificName": "Anolis terraealtae Barbour, 1915", "date": "2009-08-31", "basis": "HUMAN_OBSERVATION", "dataset": "iNaturalist research-grade observations", "gbifID": "5076963941"}}, {"type": "Feature", "geometry": {"type": "Point", "coordinates": [-61.583326, 15.874363]}, "properties": {"taxon": "Anolis terraealtae", "scientificName": "Anolis terraealtae Barbour, 1915", "date": "2006-05-04", "basis": "HUMAN_OBSERVATION", "dataset": "iNaturalist research-grade observations", "gbifID": "4607304874"}}, {"type": "Feature", "geometry": {"type": "Point", "coordinates": [-61.646873, 15.854261]}, "properties": {"taxon": "Anolis terraealtae", "scientificName": "Anolis terraealtae Barbour, 1915", "date": "2005-03-26", "basis": "HUMAN_OBSERVATION", "dataset": "iNaturalist research-grade observations", "gbifID": "2543081872"}}, {"type": "Feature", "geometry": {"type": "Point", "coordinates": [-61.569898, 15.871633]}, "properties": {"taxon": "Anolis terraealtae", "scientificName": "Anolis terraealtae Barbour, 1915", "date": "2005-03-25", "basis": "HUMAN_OBSERVATION", "dataset": "iNaturalist research-grade observations", "gbifID": "2873804907"}}, {"type": "Feature", "geometry": {"type": "Point", "coordinates": [-61.577626, 15.86948]}, "properties": {"taxon": "Anolis terraealtae", "scientificName": "Anolis terraealtae Barbour, 1915", "date": "1992-01-23", "basis": "PRESERVED_SPECIMEN", "dataset": null, "gbifID": "5147070483"}}, {"type": "Feature", "geometry": {"type": "Point", "coordinates": [-61.577626, 15.86948]}, "properties": {"taxon": "Anolis terraealtae", "scientificName": "Anolis terraealtae Barbour, 1915", "date": "1992-01-23", "basis": "PRESERVED_SPECIMEN", "dataset": null, "gbifID": "5147073479"}}, {"type": "Feature", "geometry": {"type": "Point", "coordinates": [-61.577626, 15.86948]}, "properties": {"taxon": "Anolis terraealtae", "scientificName": "Anolis terraealtae Barbour, 1915", "date": "1992-01-23", "basis": "PRESERVED_SPECIMEN", "dataset": null, "gbifID": "5147073480"}}, {"type": "Feature", "geometry": {"type": "Point", "coordinates": [-61.577626, 15.86948]}, "properties": {"taxon": "Anolis terraealtae", "scientificName": "Anolis terraealtae Barbour, 1915", "date": "1992-01-23", "basis": "PRESERVED_SPECIMEN", "dataset": null, "gbifID": "5147188481"}}, {"type": "Feature", "geometry": {"type": "Point", "coordinates": [-61.577626, 15.86948]}, "properties": {"taxon": "Anolis terraealtae", "scientificName": "Anolis terraealtae Barbour, 1915", "date": "1992-01-23", "basis": "PRESERVED_SPECIMEN", "dataset": null, "gbifID": "5147193481"}}, {"type": "Feature", "geometry": {"type": "Point", "coordinates": [-61.577626, 15.86948]}, "properties": {"taxon": "Anolis terraealtae", "scientificName": "Anolis terraealtae Barbour, 1915", "date": "1992-01-23", "basis": "PRESERVED_SPECIMEN", "dataset": null, "gbifID": "5147197479"}}, {"type": "Feature", "geometry": {"type": "Point", "coordinates": [-61.577626, 15.86948]}, "properties": {"taxon": "Anolis terraealtae", "scientificName": "Anolis terraealtae Barbour, 1915", "date": "1992-01-23", "basis": "PRESERVED_SPECIMEN", "dataset": null, "gbifID": "5147320481"}}, {"type": "Feature", "geometry": {"type": "Point", "coordinates": [-61.577626, 15.86948]}, "properties": {"taxon": "Anolis terraealtae", "scientificName": "Anolis terraealtae Barbour, 1915", "date": "1992-01-23", "basis": "PRESERVED_SPECIMEN", "dataset": null, "gbifID": "5147419480"}}, {"type": "Feature", "geometry": {"type": "Point", "coordinates": [-61.577626, 15.86948]}, "properties": {"taxon": "Anolis terraealtae", "scientificName": "Anolis terraealtae Barbour, 1915", "date": "1992-01-23", "basis": "PRESERVED_SPECIMEN", "dataset": null, "gbifID": "5147421483"}}, {"type": "Feature", "geometry": {"type": "Point", "coordinates": [-61.577626, 15.86948]}, "properties": {"taxon": "Anolis terraealtae", "scientificName": "Anolis terraealtae Barbour, 1915", "date": "1992-01-23", "basis": "PRESERVED_SPECIMEN", "dataset": null, "gbifID": "5147421484"}}, {"type": "Feature", "geometry": {"type": "Point", "coordinates": [-61.577626, 15.86948]}, "properties": {"taxon": "Anolis terraealtae", "scientificName": "Anolis terraealtae Barbour, 1915", "date": "1992-01-23", "basis": "PRESERVED_SPECIMEN", "dataset": null, "gbifID": "5147422482"}}, {"type": "Feature", "geometry": {"type": "Point", "coordinates": [-61.577626, 15.86948]}, "properties": {"taxon": "Anolis terraealtae", "scientificName": "Anolis terraealtae Barbour, 1915", "date": "1992-01-23", "basis": "PRESERVED_SPECIMEN", "dataset": null, "gbifID": "5147501481"}}, {"type": "Feature", "geometry": {"type": "Point", "coordinates": [-61.577626, 15.86948]}, "properties": {"taxon": "Anolis terraealtae", "scientificName": "Anolis terraealtae Barbour, 1915", "date": "1992-01-23", "basis": "PRESERVED_SPECIMEN", "dataset": null, "gbifID": "5147501482"}}, {"type": "Feature", "geometry": {"type": "Point", "coordinates": [-61.53977, 16.19759]}, "properties": {"taxon": "Anolis terraealtae", "scientificName": "Ctenonotus terraealtae (Barbour, 1915)", "date": null, "basis": "HUMAN_OBSERVATION", "dataset": null, "gbifID": "3846970690"}}, {"type": "Feature", "geometry": {"type": "Point", "coordinates": [-61.53977, 16.19759]}, "properties": {"taxon": "Anolis terraealtae", "scientificName": "Ctenonotus terraealtae caryae (Lazell, 1964)", "date": null, "basis": "HUMAN_OBSERVATION", "dataset": null, "gbifID": "3846992715"}}, {"type": "Feature", "geometry": {"type": "Point", "coordinates": [-61.53977, 16.19759]}, "properties": {"taxon": "Anolis terraealtae", "scientificName": "Ctenonotus terraealtae terraealtae", "date": null, "basis": "HUMAN_OBSERVATION", "dataset": null, "gbifID": "3847003821"}}, {"type": "Feature", "geometry": {"type": "Point", "coordinates": [-61.53977, 16.19759]}, "properties": {"taxon": "Anolis terraealtae", "scientificName": "Ctenonotus terraealtae terraealtae", "date": null, "basis": "HUMAN_OBSERVATION", "dataset": null, "gbifID": "3935030153"}}, {"type": "Feature", "geometry": {"type": "Point", "coordinates": [-61.53977, 16.19759]}, "properties": {"taxon": "Anolis terraealtae", "scientificName": "Ctenonotus terraealtae caryae (Lazell, 1964)", "date": null, "basis": "HUMAN_OBSERVATION", "dataset": null, "gbifID": "3935078938"}}, {"type": "Feature", "geometry": {"type": "Point", "coordinates": [-61.53977, 16.19759]}, "properties": {"taxon": "Anolis terraealtae", "scientificName": "Ctenonotus terraealtae (Barbour, 1915)", "date": null, "basis": "HUMAN_OBSERVATION", "dataset": null, "gbifID": "3935096125"}}, {"type": "Feature", "geometry": {"type": "Point", "coordinates": [-61.5398, 16.19761]}, "properties": {"taxon": "Anolis terraealtae", "scientificName": "Ctenonotus terraealtae terraealtae", "date": null, "basis": "HUMAN_OBSERVATION", "dataset": null, "gbifID": "4547745835"}}, {"type": "Feature", "geometry": {"type": "Point", "coordinates": [-61.5398, 16.19761]}, "properties": {"taxon": "Anolis terraealtae", "scientificName": "Ctenonotus terraealtae (Barbour, 1915)", "date": null, "basis": "HUMAN_OBSERVATION", "dataset": null, "gbifID": "4547747218"}}, {"type": "Feature", "geometry": {"type": "Point", "coordinates": [-61.5398, 16.19761]}, "properties": {"taxon": "Anolis terraealtae", "scientificName": "Ctenonotus terraealtae caryae (Lazell, 1964)", "date": null, "basis": "HUMAN_OBSERVATION", "dataset": null, "gbifID": "4547853550"}}, {"type": "Feature", "geometry": {"type": "Point", "coordinates": [-61.7792, 16.36552]}, "properties": {"taxon": "Anolis kahouannensis", "scientificName": "Ctenonotus marmoratus kahouannensis (Lazell, 1964)", "date": "2021-07-27", "basis": "HUMAN_OBSERVATION", "dataset": null, "gbifID": "3849242437"}}, {"type": "Feature", "geometry": {"type": "Point", "coordinates": [-61.7792, 16.36552]}, "properties": {"taxon": "Anolis kahouannensis", "scientificName": "Ctenonotus marmoratus kahouannensis (Lazell, 1964)", "date": "2021-07-27", "basis": "HUMAN_OBSERVATION", "dataset": null, "gbifID": "3849244498"}}, {"type": "Feature", "geometry": {"type": "Point", "coordinates": [-61.7792, 16.36552]}, "properties": {"taxon": "Anolis kahouannensis", "scientificName": "Ctenonotus marmoratus kahouannensis (Lazell, 1964)", "date": "2021-07-27", "basis": "HUMAN_OBSERVATION", "dataset": null, "gbifID": "3849244542"}}, {"type": "Feature", "geometry": {"type": "Point", "coordinates": [-61.76465, 16.3814]}, "properties": {"taxon": "Anolis kahouannensis", "scientificName": "Anolis marmoratus kahouannensis Lazell, 1972", "date": "1973-06-23", "basis": "PRESERVED_SPECIMEN", "dataset": null, "gbifID": "476782206"}}, {"type": "Feature", "geometry": {"type": "Point", "coordinates": [-61.76465, 16.3814]}, "properties": {"taxon": "Anolis kahouannensis", "scientificName": "Anolis marmoratus kahouannensis Lazell, 1972", "date": "1973-06-23", "basis": "PRESERVED_SPECIMEN", "dataset": null, "gbifID": "476782207"}}, {"type": "Feature", "geometry": {"type": "Point", "coordinates": [-61.76465, 16.3814]}, "properties": {"taxon": "Anolis kahouannensis", "scientificName": "Anolis marmoratus kahouannensis Lazell, 1972", "date": "1973-06-23", "basis": "PRESERVED_SPECIMEN", "dataset": null, "gbifID": "476782208"}}, {"type": "Feature", "geometry": {"type": "Point", "coordinates": [-61.77973, 16.36717]}, "properties": {"taxon": "Anolis kahouannensis", "scientificName": "Anolis marmoratus kahouannensis Lazell, 1972", "date": "1964", "basis": "HUMAN_OBSERVATION", "dataset": null, "gbifID": "3310349512"}}, {"type": "Feature", "geometry": {"type": "Point", "coordinates": [-61.77973, 16.36688]}, "properties": {"taxon": "Anolis kahouannensis", "scientificName": "Anolis kahouannensis Lazell, 1964", "date": "1961-08-28", "basis": "PRESERVED_SPECIMEN", "dataset": null, "gbifID": "476743076"}}, {"type": "Feature", "geometry": {"type": "Point", "coordinates": [-61.77973, 16.36688]}, "properties": {"taxon": "Anolis kahouannensis", "scientificName": "Anolis kahouannensis Lazell, 1964", "date": "1961-08-28", "basis": "PRESERVED_SPECIMEN", "dataset": null, "gbifID": "476743077"}}, {"type": "Feature", "geometry": {"type": "Point", "coordinates": [-61.77973, 16.36688]}, "properties": {"taxon": "Anolis kahouannensis", "scientificName": "Anolis kahouannensis Lazell, 1964", "date": "1961-08-28", "basis": "PRESERVED_SPECIMEN", "dataset": null, "gbifID": "476743078"}}, {"type": "Feature", "geometry": {"type": "Point", "coordinates": [-61.77973, 16.36688]}, "properties": {"taxon": "Anolis kahouannensis", "scientificName": "Anolis kahouannensis Lazell, 1964", "date": "1961-08-28", "basis": "PRESERVED_SPECIMEN", "dataset": null, "gbifID": "476743079"}}, {"type": "Feature", "geometry": {"type": "Point", "coordinates": [-61.77973, 16.36688]}, "properties": {"taxon": "Anolis kahouannensis", "scientificName": "Anolis kahouannensis Lazell, 1964", "date": "1961-08-28", "basis": "PRESERVED_SPECIMEN", "dataset": null, "gbifID": "476743080"}}, {"type": "Feature", "geometry": {"type": "Point", "coordinates": [-61.77973, 16.36688]}, "properties": {"taxon": "Anolis kahouannensis", "scientificName": "Anolis marmoratus kahouannensis Lazell, 1972", "date": "1961-08-28", "basis": "PRESERVED_SPECIMEN", "dataset": null, "gbifID": "476743131"}}, {"type": "Feature", "geometry": {"type": "Point", "coordinates": [-61.77973, 16.36688]}, "properties": {"taxon": "Anolis kahouannensis", "scientificName": "Anolis kahouannensis Lazell, 1964", "date": "1961-08-28", "basis": "PRESERVED_SPECIMEN", "dataset": null, "gbifID": "476743235"}}, {"type": "Feature", "geometry": {"type": "Point", "coordinates": [-61.77973, 16.36688]}, "properties": {"taxon": "Anolis kahouannensis", "scientificName": "Anolis kahouannensis Lazell, 1964", "date": "1961-08-28", "basis": "PRESERVED_SPECIMEN", "dataset": null, "gbifID": "476743236"}}, {"type": "Feature", "geometry": {"type": "Point", "coordinates": [-61.77973, 16.36688]}, "properties": {"taxon": "Anolis kahouannensis", "scientificName": "Anolis kahouannensis Lazell, 1964", "date": "1961-08-28", "basis": "PRESERVED_SPECIMEN", "dataset": null, "gbifID": "476743237"}}, {"type": "Feature", "geometry": {"type": "Point", "coordinates": [-61.77973, 16.36688]}, "properties": {"taxon": "Anolis kahouannensis", "scientificName": "Anolis kahouannensis Lazell, 1964", "date": "1961-08-28", "basis": "PRESERVED_SPECIMEN", "dataset": null, "gbifID": "476743238"}}, {"type": "Feature", "geometry": {"type": "Point", "coordinates": [-61.77973, 16.36688]}, "properties": {"taxon": "Anolis kahouannensis", "scientificName": "Anolis kahouannensis Lazell, 1964", "date": "1961-08-28", "basis": "PRESERVED_SPECIMEN", "dataset": null, "gbifID": "476743239"}}, {"type": "Feature", "geometry": {"type": "Point", "coordinates": [-61.77973, 16.36688]}, "properties": {"taxon": "Anolis kahouannensis", "scientificName": "Anolis kahouannensis Lazell, 1964", "date": "1961-08-28", "basis": "PRESERVED_SPECIMEN", "dataset": null, "gbifID": "476790141"}}, {"type": "Feature", "geometry": {"type": "Point", "coordinates": [-61.77973, 16.36688]}, "properties": {"taxon": "Anolis kahouannensis", "scientificName": "Anolis kahouannensis Lazell, 1964", "date": "1961-08-28", "basis": "PRESERVED_SPECIMEN", "dataset": null, "gbifID": "476790142"}}, {"type": "Feature", "geometry": {"type": "Point", "coordinates": [-61.779739, 16.366625]}, "properties": {"taxon": "Anolis kahouannensis", "scientificName": "Anolis marmoratus kahouannensis Lazell, 1972", "date": "1961-08-28", "basis": "PRESERVED_SPECIMEN", "dataset": null, "gbifID": "543441660"}}, {"type": "Feature", "geometry": {"type": "Point", "coordinates": [-61.53977, 16.19759]}, "properties": {"taxon": "Anolis kahouannensis", "scientificName": "Ctenonotus marmoratus kahouannensis (Lazell, 1964)", "date": null, "basis": "HUMAN_OBSERVATION", "dataset": null, "gbifID": "3846990769"}}, {"type": "Feature", "geometry": {"type": "Point", "coordinates": [-61.53977, 16.19759]}, "properties": {"taxon": "Anolis kahouannensis", "scientificName": "Ctenonotus marmoratus kahouannensis (Lazell, 1964)", "date": null, "basis": "HUMAN_OBSERVATION", "dataset": null, "gbifID": "3935112691"}}, {"type": "Feature", "geometry": {"type": "Point", "coordinates": [-61.5398, 16.19761]}, "properties": {"taxon": "Anolis kahouannensis", "scientificName": "Ctenonotus marmoratus kahouannensis (Lazell, 1964)", "date": null, "basis": "HUMAN_OBSERVATION", "dataset": null, "gbifID": "4547695271"}}, {"type": "Feature", "geometry": {"type": "Point", "coordinates": [-61.040698, 16.085028]}, "properties": {"taxon": "Anolis chrysops", "scientificName": "Anolis chrysops Lazell, 1964", "date": "2026-03-20", "basis": "HUMAN_OBSERVATION", "dataset": "iNaturalist research-grade observations", "gbifID": "6185584058"}}, {"type": "Feature", "geometry": {"type": "Point", "coordinates": [-61.047039, 16.076571]}, "properties": {"taxon": "Anolis chrysops", "scientificName": "Anolis chrysops Lazell, 1964", "date": "2026-06-19", "basis": "HUMAN_OBSERVATION", "dataset": "iNaturalist research-grade observations", "gbifID": "6413392740"}}, {"type": "Feature", "geometry": {"type": "Point", "coordinates": [-61.09779, 16.190817]}, "properties": {"taxon": "Anolis chrysops", "scientificName": "Anolis chrysops Lazell, 1964", "date": "2025-09-30", "basis": "HUMAN_OBSERVATION", "dataset": "iNaturalist research-grade observations", "gbifID": "6185707249"}}, {"type": "Feature", "geometry": {"type": "Point", "coordinates": [-61.032816, 16.0052]}, "properties": {"taxon": "Anolis chrysops", "scientificName": "Anolis chrysops Lazell, 1964", "date": "2025-11-25", "basis": "HUMAN_OBSERVATION", "dataset": "iNaturalist research-grade observations", "gbifID": "6130944035"}}, {"type": "Feature", "geometry": {"type": "Point", "coordinates": [-61.037495, 16.066697]}, "properties": {"taxon": "Anolis chrysops", "scientificName": "Anolis chrysops Lazell, 1964", "date": "2025-12-26", "basis": "HUMAN_OBSERVATION", "dataset": "iNaturalist research-grade observations", "gbifID": "5938275891"}}, {"type": "Feature", "geometry": {"type": "Point", "coordinates": [-61.029885, 16.118324]}, "properties": {"taxon": "Anolis chrysops", "scientificName": "Anolis chrysops Lazell, 1964", "date": "2023-02-15", "basis": "HUMAN_OBSERVATION", "dataset": "iNaturalist research-grade observations", "gbifID": "4405133796"}}, {"type": "Feature", "geometry": {"type": "Point", "coordinates": [-61.142154, 16.197619]}, "properties": {"taxon": "Anolis chrysops", "scientificName": "Anolis chrysops Lazell, 1964", "date": "2023-02-15", "basis": "HUMAN_OBSERVATION", "dataset": "iNaturalist research-grade observations", "gbifID": "4405153158"}}, {"type": "Feature", "geometry": {"type": "Point", "coordinates": [-61.035002, 16.025581]}, "properties": {"taxon": "Anolis chrysops", "scientificName": "Anolis chrysops Lazell, 1964", "date": "2023-12-07", "basis": "HUMAN_OBSERVATION", "dataset": "iNaturalist research-grade observations", "gbifID": "6422788470"}}, {"type": "Feature", "geometry": {"type": "Point", "coordinates": [-61.191138, 16.007597]}, "properties": {"taxon": "Anolis chrysops", "scientificName": "Anolis chrysops Lazell, 1964", "date": "2022-05-01", "basis": "HUMAN_OBSERVATION", "dataset": "iNaturalist research-grade observations", "gbifID": "3773085712"}}, {"type": "Feature", "geometry": {"type": "Point", "coordinates": [-61.10966, 16.17156]}, "properties": {"taxon": "Anolis chrysops", "scientificName": "Ctenonotus marmoratus chrysops (Lazell, 1964)", "date": "2021-04-25", "basis": "HUMAN_OBSERVATION", "dataset": null, "gbifID": "3849243953"}}, {"type": "Feature", "geometry": {"type": "Point", "coordinates": [-61.10966, 16.17156]}, "properties": {"taxon": "Anolis chrysops", "scientificName": "Ctenonotus marmoratus chrysops (Lazell, 1964)", "date": "2021-04-25", "basis": "HUMAN_OBSERVATION", "dataset": null, "gbifID": "3849244287"}}, {"type": "Feature", "geometry": {"type": "Point", "coordinates": [-61.10966, 16.17156]}, "properties": {"taxon": "Anolis chrysops", "scientificName": "Ctenonotus marmoratus chrysops (Lazell, 1964)", "date": "2021-04-25", "basis": "HUMAN_OBSERVATION", "dataset": null, "gbifID": "3849244356"}}, {"type": "Feature", "geometry": {"type": "Point", "coordinates": [-61.185621, 16.198927]}, "properties": {"taxon": "Anolis chrysops", "scientificName": "Anolis chrysops Lazell, 1964", "date": "2016-02-17", "basis": "HUMAN_OBSERVATION", "dataset": "iNaturalist research-grade observations", "gbifID": "4153547584"}}, {"type": "Feature", "geometry": {"type": "Point", "coordinates": [-61.070809, 16.175295]}, "properties": {"taxon": "Anolis chrysops", "scientificName": "Anolis chrysops Lazell, 1964", "date": "2013-07-14", "basis": "HUMAN_OBSERVATION", "dataset": "iNaturalist research-grade observations", "gbifID": "1640128066"}}, {"type": "Feature", "geometry": {"type": "Point", "coordinates": [-61.038874, 16.181381]}, "properties": {"taxon": "Anolis chrysops", "scientificName": "Anolis chrysops Lazell, 1964", "date": "2011-05-16", "basis": "HUMAN_OBSERVATION", "dataset": "iNaturalist research-grade observations", "gbifID": "5077114356"}}, {"type": "Feature", "geometry": {"type": "Point", "coordinates": [-61.182875, 16.180726]}, "properties": {"taxon": "Anolis chrysops", "scientificName": "Anolis chrysops Lazell, 1964", "date": "2009-05-04", "basis": "HUMAN_OBSERVATION", "dataset": "iNaturalist research-grade observations", "gbifID": "4976212879"}}, {"type": "Feature", "geometry": {"type": "Point", "coordinates": [-61.177502, 16.058245]}, "properties": {"taxon": "Anolis chrysops", "scientificName": "Anolis chrysops Lazell, 1964", "date": "2009-05-03", "basis": "HUMAN_OBSERVATION", "dataset": "iNaturalist research-grade observations", "gbifID": "4976222295"}}, {"type": "Feature", "geometry": {"type": "Point", "coordinates": [-61.109106, 16.17319]}, "properties": {"taxon": "Anolis chrysops", "scientificName": "Anolis chrysops Lazell, 1964", "date": "1992-01-22", "basis": "PRESERVED_SPECIMEN", "dataset": null, "gbifID": "5147068477"}}, {"type": "Feature", "geometry": {"type": "Point", "coordinates": [-61.109106, 16.17319]}, "properties": {"taxon": "Anolis chrysops", "scientificName": "Anolis chrysops Lazell, 1964", "date": "1992-01-22", "basis": "PRESERVED_SPECIMEN", "dataset": null, "gbifID": "5147072487"}}, {"type": "Feature", "geometry": {"type": "Point", "coordinates": [-61.109106, 16.17319]}, "properties": {"taxon": "Anolis chrysops", "scientificName": "Anolis chrysops Lazell, 1964", "date": "1992-01-22", "basis": "PRESERVED_SPECIMEN", "dataset": null, "gbifID": "5147186488"}}, {"type": "Feature", "geometry": {"type": "Point", "coordinates": [-61.109106, 16.17319]}, "properties": {"taxon": "Anolis chrysops", "scientificName": "Anolis chrysops Lazell, 1964", "date": "1992-01-22", "basis": "PRESERVED_SPECIMEN", "dataset": null, "gbifID": "5147186489"}}, {"type": "Feature", "geometry": {"type": "Point", "coordinates": [-61.109106, 16.17319]}, "properties": {"taxon": "Anolis chrysops", "scientificName": "Anolis chrysops Lazell, 1964", "date": "1992-01-22", "basis": "PRESERVED_SPECIMEN", "dataset": null, "gbifID": "5147188480"}}, {"type": "Feature", "geometry": {"type": "Point", "coordinates": [-61.109106, 16.17319]}, "properties": {"taxon": "Anolis chrysops", "scientificName": "Anolis chrysops Lazell, 1964", "date": "1992-01-22", "basis": "PRESERVED_SPECIMEN", "dataset": null, "gbifID": "5147189490"}}, {"type": "Feature", "geometry": {"type": "Point", "coordinates": [-61.109106, 16.17319]}, "properties": {"taxon": "Anolis chrysops", "scientificName": "Anolis chrysops Lazell, 1964", "date": "1992-01-22", "basis": "PRESERVED_SPECIMEN", "dataset": null, "gbifID": "5147189491"}}, {"type": "Feature", "geometry": {"type": "Point", "coordinates": [-61.109106, 16.17319]}, "properties": {"taxon": "Anolis chrysops", "scientificName": "Anolis chrysops Lazell, 1964", "date": "1992-01-22", "basis": "PRESERVED_SPECIMEN", "dataset": null, "gbifID": "5147307478"}}, {"type": "Feature", "geometry": {"type": "Point", "coordinates": [-61.109106, 16.17319]}, "properties": {"taxon": "Anolis chrysops", "scientificName": "Anolis chrysops Lazell, 1964", "date": "1992-01-22", "basis": "PRESERVED_SPECIMEN", "dataset": null, "gbifID": "5147308482"}}, {"type": "Feature", "geometry": {"type": "Point", "coordinates": [-61.109106, 16.17319]}, "properties": {"taxon": "Anolis chrysops", "scientificName": "Anolis chrysops Lazell, 1964", "date": "1992-01-22", "basis": "PRESERVED_SPECIMEN", "dataset": null, "gbifID": "5147419479"}}, {"type": "Feature", "geometry": {"type": "Point", "coordinates": [-61.109106, 16.17319]}, "properties": {"taxon": "Anolis chrysops", "scientificName": "Anolis chrysops Lazell, 1964", "date": "1992-01-22", "basis": "PRESERVED_SPECIMEN", "dataset": null, "gbifID": "5147426484"}}, {"type": "Feature", "geometry": {"type": "Point", "coordinates": [-61.58333, 15.86667]}, "properties": {"taxon": "Anolis chrysops", "scientificName": "Anolis marmoratus chrysops Lazell, 1972", "date": "1961-09-04", "basis": "PRESERVED_SPECIMEN", "dataset": null, "gbifID": "476505072"}}, {"type": "Feature", "geometry": {"type": "Point", "coordinates": [-61.1165, 16.17065]}, "properties": {"taxon": "Anolis chrysops", "scientificName": "Anolis marmoratus chrysops Lazell, 1972", "date": "1961-09-04", "basis": "PRESERVED_SPECIMEN", "dataset": null, "gbifID": "476742960"}}, {"type": "Feature", "geometry": {"type": "Point", "coordinates": [-61.1165, 16.17065]}, "properties": {"taxon": "Anolis chrysops", "scientificName": "Anolis marmoratus chrysops Lazell, 1972", "date": "1961-09-04", "basis": "PRESERVED_SPECIMEN", "dataset": null, "gbifID": "476742961"}}, {"type": "Feature", "geometry": {"type": "Point", "coordinates": [-61.1165, 16.17065]}, "properties": {"taxon": "Anolis chrysops", "scientificName": "Anolis marmoratus chrysops Lazell, 1972", "date": "1961-09-04", "basis": "PRESERVED_SPECIMEN", "dataset": null, "gbifID": "476743070"}}, {"type": "Feature", "geometry": {"type": "Point", "coordinates": [-61.1165, 16.17065]}, "properties": {"taxon": "Anolis chrysops", "scientificName": "Anolis marmoratus chrysops Lazell, 1972", "date": "1961-09-04", "basis": "PRESERVED_SPECIMEN", "dataset": null, "gbifID": "476743071"}}, {"type": "Feature", "geometry": {"type": "Point", "coordinates": [-61.58333, 15.86667]}, "properties": {"taxon": "Anolis chrysops", "scientificName": "Anolis marmoratus chrysops Lazell, 1972", "date": "1961-09-04", "basis": "PRESERVED_SPECIMEN", "dataset": null, "gbifID": "476743072"}}, {"type": "Feature", "geometry": {"type": "Point", "coordinates": [-61.58333, 15.86667]}, "properties": {"taxon": "Anolis chrysops", "scientificName": "Anolis marmoratus chrysops Lazell, 1972", "date": "1961-09-04", "basis": "PRESERVED_SPECIMEN", "dataset": null, "gbifID": "476743073"}}, {"type": "Feature", "geometry": {"type": "Point", "coordinates": [-61.58333, 15.86667]}, "properties": {"taxon": "Anolis chrysops", "scientificName": "Anolis marmoratus chrysops Lazell, 1972", "date": "1961-09-04", "basis": "PRESERVED_SPECIMEN", "dataset": null, "gbifID": "476743074"}}, {"type": "Feature", "geometry": {"type": "Point", "coordinates": [-61.58333, 15.86667]}, "properties": {"taxon": "Anolis chrysops", "scientificName": "Anolis marmoratus chrysops Lazell, 1972", "date": "1961-09-04", "basis": "PRESERVED_SPECIMEN", "dataset": null, "gbifID": "476743075"}}, {"type": "Feature", "geometry": {"type": "Point", "coordinates": [-61.58333, 15.86667]}, "properties": {"taxon": "Anolis chrysops", "scientificName": "Anolis marmoratus chrysops Lazell, 1972", "date": "1961-09-04", "basis": "PRESERVED_SPECIMEN", "dataset": null, "gbifID": "476743180"}}, {"type": "Feature", "geometry": {"type": "Point", "coordinates": [-61.58333, 15.86667]}, "properties": {"taxon": "Anolis chrysops", "scientificName": "Anolis marmoratus chrysops Lazell, 1972", "date": "1961-09-04", "basis": "PRESERVED_SPECIMEN", "dataset": null, "gbifID": "476743181"}}, {"type": "Feature", "geometry": {"type": "Point", "coordinates": [-61.58333, 15.86667]}, "properties": {"taxon": "Anolis chrysops", "scientificName": "Anolis marmoratus chrysops Lazell, 1972", "date": "1961-09-04", "basis": "PRESERVED_SPECIMEN", "dataset": null, "gbifID": "476743182"}}, {"type": "Feature", "geometry": {"type": "Point", "coordinates": [-61.58333, 15.86667]}, "properties": {"taxon": "Anolis chrysops", "scientificName": "Anolis marmoratus chrysops Lazell, 1972", "date": "1961-09-04", "basis": "PRESERVED_SPECIMEN", "dataset": null, "gbifID": "476743908"}}, {"type": "Feature", "geometry": {"type": "Point", "coordinates": [-61.1165, 16.17065]}, "properties": {"taxon": "Anolis chrysops", "scientificName": "Anolis marmoratus chrysops Lazell, 1972", "date": "1961-09-04", "basis": "PRESERVED_SPECIMEN", "dataset": null, "gbifID": "476743909"}}, {"type": "Feature", "geometry": {"type": "Point", "coordinates": [-61.58333, 15.86667]}, "properties": {"taxon": "Anolis chrysops", "scientificName": "Anolis marmoratus chrysops Lazell, 1972", "date": "1961-09-04", "basis": "PRESERVED_SPECIMEN", "dataset": null, "gbifID": "476790047"}}, {"type": "Feature", "geometry": {"type": "Point", "coordinates": [-61.1165, 16.17065]}, "properties": {"taxon": "Anolis chrysops", "scientificName": "Anolis marmoratus chrysops Lazell, 1972", "date": "1961-09-04", "basis": "PRESERVED_SPECIMEN", "dataset": null, "gbifID": "476798898"}}, {"type": "Feature", "geometry": {"type": "Point", "coordinates": [-61.58333, 15.86667]}, "properties": {"taxon": "Anolis chrysops", "scientificName": "Anolis marmoratus chrysops Lazell, 1972", "date": "1961-09-04", "basis": "PRESERVED_SPECIMEN", "dataset": null, "gbifID": "476798899"}}, {"type": "Feature", "geometry": {"type": "Point", "coordinates": [-61.106569, 16.177942]}, "properties": {"taxon": "Anolis chrysops", "scientificName": "Anolis marmoratus chrysops Lazell, 1972", "date": "1961-09-09", "basis": "PRESERVED_SPECIMEN", "dataset": null, "gbifID": "543441665"}}, {"type": "Feature", "geometry": {"type": "Point", "coordinates": [-61.53977, 16.19759]}, "properties": {"taxon": "Anolis chrysops", "scientificName": "Ctenonotus marmoratus chrysops (Lazell, 1964)", "date": null, "basis": "HUMAN_OBSERVATION", "dataset": null, "gbifID": "3847035556"}}, {"type": "Feature", "geometry": {"type": "Point", "coordinates": [-61.53977, 16.19759]}, "properties": {"taxon": "Anolis chrysops", "scientificName": "Ctenonotus marmoratus chrysops (Lazell, 1964)", "date": null, "basis": "HUMAN_OBSERVATION", "dataset": null, "gbifID": "3935108679"}}, {"type": "Feature", "geometry": {"type": "Point", "coordinates": [-61.5398, 16.19761]}, "properties": {"taxon": "Anolis chrysops", "scientificName": "Ctenonotus marmoratus chrysops (Lazell, 1964)", "date": null, "basis": "HUMAN_OBSERVATION", "dataset": null, "gbifID": "4548185385"}}, {"type": "Feature", "geometry": {"type": "Point", "coordinates": [-61.142748, 16.258981]}, "properties": {"taxon": "Anolis desiradei", "scientificName": "Anolis desiradei Lazell, 1964", "date": "2026-06-19", "basis": "HUMAN_OBSERVATION", "dataset": "iNaturalist research-grade observations", "gbifID": "6414062806"}}, {"type": "Feature", "geometry": {"type": "Point", "coordinates": [-61.067147, 16.303594]}, "properties": {"taxon": "Anolis desiradei", "scientificName": "Anolis desiradei Lazell, 1964", "date": "2025-11-03", "basis": "HUMAN_OBSERVATION", "dataset": "iNaturalist research-grade observations", "gbifID": "5935424876"}}, {"type": "Feature", "geometry": {"type": "Point", "coordinates": [-61.02946, 16.333229]}, "properties": {"taxon": "Anolis desiradei", "scientificName": "Anolis desiradei Lazell, 1964", "date": "2025-11-14", "basis": "HUMAN_OBSERVATION", "dataset": "iNaturalist research-grade observations", "gbifID": "6130352606"}}, {"type": "Feature", "geometry": {"type": "Point", "coordinates": [-61.065507, 16.30709]}, "properties": {"taxon": "Anolis desiradei", "scientificName": "Anolis desiradei Lazell, 1964", "date": "2024-01-09", "basis": "HUMAN_OBSERVATION", "dataset": "iNaturalist research-grade observations", "gbifID": "4855444642"}}, {"type": "Feature", "geometry": {"type": "Point", "coordinates": [-61.065783, 16.306959]}, "properties": {"taxon": "Anolis desiradei", "scientificName": "Anolis desiradei Lazell, 1964", "date": "2024-01-09", "basis": "HUMAN_OBSERVATION", "dataset": "iNaturalist research-grade observations", "gbifID": "6185653306"}}, {"type": "Feature", "geometry": {"type": "Point", "coordinates": [-61.003821, 16.334759]}, "properties": {"taxon": "Anolis desiradei", "scientificName": "Anolis desiradei Lazell, 1964", "date": "2024-08-17", "basis": "HUMAN_OBSERVATION", "dataset": "iNaturalist research-grade observations", "gbifID": "4935908955"}}, {"type": "Feature", "geometry": {"type": "Point", "coordinates": [-61.022572, 16.327231]}, "properties": {"taxon": "Anolis desiradei", "scientificName": "Anolis desiradei Lazell, 1964", "date": "2024-11-10", "basis": "HUMAN_OBSERVATION", "dataset": "iNaturalist research-grade observations", "gbifID": "4994082773"}}, {"type": "Feature", "geometry": {"type": "Point", "coordinates": [-61.013242, 16.334898]}, "properties": {"taxon": "Anolis desiradei", "scientificName": "Anolis desiradei Lazell, 1964", "date": "2023-02-09", "basis": "HUMAN_OBSERVATION", "dataset": "iNaturalist research-grade observations", "gbifID": "4976267940"}}, {"type": "Feature", "geometry": {"type": "Point", "coordinates": [-61.013988, 16.333965]}, "properties": {"taxon": "Anolis desiradei", "scientificName": "Anolis desiradei Lazell, 1964", "date": "2023-02-12", "basis": "HUMAN_OBSERVATION", "dataset": "iNaturalist research-grade observations", "gbifID": "4976429590"}}, {"type": "Feature", "geometry": {"type": "Point", "coordinates": [-61.07527, 16.31348]}, "properties": {"taxon": "Anolis desiradei", "scientificName": "Ctenonotus marmoratus desiradei (Lazell, 1964)", "date": "2023-04-19", "basis": "HUMAN_OBSERVATION", "dataset": null, "gbifID": "4151137411"}}, {"type": "Feature", "geometry": {"type": "Point", "coordinates": [-61.07049, 16.31479]}, "properties": {"taxon": "Anolis desiradei", "scientificName": "Ctenonotus marmoratus desiradei (Lazell, 1964)", "date": "2023-04-19", "basis": "HUMAN_OBSERVATION", "dataset": null, "gbifID": "4151137504"}}, {"type": "Feature", "geometry": {"type": "Point", "coordinates": [-61.07141, 16.3139]}, "properties": {"taxon": "Anolis desiradei", "scientificName": "Ctenonotus marmoratus desiradei (Lazell, 1964)", "date": "2023-04-19", "basis": "HUMAN_OBSERVATION", "dataset": null, "gbifID": "4151137822"}}, {"type": "Feature", "geometry": {"type": "Point", "coordinates": [-61.07475, 16.31272]}, "properties": {"taxon": "Anolis desiradei", "scientificName": "Ctenonotus marmoratus desiradei (Lazell, 1964)", "date": "2023-04-19", "basis": "HUMAN_OBSERVATION", "dataset": null, "gbifID": "4151137834"}}, {"type": "Feature", "geometry": {"type": "Point", "coordinates": [-61.08425, 16.30549]}, "properties": {"taxon": "Anolis desiradei", "scientificName": "Ctenonotus marmoratus desiradei (Lazell, 1964)", "date": "2023-04-19", "basis": "HUMAN_OBSERVATION", "dataset": null, "gbifID": "4151138212"}}, {"type": "Feature", "geometry": {"type": "Point", "coordinates": [-61.07566, 16.303014]}, "properties": {"taxon": "Anolis desiradei", "scientificName": "Anolis desiradei Lazell, 1964", "date": "2023-11-08", "basis": "HUMAN_OBSERVATION", "dataset": "iNaturalist research-grade observations", "gbifID": "4440911692"}}, {"type": "Feature", "geometry": {"type": "Point", "coordinates": [-61.003729, 16.336393]}, "properties": {"taxon": "Anolis desiradei", "scientificName": "Anolis desiradei Lazell, 1964", "date": "2021-12-13", "basis": "HUMAN_OBSERVATION", "dataset": "iNaturalist research-grade observations", "gbifID": "5889922956"}}, {"type": "Feature", "geometry": {"type": "Point", "coordinates": [-61.081083, 16.299732]}, "properties": {"taxon": "Anolis desiradei", "scientificName": "Anolis desiradei Lazell, 1964", "date": "2020-06-02", "basis": "HUMAN_OBSERVATION", "dataset": "iNaturalist research-grade observations", "gbifID": "4987524890"}}, {"type": "Feature", "geometry": {"type": "Point", "coordinates": [-61.0539, 16.30927]}, "properties": {"taxon": "Anolis desiradei", "scientificName": "Ctenonotus desiradei (Lazell, 1964)", "date": "2020-08-26", "basis": "HUMAN_OBSERVATION", "dataset": null, "gbifID": "3491426595"}}, {"type": "Feature", "geometry": {"type": "Point", "coordinates": [-61.09746, 16.29267]}, "properties": {"taxon": "Anolis desiradei", "scientificName": "Ctenonotus desiradei (Lazell, 1964)", "date": "2020-08-10", "basis": "HUMAN_OBSERVATION", "dataset": null, "gbifID": "3848560243"}}, {"type": "Feature", "geometry": {"type": "Point", "coordinates": [-61.06945, 16.31575]}, "properties": {"taxon": "Anolis desiradei", "scientificName": "Anolis marmoratus desiradei Lazell, 1972", "date": "2013", "basis": "HUMAN_OBSERVATION", "dataset": null, "gbifID": "3073443089"}}, {"type": "Feature", "geometry": {"type": "Point", "coordinates": [-61.146377, 16.203932]}, "properties": {"taxon": "Anolis desiradei", "scientificName": "Anolis desiradei Lazell, 1964", "date": "2012-08-20", "basis": "HUMAN_OBSERVATION", "dataset": "iNaturalist research-grade observations", "gbifID": "3760220488"}}, {"type": "Feature", "geometry": {"type": "Point", "coordinates": [-61.041199, 16.360166]}, "properties": {"taxon": "Anolis desiradei", "scientificName": "Anolis desiradei Lazell, 1964", "date": "2012-08-18", "basis": "HUMAN_OBSERVATION", "dataset": "iNaturalist research-grade observations", "gbifID": "3760221424"}}, {"type": "Feature", "geometry": {"type": "Point", "coordinates": [-61.050047, 16.32086]}, "properties": {"taxon": "Anolis desiradei", "scientificName": "Anolis desiradei Lazell, 1964", "date": "2012-09-11", "basis": "HUMAN_OBSERVATION", "dataset": "iNaturalist research-grade observations", "gbifID": "1453085537"}}, {"type": "Feature", "geometry": {"type": "Point", "coordinates": [-61.050047, 16.32086]}, "properties": {"taxon": "Anolis desiradei", "scientificName": "Anolis desiradei Lazell, 1964", "date": "2012-09-13", "basis": "HUMAN_OBSERVATION", "dataset": "iNaturalist research-grade observations", "gbifID": "1453085539"}}, {"type": "Feature", "geometry": {"type": "Point", "coordinates": [-61.050047, 16.32086]}, "properties": {"taxon": "Anolis desiradei", "scientificName": "Anolis desiradei Lazell, 1964", "date": "2012-09-13", "basis": "HUMAN_OBSERVATION", "dataset": "iNaturalist research-grade observations", "gbifID": "1453085541"}}, {"type": "Feature", "geometry": {"type": "Point", "coordinates": [-61.050047, 16.32086]}, "properties": {"taxon": "Anolis desiradei", "scientificName": "Anolis desiradei Lazell, 1964", "date": "2012-09-11", "basis": "HUMAN_OBSERVATION", "dataset": "iNaturalist research-grade observations", "gbifID": "1453085546"}}, {"type": "Feature", "geometry": {"type": "Point", "coordinates": [-61.050047, 16.32086]}, "properties": {"taxon": "Anolis desiradei", "scientificName": "Anolis desiradei Lazell, 1964", "date": "2012-09-12", "basis": "HUMAN_OBSERVATION", "dataset": "iNaturalist research-grade observations", "gbifID": "1453085558"}}, {"type": "Feature", "geometry": {"type": "Point", "coordinates": [-61.050047, 16.32086]}, "properties": {"taxon": "Anolis desiradei", "scientificName": "Anolis desiradei Lazell, 1964", "date": "2012-09-12", "basis": "HUMAN_OBSERVATION", "dataset": "iNaturalist research-grade observations", "gbifID": "1453085560"}}, {"type": "Feature", "geometry": {"type": "Point", "coordinates": [-61.043366, 16.313]}, "properties": {"taxon": "Anolis desiradei", "scientificName": "Anolis desiradei Lazell, 1964", "date": "1992-01-09", "basis": "PRESERVED_SPECIMEN", "dataset": null, "gbifID": "5147067484"}}, {"type": "Feature", "geometry": {"type": "Point", "coordinates": [-61.043366, 16.313]}, "properties": {"taxon": "Anolis desiradei", "scientificName": "Anolis desiradei Lazell, 1964", "date": "1992-01-09", "basis": "PRESERVED_SPECIMEN", "dataset": null, "gbifID": "5147068479"}}, {"type": "Feature", "geometry": {"type": "Point", "coordinates": [-61.043366, 16.313]}, "properties": {"taxon": "Anolis desiradei", "scientificName": "Anolis desiradei Lazell, 1964", "date": "1992-01-09", "basis": "PRESERVED_SPECIMEN", "dataset": null, "gbifID": "5147072489"}}, {"type": "Feature", "geometry": {"type": "Point", "coordinates": [-61.043366, 16.313]}, "properties": {"taxon": "Anolis desiradei", "scientificName": "Anolis desiradei Lazell, 1964", "date": "1992-01-09", "basis": "PRESERVED_SPECIMEN", "dataset": null, "gbifID": "5147186491"}}, {"type": "Feature", "geometry": {"type": "Point", "coordinates": [-61.043366, 16.313]}, "properties": {"taxon": "Anolis desiradei", "scientificName": "Anolis desiradei Lazell, 1964", "date": "1992-01-09", "basis": "PRESERVED_SPECIMEN", "dataset": null, "gbifID": "5147189493"}}, {"type": "Feature", "geometry": {"type": "Point", "coordinates": [-61.043366, 16.313]}, "properties": {"taxon": "Anolis desiradei", "scientificName": "Anolis desiradei Lazell, 1964", "date": "1992-01-09", "basis": "PRESERVED_SPECIMEN", "dataset": null, "gbifID": "5147307480"}}, {"type": "Feature", "geometry": {"type": "Point", "coordinates": [-61.043366, 16.313]}, "properties": {"taxon": "Anolis desiradei", "scientificName": "Anolis desiradei Lazell, 1964", "date": "1992-01-09", "basis": "PRESERVED_SPECIMEN", "dataset": null, "gbifID": "5147307481"}}, {"type": "Feature", "geometry": {"type": "Point", "coordinates": [-61.043366, 16.313]}, "properties": {"taxon": "Anolis desiradei", "scientificName": "Anolis desiradei Lazell, 1964", "date": "1992-01-09", "basis": "PRESERVED_SPECIMEN", "dataset": null, "gbifID": "5147308484"}}, {"type": "Feature", "geometry": {"type": "Point", "coordinates": [-61.043366, 16.313]}, "properties": {"taxon": "Anolis desiradei", "scientificName": "Anolis desiradei Lazell, 1964", "date": "1992-01-09", "basis": "PRESERVED_SPECIMEN", "dataset": null, "gbifID": "5147308485"}}, {"type": "Feature", "geometry": {"type": "Point", "coordinates": [-61.043366, 16.313]}, "properties": {"taxon": "Anolis desiradei", "scientificName": "Anolis desiradei Lazell, 1964", "date": "1992-01-09", "basis": "PRESERVED_SPECIMEN", "dataset": null, "gbifID": "5147426486"}}, {"type": "Feature", "geometry": {"type": "Point", "coordinates": [-61.07375, 16.30413]}, "properties": {"taxon": "Anolis desiradei", "scientificName": "Anolis marmoratus desiradei Lazell, 1972", "date": "1964-01-23", "basis": "PRESERVED_SPECIMEN", "dataset": null, "gbifID": "476502438"}}, {"type": "Feature", "geometry": {"type": "Point", "coordinates": [-61.07375, 16.30413]}, "properties": {"taxon": "Anolis desiradei", "scientificName": "Anolis marmoratus desiradei Lazell, 1972", "date": "1964-01-23", "basis": "PRESERVED_SPECIMEN", "dataset": null, "gbifID": "476721055"}}, {"type": "Feature", "geometry": {"type": "Point", "coordinates": [-61.07375, 16.30413]}, "properties": {"taxon": "Anolis desiradei", "scientificName": "Anolis marmoratus desiradei Lazell, 1972", "date": "1964-01-23", "basis": "PRESERVED_SPECIMEN", "dataset": null, "gbifID": "476721160"}}, {"type": "Feature", "geometry": {"type": "Point", "coordinates": [-61.07375, 16.30413]}, "properties": {"taxon": "Anolis desiradei", "scientificName": "Anolis marmoratus desiradei Lazell, 1972", "date": "1964-01-23", "basis": "PRESERVED_SPECIMEN", "dataset": null, "gbifID": "476721161"}}, {"type": "Feature", "geometry": {"type": "Point", "coordinates": [-61.07375, 16.30413]}, "properties": {"taxon": "Anolis desiradei", "scientificName": "Anolis marmoratus desiradei Lazell, 1972", "date": "1964-01-23", "basis": "PRESERVED_SPECIMEN", "dataset": null, "gbifID": "476721162"}}, {"type": "Feature", "geometry": {"type": "Point", "coordinates": [-61.001, 16.33337]}, "properties": {"taxon": "Anolis desiradei", "scientificName": "Anolis marmoratus desiradei Lazell, 1972", "date": "1964-01-24", "basis": "PRESERVED_SPECIMEN", "dataset": null, "gbifID": "476721163"}}, {"type": "Feature", "geometry": {"type": "Point", "coordinates": [-61.001, 16.33337]}, "properties": {"taxon": "Anolis desiradei", "scientificName": "Anolis marmoratus desiradei Lazell, 1972", "date": "1964-01-24", "basis": "PRESERVED_SPECIMEN", "dataset": null, "gbifID": "476721164"}}, {"type": "Feature", "geometry": {"type": "Point", "coordinates": [-61.0746, 16.30119]}, "properties": {"taxon": "Anolis desiradei", "scientificName": "Anolis marmoratus desiradei Lazell, 1972", "date": "1964-08-18", "basis": "PRESERVED_SPECIMEN", "dataset": null, "gbifID": "476501880"}}, {"type": "Feature", "geometry": {"type": "Point", "coordinates": [-61.0746, 16.30119]}, "properties": {"taxon": "Anolis desiradei", "scientificName": "Anolis marmoratus desiradei Lazell, 1972", "date": "1964-08-18", "basis": "PRESERVED_SPECIMEN", "dataset": null, "gbifID": "476502057"}}, {"type": "Feature", "geometry": {"type": "Point", "coordinates": [-61.0746, 16.30119]}, "properties": {"taxon": "Anolis desiradei", "scientificName": "Anolis marmoratus desiradei Lazell, 1972", "date": "1964-08-18", "basis": "PRESERVED_SPECIMEN", "dataset": null, "gbifID": "476721966"}}, {"type": "Feature", "geometry": {"type": "Point", "coordinates": [-61.0746, 16.30119]}, "properties": {"taxon": "Anolis desiradei", "scientificName": "Anolis marmoratus desiradei Lazell, 1972", "date": "1964-08-18", "basis": "PRESERVED_SPECIMEN", "dataset": null, "gbifID": "476721967"}}, {"type": "Feature", "geometry": {"type": "Point", "coordinates": [-61.0746, 16.30119]}, "properties": {"taxon": "Anolis desiradei", "scientificName": "Anolis marmoratus desiradei Lazell, 1972", "date": "1964-08-18", "basis": "PRESERVED_SPECIMEN", "dataset": null, "gbifID": "476721968"}}, {"type": "Feature", "geometry": {"type": "Point", "coordinates": [-61.0746, 16.30119]}, "properties": {"taxon": "Anolis desiradei", "scientificName": "Anolis marmoratus desiradei Lazell, 1972", "date": "1964-08-18", "basis": "PRESERVED_SPECIMEN", "dataset": null, "gbifID": "476722068"}}, {"type": "Feature", "geometry": {"type": "Point", "coordinates": [-61.0746, 16.30119]}, "properties": {"taxon": "Anolis desiradei", "scientificName": "Anolis marmoratus desiradei Lazell, 1972", "date": "1964-08-18", "basis": "PRESERVED_SPECIMEN", "dataset": null, "gbifID": "476722069"}}, {"type": "Feature", "geometry": {"type": "Point", "coordinates": [-61.0746, 16.30119]}, "properties": {"taxon": "Anolis desiradei", "scientificName": "Anolis marmoratus desiradei Lazell, 1972", "date": "1964-08-18", "basis": "PRESERVED_SPECIMEN", "dataset": null, "gbifID": "476726029"}}, {"type": "Feature", "geometry": {"type": "Point", "coordinates": [-61.0746, 16.30119]}, "properties": {"taxon": "Anolis desiradei", "scientificName": "Anolis marmoratus desiradei Lazell, 1972", "date": "1964-08-18", "basis": "PRESERVED_SPECIMEN", "dataset": null, "gbifID": "476726030"}}, {"type": "Feature", "geometry": {"type": "Point", "coordinates": [-61.0746, 16.30119]}, "properties": {"taxon": "Anolis desiradei", "scientificName": "Anolis marmoratus desiradei Lazell, 1972", "date": "1964-08-18", "basis": "PRESERVED_SPECIMEN", "dataset": null, "gbifID": "476726031"}}, {"type": "Feature", "geometry": {"type": "Point", "coordinates": [-61.07375, 16.30413]}, "properties": {"taxon": "Anolis desiradei", "scientificName": "Anolis desiradei Lazell, 1964", "date": "1961-09-14", "basis": "PRESERVED_SPECIMEN", "dataset": null, "gbifID": "476504021"}}, {"type": "Feature", "geometry": {"type": "Point", "coordinates": [-61.09618, 16.29069]}, "properties": {"taxon": "Anolis desiradei", "scientificName": "Anolis marmoratus desiradei Lazell, 1972", "date": "1961-09-14", "basis": "PRESERVED_SPECIMEN", "dataset": null, "gbifID": "476504022"}}, {"type": "Feature", "geometry": {"type": "Point", "coordinates": [-61.03717, 16.31755]}, "properties": {"taxon": "Anolis desiradei", "scientificName": "Anolis marmoratus desiradei Lazell, 1972", "date": "1961-09-14", "basis": "PRESERVED_SPECIMEN", "dataset": null, "gbifID": "476504023"}}, {"type": "Feature", "geometry": {"type": "Point", "coordinates": [-61.001, 16.33337]}, "properties": {"taxon": "Anolis desiradei", "scientificName": "Anolis desiradei Lazell, 1964", "date": "1961-09-14", "basis": "PRESERVED_SPECIMEN", "dataset": null, "gbifID": "476504024"}}, {"type": "Feature", "geometry": {"type": "Point", "coordinates": [-61.07375, 16.30413]}, "properties": {"taxon": "Anolis desiradei", "scientificName": "Anolis desiradei Lazell, 1964", "date": "1961-09-14", "basis": "PRESERVED_SPECIMEN", "dataset": null, "gbifID": "476736348"}}, {"type": "Feature", "geometry": {"type": "Point", "coordinates": [-61.07375, 16.30413]}, "properties": {"taxon": "Anolis desiradei", "scientificName": "Anolis desiradei Lazell, 1964", "date": "1961-09-14", "basis": "PRESERVED_SPECIMEN", "dataset": null, "gbifID": "476736349"}}, {"type": "Feature", "geometry": {"type": "Point", "coordinates": [-61.07375, 16.30413]}, "properties": {"taxon": "Anolis desiradei", "scientificName": "Anolis desiradei Lazell, 1964", "date": "1961-09-14", "basis": "PRESERVED_SPECIMEN", "dataset": null, "gbifID": "476736350"}}, {"type": "Feature", "geometry": {"type": "Point", "coordinates": [-61.07375, 16.30413]}, "properties": {"taxon": "Anolis desiradei", "scientificName": "Anolis desiradei Lazell, 1964", "date": "1961-09-14", "basis": "PRESERVED_SPECIMEN", "dataset": null, "gbifID": "476736450"}}, {"type": "Feature", "geometry": {"type": "Point", "coordinates": [-61.07375, 16.30413]}, "properties": {"taxon": "Anolis desiradei", "scientificName": "Anolis desiradei Lazell, 1964", "date": "1961-09-14", "basis": "PRESERVED_SPECIMEN", "dataset": null, "gbifID": "476736451"}}, {"type": "Feature", "geometry": {"type": "Point", "coordinates": [-61.07375, 16.30413]}, "properties": {"taxon": "Anolis desiradei", "scientificName": "Anolis desiradei Lazell, 1964", "date": "1961-09-14", "basis": "PRESERVED_SPECIMEN", "dataset": null, "gbifID": "476736452"}}, {"type": "Feature", "geometry": {"type": "Point", "coordinates": [-61.07375, 16.30413]}, "properties": {"taxon": "Anolis desiradei", "scientificName": "Anolis desiradei Lazell, 1964", "date": "1961-09-14", "basis": "PRESERVED_SPECIMEN", "dataset": null, "gbifID": "476736453"}}, {"type": "Feature", "geometry": {"type": "Point", "coordinates": [-61.09618, 16.29069]}, "properties": {"taxon": "Anolis desiradei", "scientificName": "Anolis marmoratus desiradei Lazell, 1972", "date": "1961-09-14", "basis": "PRESERVED_SPECIMEN", "dataset": null, "gbifID": "476736454"}}, {"type": "Feature", "geometry": {"type": "Point", "coordinates": [-61.09618, 16.29069]}, "properties": {"taxon": "Anolis desiradei", "scientificName": "Anolis marmoratus desiradei Lazell, 1972", "date": "1961-09-14", "basis": "PRESERVED_SPECIMEN", "dataset": null, "gbifID": "476736455"}}, {"type": "Feature", "geometry": {"type": "Point", "coordinates": [-61.09618, 16.29069]}, "properties": {"taxon": "Anolis desiradei", "scientificName": "Anolis marmoratus desiradei Lazell, 1972", "date": "1961-09-14", "basis": "PRESERVED_SPECIMEN", "dataset": null, "gbifID": "476736555"}}, {"type": "Feature", "geometry": {"type": "Point", "coordinates": [-61.09618, 16.29069]}, "properties": {"taxon": "Anolis desiradei", "scientificName": "Anolis marmoratus desiradei Lazell, 1972", "date": "1961-09-14", "basis": "PRESERVED_SPECIMEN", "dataset": null, "gbifID": "476736556"}}, {"type": "Feature", "geometry": {"type": "Point", "coordinates": [-61.09618, 16.29069]}, "properties": {"taxon": "Anolis desiradei", "scientificName": "Anolis marmoratus desiradei Lazell, 1972", "date": "1961-09-14", "basis": "PRESERVED_SPECIMEN", "dataset": null, "gbifID": "476736557"}}, {"type": "Feature", "geometry": {"type": "Point", "coordinates": [-61.09618, 16.29069]}, "properties": {"taxon": "Anolis desiradei", "scientificName": "Anolis marmoratus desiradei Lazell, 1972", "date": "1961-09-14", "basis": "PRESERVED_SPECIMEN", "dataset": null, "gbifID": "476736558"}}, {"type": "Feature", "geometry": {"type": "Point", "coordinates": [-61.03717, 16.31755]}, "properties": {"taxon": "Anolis desiradei", "scientificName": "Anolis marmoratus desiradei Lazell, 1972", "date": "1961-09-14", "basis": "PRESERVED_SPECIMEN", "dataset": null, "gbifID": "476736559"}}, {"type": "Feature", "geometry": {"type": "Point", "coordinates": [-61.03717, 16.31755]}, "properties": {"taxon": "Anolis desiradei", "scientificName": "Anolis marmoratus desiradei Lazell, 1972", "date": "1961-09-14", "basis": "PRESERVED_SPECIMEN", "dataset": null, "gbifID": "476736560"}}, {"type": "Feature", "geometry": {"type": "Point", "coordinates": [-61.03717, 16.31755]}, "properties": {"taxon": "Anolis desiradei", "scientificName": "Anolis marmoratus desiradei Lazell, 1972", "date": "1961-09-14", "basis": "PRESERVED_SPECIMEN", "dataset": null, "gbifID": "476736658"}}, {"type": "Feature", "geometry": {"type": "Point", "coordinates": [-61.03717, 16.31755]}, "properties": {"taxon": "Anolis desiradei", "scientificName": "Anolis marmoratus desiradei Lazell, 1972", "date": "1961-09-14", "basis": "PRESERVED_SPECIMEN", "dataset": null, "gbifID": "476736659"}}, {"type": "Feature", "geometry": {"type": "Point", "coordinates": [-61.03717, 16.31755]}, "properties": {"taxon": "Anolis desiradei", "scientificName": "Anolis marmoratus desiradei Lazell, 1972", "date": "1961-09-14", "basis": "PRESERVED_SPECIMEN", "dataset": null, "gbifID": "476736660"}}, {"type": "Feature", "geometry": {"type": "Point", "coordinates": [-61.03717, 16.31755]}, "properties": {"taxon": "Anolis desiradei", "scientificName": "Anolis marmoratus desiradei Lazell, 1972", "date": "1961-09-14", "basis": "PRESERVED_SPECIMEN", "dataset": null, "gbifID": "476736661"}}, {"type": "Feature", "geometry": {"type": "Point", "coordinates": [-61.03717, 16.31755]}, "properties": {"taxon": "Anolis desiradei", "scientificName": "Anolis marmoratus desiradei Lazell, 1972", "date": "1961-09-14", "basis": "PRESERVED_SPECIMEN", "dataset": null, "gbifID": "476736662"}}, {"type": "Feature", "geometry": {"type": "Point", "coordinates": [-61.03717, 16.31755]}, "properties": {"taxon": "Anolis desiradei", "scientificName": "Anolis marmoratus desiradei Lazell, 1972", "date": "1961-09-14", "basis": "PRESERVED_SPECIMEN", "dataset": null, "gbifID": "476736663"}}, {"type": "Feature", "geometry": {"type": "Point", "coordinates": [-61.03717, 16.31755]}, "properties": {"taxon": "Anolis desiradei", "scientificName": "Anolis marmoratus desiradei Lazell, 1972", "date": "1961-09-14", "basis": "PRESERVED_SPECIMEN", "dataset": null, "gbifID": "476736763"}}, {"type": "Feature", "geometry": {"type": "Point", "coordinates": [-61.001, 16.33337]}, "properties": {"taxon": "Anolis desiradei", "scientificName": "Anolis desiradei Lazell, 1964", "date": "1961-09-14", "basis": "PRESERVED_SPECIMEN", "dataset": null, "gbifID": "476736764"}}, {"type": "Feature", "geometry": {"type": "Point", "coordinates": [-61.001, 16.33337]}, "properties": {"taxon": "Anolis desiradei", "scientificName": "Anolis desiradei Lazell, 1964", "date": "1961-09-14", "basis": "PRESERVED_SPECIMEN", "dataset": null, "gbifID": "476736765"}}, {"type": "Feature", "geometry": {"type": "Point", "coordinates": [-61.001, 16.33337]}, "properties": {"taxon": "Anolis desiradei", "scientificName": "Anolis desiradei Lazell, 1964", "date": "1961-09-14", "basis": "PRESERVED_SPECIMEN", "dataset": null, "gbifID": "476736766"}}, {"type": "Feature", "geometry": {"type": "Point", "coordinates": [-61.001, 16.33337]}, "properties": {"taxon": "Anolis desiradei", "scientificName": "Anolis desiradei Lazell, 1964", "date": "1961-09-14", "basis": "PRESERVED_SPECIMEN", "dataset": null, "gbifID": "476736767"}}, {"type": "Feature", "geometry": {"type": "Point", "coordinates": [-61.001, 16.33337]}, "properties": {"taxon": "Anolis desiradei", "scientificName": "Anolis desiradei Lazell, 1964", "date": "1961-09-14", "basis": "PRESERVED_SPECIMEN", "dataset": null, "gbifID": "476736768"}}, {"type": "Feature", "geometry": {"type": "Point", "coordinates": [-61.001, 16.33337]}, "properties": {"taxon": "Anolis desiradei", "scientificName": "Anolis desiradei Lazell, 1964", "date": "1961-09-14", "basis": "PRESERVED_SPECIMEN", "dataset": null, "gbifID": "476736871"}}, {"type": "Feature", "geometry": {"type": "Point", "coordinates": [-61.001, 16.33337]}, "properties": {"taxon": "Anolis desiradei", "scientificName": "Anolis desiradei Lazell, 1964", "date": "1961-09-14", "basis": "PRESERVED_SPECIMEN", "dataset": null, "gbifID": "476736872"}}, {"type": "Feature", "geometry": {"type": "Point", "coordinates": [-61.001, 16.33337]}, "properties": {"taxon": "Anolis desiradei", "scientificName": "Anolis desiradei Lazell, 1964", "date": "1961-09-14", "basis": "PRESERVED_SPECIMEN", "dataset": null, "gbifID": "476736873"}}, {"type": "Feature", "geometry": {"type": "Point", "coordinates": [-61.001, 16.33337]}, "properties": {"taxon": "Anolis desiradei", "scientificName": "Anolis desiradei Lazell, 1964", "date": "1961-09-14", "basis": "PRESERVED_SPECIMEN", "dataset": null, "gbifID": "476736874"}}, {"type": "Feature", "geometry": {"type": "Point", "coordinates": [-61.07375, 16.30413]}, "properties": {"taxon": "Anolis desiradei", "scientificName": "Anolis desiradei Lazell, 1964", "date": "1961-09-14", "basis": "PRESERVED_SPECIMEN", "dataset": null, "gbifID": "476788897"}}, {"type": "Feature", "geometry": {"type": "Point", "coordinates": [-61.09618, 16.29069]}, "properties": {"taxon": "Anolis desiradei", "scientificName": "Anolis marmoratus desiradei Lazell, 1972", "date": "1961-09-14", "basis": "PRESERVED_SPECIMEN", "dataset": null, "gbifID": "476788898"}}, {"type": "Feature", "geometry": {"type": "Point", "coordinates": [-61.09618, 16.29069]}, "properties": {"taxon": "Anolis desiradei", "scientificName": "Anolis marmoratus desiradei Lazell, 1972", "date": "1961-09-14", "basis": "PRESERVED_SPECIMEN", "dataset": null, "gbifID": "476788899"}}, {"type": "Feature", "geometry": {"type": "Point", "coordinates": [-61.03717, 16.31755]}, "properties": {"taxon": "Anolis desiradei", "scientificName": "Anolis marmoratus desiradei Lazell, 1972", "date": "1961-09-14", "basis": "PRESERVED_SPECIMEN", "dataset": null, "gbifID": "476788900"}}, {"type": "Feature", "geometry": {"type": "Point", "coordinates": [-61.001, 16.33337]}, "properties": {"taxon": "Anolis desiradei", "scientificName": "Anolis desiradei Lazell, 1964", "date": "1961-09-14", "basis": "PRESERVED_SPECIMEN", "dataset": null, "gbifID": "476788901"}}, {"type": "Feature", "geometry": {"type": "Point", "coordinates": [-61.07375, 16.30413]}, "properties": {"taxon": "Anolis desiradei", "scientificName": "Anolis desiradei Lazell, 1964", "date": "1961-09-14", "basis": "PRESERVED_SPECIMEN", "dataset": null, "gbifID": "476795078"}}, {"type": "Feature", "geometry": {"type": "Point", "coordinates": [-61.09618, 16.29069]}, "properties": {"taxon": "Anolis desiradei", "scientificName": "Anolis marmoratus desiradei Lazell, 1972", "date": "1961-09-14", "basis": "PRESERVED_SPECIMEN", "dataset": null, "gbifID": "476795079"}}, {"type": "Feature", "geometry": {"type": "Point", "coordinates": [-61.03717, 16.31755]}, "properties": {"taxon": "Anolis desiradei", "scientificName": "Anolis marmoratus desiradei Lazell, 1972", "date": "1961-09-14", "basis": "PRESERVED_SPECIMEN", "dataset": null, "gbifID": "476795080"}}, {"type": "Feature", "geometry": {"type": "Point", "coordinates": [-61.03717, 16.31755]}, "properties": {"taxon": "Anolis desiradei", "scientificName": "Anolis marmoratus desiradei Lazell, 1972", "date": "1961-09-14", "basis": "PRESERVED_SPECIMEN", "dataset": null, "gbifID": "476795081"}}, {"type": "Feature", "geometry": {"type": "Point", "coordinates": [-61.001, 16.33337]}, "properties": {"taxon": "Anolis desiradei", "scientificName": "Anolis desiradei Lazell, 1964", "date": "1961-09-14", "basis": "PRESERVED_SPECIMEN", "dataset": null, "gbifID": "476795082"}}, {"type": "Feature", "geometry": {"type": "Point", "coordinates": [-61.036894, 16.317653]}, "properties": {"taxon": "Anolis desiradei", "scientificName": "Anolis marmoratus desiradei Lazell, 1972", "date": "1961-09-14", "basis": "PRESERVED_SPECIMEN", "dataset": null, "gbifID": "543441664"}}, {"type": "Feature", "geometry": {"type": "Point", "coordinates": [-61.05747, 16.32436]}, "properties": {"taxon": "Anolis desiradei", "scientificName": "Anolis marmoratus desiradei Lazell, 1972", "date": "1960-06-01", "basis": "PRESERVED_SPECIMEN", "dataset": null, "gbifID": "476502162"}}, {"type": "Feature", "geometry": {"type": "Point", "coordinates": [-61.07423, 16.31303]}, "properties": {"taxon": "Anolis desiradei", "scientificName": "Anolis desiradei Lazell, 1964", "date": "1960-06-01", "basis": "PRESERVED_SPECIMEN", "dataset": null, "gbifID": "476717629"}}, {"type": "Feature", "geometry": {"type": "Point", "coordinates": [-61.07423, 16.31303]}, "properties": {"taxon": "Anolis desiradei", "scientificName": "Anolis desiradei Lazell, 1964", "date": "1960-06-01", "basis": "PRESERVED_SPECIMEN", "dataset": null, "gbifID": "476717630"}}, {"type": "Feature", "geometry": {"type": "Point", "coordinates": [-61.07423, 16.31303]}, "properties": {"taxon": "Anolis desiradei", "scientificName": "Anolis desiradei Lazell, 1964", "date": "1960-06-01", "basis": "PRESERVED_SPECIMEN", "dataset": null, "gbifID": "476717631"}}, {"type": "Feature", "geometry": {"type": "Point", "coordinates": [-61.07423, 16.31303]}, "properties": {"taxon": "Anolis desiradei", "scientificName": "Anolis marmoratus desiradei Lazell, 1972", "date": "1960-06-01", "basis": "PRESERVED_SPECIMEN", "dataset": null, "gbifID": "476723329"}}, {"type": "Feature", "geometry": {"type": "Point", "coordinates": [-61.07423, 16.31303]}, "properties": {"taxon": "Anolis desiradei", "scientificName": "Anolis desiradei Lazell, 1964", "date": "1960-06-01", "basis": "PRESERVED_SPECIMEN", "dataset": null, "gbifID": "476723330"}}, {"type": "Feature", "geometry": {"type": "Point", "coordinates": [-61.07423, 16.31303]}, "properties": {"taxon": "Anolis desiradei", "scientificName": "Anolis desiradei Lazell, 1964", "date": "1960-06-01", "basis": "PRESERVED_SPECIMEN", "dataset": null, "gbifID": "476723331"}}, {"type": "Feature", "geometry": {"type": "Point", "coordinates": [-61.05747, 16.32436]}, "properties": {"taxon": "Anolis desiradei", "scientificName": "Anolis marmoratus desiradei Lazell, 1972", "date": "1960-06-01", "basis": "PRESERVED_SPECIMEN", "dataset": null, "gbifID": "476795364"}}, {"type": "Feature", "geometry": {"type": "Point", "coordinates": [-61.054025, 16.315397]}, "properties": {"taxon": "Anolis desiradei", "scientificName": "Anolis marmoratus desiradei Lazell, 1972", "date": "1886-03", "basis": "PRESERVED_SPECIMEN", "dataset": null, "gbifID": "543625079"}}, {"type": "Feature", "geometry": {"type": "Point", "coordinates": [-61.054025, 16.315397]}, "properties": {"taxon": "Anolis desiradei", "scientificName": "Anolis marmoratus desiradei Lazell, 1972", "date": "1886-03", "basis": "PRESERVED_SPECIMEN", "dataset": null, "gbifID": "543625080"}}, {"type": "Feature", "geometry": {"type": "Point", "coordinates": [-61.054025, 16.315397]}, "properties": {"taxon": "Anolis desiradei", "scientificName": "Anolis marmoratus desiradei Lazell, 1972", "date": "1886-03", "basis": "PRESERVED_SPECIMEN", "dataset": null, "gbifID": "543625081"}}, {"type": "Feature", "geometry": {"type": "Point", "coordinates": [-61.054025, 16.315397]}, "properties": {"taxon": "Anolis desiradei", "scientificName": "Anolis marmoratus desiradei Lazell, 1972", "date": "1886-03", "basis": "PRESERVED_SPECIMEN", "dataset": null, "gbifID": "543625082"}}, {"type": "Feature", "geometry": {"type": "Point", "coordinates": [-61.05154, 16.31969]}, "properties": {"taxon": "Anolis desiradei", "scientificName": "Anolis desiradei Lazell, 1964", "date": null, "basis": "PRESERVED_SPECIMEN", "dataset": null, "gbifID": "476498786"}}, {"type": "Feature", "geometry": {"type": "Point", "coordinates": [-61.05154, 16.31969]}, "properties": {"taxon": "Anolis desiradei", "scientificName": "Anolis marmoratus desiradei Lazell, 1972", "date": null, "basis": "PRESERVED_SPECIMEN", "dataset": null, "gbifID": "476508293"}}, {"type": "Feature", "geometry": {"type": "Point", "coordinates": [-61.05154, 16.31969]}, "properties": {"taxon": "Anolis desiradei", "scientificName": "Anolis marmoratus desiradei Lazell, 1972", "date": null, "basis": "PRESERVED_SPECIMEN", "dataset": null, "gbifID": "476508294"}}, {"type": "Feature", "geometry": {"type": "Point", "coordinates": [-61.05154, 16.31969]}, "properties": {"taxon": "Anolis desiradei", "scientificName": "Anolis marmoratus desiradei Lazell, 1972", "date": null, "basis": "PRESERVED_SPECIMEN", "dataset": null, "gbifID": "476508295"}}, {"type": "Feature", "geometry": {"type": "Point", "coordinates": [-61.05154, 16.31969]}, "properties": {"taxon": "Anolis desiradei", "scientificName": "Anolis desiradei Lazell, 1964", "date": null, "basis": "PRESERVED_SPECIMEN", "dataset": null, "gbifID": "476703701"}}, {"type": "Feature", "geometry": {"type": "Point", "coordinates": [-61.05154, 16.31969]}, "properties": {"taxon": "Anolis desiradei", "scientificName": "Anolis desiradei Lazell, 1964", "date": null, "basis": "PRESERVED_SPECIMEN", "dataset": null, "gbifID": "476703702"}}, {"type": "Feature", "geometry": {"type": "Point", "coordinates": [-61.05154, 16.31969]}, "properties": {"taxon": "Anolis desiradei", "scientificName": "Anolis desiradei Lazell, 1964", "date": null, "basis": "PRESERVED_SPECIMEN", "dataset": null, "gbifID": "476703703"}}, {"type": "Feature", "geometry": {"type": "Point", "coordinates": [-61.05154, 16.31969]}, "properties": {"taxon": "Anolis desiradei", "scientificName": "Anolis desiradei Lazell, 1964", "date": null, "basis": "PRESERVED_SPECIMEN", "dataset": null, "gbifID": "476703704"}}, {"type": "Feature", "geometry": {"type": "Point", "coordinates": [-61.05154, 16.31969]}, "properties": {"taxon": "Anolis desiradei", "scientificName": "Anolis desiradei Lazell, 1964", "date": null, "basis": "PRESERVED_SPECIMEN", "dataset": null, "gbifID": "476703705"}}, {"type": "Feature", "geometry": {"type": "Point", "coordinates": [-61.05154, 16.31969]}, "properties": {"taxon": "Anolis desiradei", "scientificName": "Anolis desiradei Lazell, 1964", "date": null, "basis": "PRESERVED_SPECIMEN", "dataset": null, "gbifID": "476703808"}}, {"type": "Feature", "geometry": {"type": "Point", "coordinates": [-61.05154, 16.31969]}, "properties": {"taxon": "Anolis desiradei", "scientificName": "Anolis desiradei Lazell, 1964", "date": null, "basis": "PRESERVED_SPECIMEN", "dataset": null, "gbifID": "476703809"}}, {"type": "Feature", "geometry": {"type": "Point", "coordinates": [-61.05154, 16.31969]}, "properties": {"taxon": "Anolis desiradei", "scientificName": "Anolis desiradei Lazell, 1964", "date": null, "basis": "PRESERVED_SPECIMEN", "dataset": null, "gbifID": "476703810"}}, {"type": "Feature", "geometry": {"type": "Point", "coordinates": [-61.05154, 16.31969]}, "properties": {"taxon": "Anolis desiradei", "scientificName": "Anolis desiradei Lazell, 1964", "date": null, "basis": "PRESERVED_SPECIMEN", "dataset": null, "gbifID": "476703811"}}, {"type": "Feature", "geometry": {"type": "Point", "coordinates": [-61.05154, 16.31969]}, "properties": {"taxon": "Anolis desiradei", "scientificName": "Anolis marmoratus desiradei Lazell, 1972", "date": null, "basis": "PRESERVED_SPECIMEN", "dataset": null, "gbifID": "476771844"}}, {"type": "Feature", "geometry": {"type": "Point", "coordinates": [-61.05154, 16.31969]}, "properties": {"taxon": "Anolis desiradei", "scientificName": "Anolis marmoratus desiradei Lazell, 1972", "date": null, "basis": "PRESERVED_SPECIMEN", "dataset": null, "gbifID": "476771845"}}, {"type": "Feature", "geometry": {"type": "Point", "coordinates": [-61.05154, 16.31969]}, "properties": {"taxon": "Anolis desiradei", "scientificName": "Anolis marmoratus desiradei Lazell, 1972", "date": null, "basis": "PRESERVED_SPECIMEN", "dataset": null, "gbifID": "476771943"}}, {"type": "Feature", "geometry": {"type": "Point", "coordinates": [-61.05154, 16.31969]}, "properties": {"taxon": "Anolis desiradei", "scientificName": "Anolis marmoratus desiradei Lazell, 1972", "date": null, "basis": "PRESERVED_SPECIMEN", "dataset": null, "gbifID": "476771944"}}, {"type": "Feature", "geometry": {"type": "Point", "coordinates": [-61.05154, 16.31969]}, "properties": {"taxon": "Anolis desiradei", "scientificName": "Anolis marmoratus desiradei Lazell, 1972", "date": null, "basis": "PRESERVED_SPECIMEN", "dataset": null, "gbifID": "476771945"}}, {"type": "Feature", "geometry": {"type": "Point", "coordinates": [-61.05154, 16.31969]}, "properties": {"taxon": "Anolis desiradei", "scientificName": "Anolis marmoratus desiradei Lazell, 1972", "date": null, "basis": "PRESERVED_SPECIMEN", "dataset": null, "gbifID": "476771946"}}, {"type": "Feature", "geometry": {"type": "Point", "coordinates": [-61.05154, 16.31969]}, "properties": {"taxon": "Anolis desiradei", "scientificName": "Anolis marmoratus desiradei Lazell, 1972", "date": null, "basis": "PRESERVED_SPECIMEN", "dataset": null, "gbifID": "476771947"}}, {"type": "Feature", "geometry": {"type": "Point", "coordinates": [-61.05154, 16.31969]}, "properties": {"taxon": "Anolis desiradei", "scientificName": "Anolis marmoratus desiradei Lazell, 1972", "date": null, "basis": "PRESERVED_SPECIMEN", "dataset": null, "gbifID": "476771948"}}, {"type": "Feature", "geometry": {"type": "Point", "coordinates": [-61.05154, 16.31969]}, "properties": {"taxon": "Anolis desiradei", "scientificName": "Anolis marmoratus desiradei Lazell, 1972", "date": null, "basis": "PRESERVED_SPECIMEN", "dataset": null, "gbifID": "476771949"}}, {"type": "Feature", "geometry": {"type": "Point", "coordinates": [-61.05154, 16.31969]}, "properties": {"taxon": "Anolis desiradei", "scientificName": "Anolis marmoratus desiradei Lazell, 1972", "date": null, "basis": "PRESERVED_SPECIMEN", "dataset": null, "gbifID": "476771950"}}, {"type": "Feature", "geometry": {"type": "Point", "coordinates": [-61.05154, 16.31969]}, "properties": {"taxon": "Anolis desiradei", "scientificName": "Anolis marmoratus desiradei Lazell, 1972", "date": null, "basis": "PRESERVED_SPECIMEN", "dataset": null, "gbifID": "476772047"}}, {"type": "Feature", "geometry": {"type": "Point", "coordinates": [-61.05154, 16.31969]}, "properties": {"taxon": "Anolis desiradei", "scientificName": "Anolis marmoratus desiradei Lazell, 1972", "date": null, "basis": "PRESERVED_SPECIMEN", "dataset": null, "gbifID": "476772048"}}, {"type": "Feature", "geometry": {"type": "Point", "coordinates": [-61.05154, 16.31969]}, "properties": {"taxon": "Anolis desiradei", "scientificName": "Anolis marmoratus desiradei Lazell, 1972", "date": null, "basis": "PRESERVED_SPECIMEN", "dataset": null, "gbifID": "476772049"}}, {"type": "Feature", "geometry": {"type": "Point", "coordinates": [-61.05154, 16.31969]}, "properties": {"taxon": "Anolis desiradei", "scientificName": "Anolis desiradei Lazell, 1964", "date": null, "basis": "PRESERVED_SPECIMEN", "dataset": null, "gbifID": "476789010"}}, {"type": "Feature", "geometry": {"type": "Point", "coordinates": [-61.05154, 16.31969]}, "properties": {"taxon": "Anolis desiradei", "scientificName": "Anolis desiradei Lazell, 1964", "date": null, "basis": "PRESERVED_SPECIMEN", "dataset": null, "gbifID": "476789752"}}, {"type": "Feature", "geometry": {"type": "Point", "coordinates": [-61.53977, 16.19759]}, "properties": {"taxon": "Anolis desiradei", "scientificName": "Ctenonotus marmoratus desiradei (Lazell, 1964)", "date": null, "basis": "HUMAN_OBSERVATION", "dataset": null, "gbifID": "3846938889"}}, {"type": "Feature", "geometry": {"type": "Point", "coordinates": [-61.53977, 16.19759]}, "properties": {"taxon": "Anolis desiradei", "scientificName": "Ctenonotus marmoratus desiradei (Lazell, 1964)", "date": null, "basis": "HUMAN_OBSERVATION", "dataset": null, "gbifID": "3935114099"}}, {"type": "Feature", "geometry": {"type": "Point", "coordinates": [-61.5398, 16.19761]}, "properties": {"taxon": "Anolis desiradei", "scientificName": "Ctenonotus marmoratus desiradei (Lazell, 1964)", "date": null, "basis": "HUMAN_OBSERVATION", "dataset": null, "gbifID": "4548615081"}}]}